"result_id","analysis_id","n_persons","person_days","n_events","incidence_start_date","incidence_end_date","person_years","incidence_100000_pys","incidence_100000_pys_95CI_lower","incidence_100000_pys_95CI_upper","cohort_obscured","result_obscured","outcome_cohort_id","outcome_cohort_name","analysis_repeated_events","analysis_interval","analysis_complete_database_intervals","denominator_cohort_id","analysis_outcome_washout","analysis_min_cell_count","denominator_age_group","denominator_sex","denominator_days_prior_history","denominator_start_date","denominator_end_date","denominator_strata_cohort_definition_id","denominator_strata_cohort_name","database_name"
1,"1",1830306,2563682232,NA,2000-01-01,2019-12-31,7018979.41683778,NA,NA,NA,"FALSE","TRUE",1,"HeadNeckSubtypeCancerHypopharynx",FALSE,"overall",TRUE,5,NA,5,"18;29","Female",365,2000-01-01,2019-12-31,NA,NA,"CPRDGold"
1,"10",557081,879776985,24,2000-01-01,2019-12-31,2408698.11088296,0.996388874619174,0.638405152775647,1.48254766474919,"FALSE","FALSE",1,"HeadNeckSubtypeCancerHypopharynx",FALSE,"overall",TRUE,23,NA,5,"80;89","Female",365,2000-01-01,2019-12-31,NA,NA,"CPRDGold"
1,"100",10384949,28339896624,324,2000-01-01,2019-12-31,77590408.2792608,0.417577387702189,0.373341428083137,0.465613175087333,"FALSE","FALSE",4,"HeadNeckSubtypeCancerNasopharynx",FALSE,"overall",TRUE,3,NA,5,"18;150","Both",365,2000-01-01,2019-12-31,NA,NA,"CPRDGold"
1,"101",1029283,1938659254,19,2000-01-01,2019-12-31,5307759.76454483,0.357966465003138,0.215519195890881,0.559008977191906,"FALSE","FALSE",4,"HeadNeckSubtypeCancerNasopharynx",FALSE,"overall",TRUE,17,NA,5,"60;69","Female",365,2000-01-01,2019-12-31,NA,NA,"CPRDGold"
1,"102",365529,553625986,16,2000-01-01,2019-12-31,1515745.34154689,1.05558628889938,0.60335877030031,1.71420600053068,"FALSE","FALSE",4,"HeadNeckSubtypeCancerNasopharynx",FALSE,"overall",TRUE,22,NA,5,"80;89","Male",365,2000-01-01,2019-12-31,NA,NA,"CPRDGold"
1,"103",804636,1453936434,18,2000-01-01,2019-12-31,3980661.01026694,0.452186206099296,0.267994203798935,0.714649154855321,"FALSE","FALSE",4,"HeadNeckSubtypeCancerNasopharynx",FALSE,"overall",TRUE,20,NA,5,"70;79","Female",365,2000-01-01,2019-12-31,NA,NA,"CPRDGold"
1,"104",1319421,2395336815,71,2000-01-01,2019-12-31,6558074.78439425,1.08263480265509,0.845546762998997,1.36559649060746,"FALSE","FALSE",4,"HeadNeckSubtypeCancerNasopharynx",FALSE,"overall",TRUE,13,NA,5,"50;59","Male",365,2000-01-01,2019-12-31,NA,NA,"CPRDGold"
1,"105",1516189,2671945198,24,2000-01-01,2019-12-31,7315387.26351814,0.328075591017417,0.21020422160523,0.48815047389001,"FALSE","FALSE",4,"HeadNeckSubtypeCancerNasopharynx",FALSE,"overall",TRUE,10,NA,5,"40;49","Male",365,2000-01-01,2019-12-31,NA,NA,"CPRDGold"
1,"106",3306765,4883221968,16,2000-01-01,2019-12-31,13369533.1088296,0.119675084161564,0.0684046509268277,0.194344839016114,"FALSE","FALSE",4,"HeadNeckSubtypeCancerNasopharynx",FALSE,"overall",TRUE,9,NA,5,"30;39","Both",365,2000-01-01,2019-12-31,NA,NA,"CPRDGold"
1,"107",1672801,2466019751,9,2000-01-01,2019-12-31,6751594.11635866,0.133301852049927,0.0609540950841085,0.253048437998129,"FALSE","FALSE",4,"HeadNeckSubtypeCancerNasopharynx",FALSE,"overall",TRUE,7,NA,5,"30;39","Male",365,2000-01-01,2019-12-31,NA,NA,"CPRDGold"
1,"108",5053958,13938290608,222,2000-01-01,2019-12-31,38160959.9123888,0.581746372496067,0.507732434850399,0.663515400126679,"FALSE","FALSE",4,"HeadNeckSubtypeCancerNasopharynx",FALSE,"overall",TRUE,1,NA,5,"18;150","Male",365,2000-01-01,2019-12-31,NA,NA,"CPRDGold"
1,"109",1830297,2563655323,12,2000-01-01,2019-12-31,7018905.74401095,0.170966820721867,0.088341051082115,0.298644629414819,"FALSE","FALSE",5,"HeadNeckSubtypeCancerOralCavityIncidence",FALSE,"overall",TRUE,5,NA,5,"18;29","Female",365,2000-01-01,2019-12-31,NA,NA,"CPRDGold"
1,"11",922566,1433323697,82,2000-01-01,2019-12-31,3924226.41204654,2.08958381576245,1.66190802008013,2.59372448092225,"FALSE","FALSE",1,"HeadNeckSubtypeCancerHypopharynx",FALSE,"overall",TRUE,24,NA,5,"80;89","Both",365,2000-01-01,2019-12-31,NA,NA,"CPRDGold"
1,"110",2051384,3829031442,490,2000-01-01,2019-12-31,10483316.7474333,4.67409324553674,4.26934659753563,5.10686808813294,"FALSE","FALSE",5,"HeadNeckSubtypeCancerOralCavityIncidence",FALSE,"overall",TRUE,18,NA,5,"60;69","Both",365,2000-01-01,2019-12-31,NA,NA,"CPRDGold"
1,"111",5330881,14400274063,731,2000-01-01,2019-12-31,39425801.6783025,1.85411575385237,1.72212566443018,1.99353843150623,"FALSE","FALSE",5,"HeadNeckSubtypeCancerOralCavityIncidence",FALSE,"overall",TRUE,2,NA,5,"18;150","Female",365,2000-01-01,2019-12-31,NA,NA,"CPRDGold"
1,"112",1022190,1890695841,310,2000-01-01,2019-12-31,5176443.09650924,5.98866816886387,5.34050044370791,6.69381511277667,"FALSE","FALSE",5,"HeadNeckSubtypeCancerOralCavityIncidence",FALSE,"overall",TRUE,16,NA,5,"60;69","Male",365,2000-01-01,2019-12-31,NA,NA,"CPRDGold"
1,"113",2591689,4737144829,356,2000-01-01,2019-12-31,12969595.6988364,2.74488124585055,2.46712041927975,3.04535549225238,"FALSE","FALSE",5,"HeadNeckSubtypeCancerOralCavityIncidence",FALSE,"overall",TRUE,15,NA,5,"50;59","Both",365,2000-01-01,2019-12-31,NA,NA,"CPRDGold"
1,"114",3490113,5195815309,23,2000-01-01,2019-12-31,14225367.0335387,0.161682998728776,0.102493151865044,0.242603883706247,"FALSE","FALSE",5,"HeadNeckSubtypeCancerOralCavityIncidence",FALSE,"overall",TRUE,6,NA,5,"18;29","Both",365,2000-01-01,2019-12-31,NA,NA,"CPRDGold"
1,"115",204856,226878223,30,2000-01-01,2019-12-31,621158.721423682,4.82968345533983,3.25856714609581,6.89467344137895,"FALSE","FALSE",5,"HeadNeckSubtypeCancerOralCavityIncidence",FALSE,"overall",TRUE,26,NA,5,"90;150","Female",365,2000-01-01,2019-12-31,NA,NA,"CPRDGold"
1,"116",2931062,5250798456,161,2000-01-01,2019-12-31,14375902.6858316,1.11992967341575,0.953617401351397,1.3069058043552,"FALSE","FALSE",5,"HeadNeckSubtypeCancerOralCavityIncidence",FALSE,"overall",TRUE,12,NA,5,"40;49","Both",365,2000-01-01,2019-12-31,NA,NA,"CPRDGold"
1,"117",288472,311774936,42,2000-01-01,2019-12-31,853593.25393566,4.9203762806642,3.54617443295297,6.65091933619825,"FALSE","FALSE",5,"HeadNeckSubtypeCancerOralCavityIncidence",FALSE,"overall",TRUE,27,NA,5,"90;150","Both",365,2000-01-01,2019-12-31,NA,NA,"CPRDGold"
1,"118",556987,879549592,128,2000-01-01,2019-12-31,2408075.54277892,5.31544786391078,4.43455082267774,6.32008488576085,"FALSE","FALSE",5,"HeadNeckSubtypeCancerOralCavityIncidence",FALSE,"overall",TRUE,23,NA,5,"80;89","Female",365,2000-01-01,2019-12-31,NA,NA,"CPRDGold"
1,"119",922409,1432949806,245,2000-01-01,2019-12-31,3923202.75427789,6.24489773649476,5.48734226556083,7.07780790523645,"FALSE","FALSE",5,"HeadNeckSubtypeCancerOralCavityIncidence",FALSE,"overall",TRUE,24,NA,5,"80;89","Both",365,2000-01-01,2019-12-31,NA,NA,"CPRDGold"
1,"12",1414928,2579098733,6,2000-01-01,2019-12-31,7061187.49623546,0.0849715434294698,0.0311830588645996,0.18494727734508,"FALSE","FALSE",1,"HeadNeckSubtypeCancerHypopharynx",FALSE,"overall",TRUE,11,NA,5,"40;49","Female",365,2000-01-01,2019-12-31,NA,NA,"CPRDGold"
1,"120",1414900,2578971177,64,2000-01-01,2019-12-31,7060838.26694045,0.906407958664828,0.698044576052759,1.15746272778314,"FALSE","FALSE",5,"HeadNeckSubtypeCancerOralCavityIncidence",FALSE,"overall",TRUE,11,NA,5,"40;49","Female",365,2000-01-01,2019-12-31,NA,NA,"CPRDGold"
1,"121",1633959,2417186034,20,2000-01-01,2019-12-31,6617894.68583162,0.302210913733916,0.18459827732766,0.466740245486289,"FALSE","FALSE",5,"HeadNeckSubtypeCancerOralCavityIncidence",FALSE,"overall",TRUE,8,NA,5,"30;39","Female",365,2000-01-01,2019-12-31,NA,NA,"CPRDGold"
1,"122",703857,1242693534,212,2000-01-01,2019-12-31,3402309.47022587,6.23106163196629,5.42046882042951,7.12868114754529,"FALSE","FALSE",5,"HeadNeckSubtypeCancerOralCavityIncidence",FALSE,"overall",TRUE,19,NA,5,"70;79","Male",365,2000-01-01,2019-12-31,NA,NA,"CPRDGold"
1,"123",83616,84896713,12,2000-01-01,2019-12-31,232434.532511978,5.16274405111538,2.66766518800415,9.01827487578539,"FALSE","FALSE",5,"HeadNeckSubtypeCancerOralCavityIncidence",FALSE,"overall",TRUE,25,NA,5,"90;150","Male",365,2000-01-01,2019-12-31,NA,NA,"CPRDGold"
1,"124",1659816,2632159986,11,2000-01-01,2019-12-31,7206461.28952772,0.152640797723912,0.0761977362622689,0.273116550863924,"FALSE","FALSE",5,"HeadNeckSubtypeCancerOralCavityIncidence",FALSE,"overall",TRUE,4,NA,5,"18;29","Male",365,2000-01-01,2019-12-31,NA,NA,"CPRDGold"
1,"125",1508367,2696279160,371,2000-01-01,2019-12-31,7382010.02053388,5.02573146023945,4.52728076520776,5.56407365878651,"FALSE","FALSE",5,"HeadNeckSubtypeCancerOralCavityIncidence",FALSE,"overall",TRUE,21,NA,5,"70;79","Both",365,2000-01-01,2019-12-31,NA,NA,"CPRDGold"
1,"126",1272359,2342112487,138,2000-01-01,2019-12-31,6412354.51608487,2.15209560940273,1.80802404775423,2.54258761574618,"FALSE","FALSE",5,"HeadNeckSubtypeCancerOralCavityIncidence",FALSE,"overall",TRUE,14,NA,5,"50;59","Female",365,2000-01-01,2019-12-31,NA,NA,"CPRDGold"
1,"127",10384720,28336961998,1744,2000-01-01,2019-12-31,77582373.7111567,2.24793328249146,2.14365796329298,2.35596936819005,"FALSE","FALSE",5,"HeadNeckSubtypeCancerOralCavityIncidence",FALSE,"overall",TRUE,3,NA,5,"18;150","Both",365,2000-01-01,2019-12-31,NA,NA,"CPRDGold"
1,"128",1029194,1938335601,180,2000-01-01,2019-12-31,5306873.65092403,3.39182750221797,2.91440706517719,3.9251476594985,"FALSE","FALSE",5,"HeadNeckSubtypeCancerOralCavityIncidence",FALSE,"overall",TRUE,17,NA,5,"60;69","Female",365,2000-01-01,2019-12-31,NA,NA,"CPRDGold"
1,"129",365422,553400214,117,2000-01-01,2019-12-31,1515127.21149897,7.72212386603812,6.38640683137419,9.25476277757101,"FALSE","FALSE",5,"HeadNeckSubtypeCancerOralCavityIncidence",FALSE,"overall",TRUE,22,NA,5,"80;89","Male",365,2000-01-01,2019-12-31,NA,NA,"CPRDGold"
1,"13",1633968,2417213942,NA,2000-01-01,2019-12-31,6617971.09377139,NA,NA,NA,"FALSE","TRUE",1,"HeadNeckSubtypeCancerHypopharynx",FALSE,"overall",TRUE,8,NA,5,"30;39","Female",365,2000-01-01,2019-12-31,NA,NA,"CPRDGold"
1,"130",804510,1453585626,159,2000-01-01,2019-12-31,3979700.55030801,3.99527547336933,3.3983998726284,4.66680715280644,"FALSE","FALSE",5,"HeadNeckSubtypeCancerOralCavityIncidence",FALSE,"overall",TRUE,20,NA,5,"70;79","Female",365,2000-01-01,2019-12-31,NA,NA,"CPRDGold"
1,"131",1319330,2395032342,218,2000-01-01,2019-12-31,6557241.18275154,3.32456888383848,2.89786435051416,3.79641442688249,"FALSE","FALSE",5,"HeadNeckSubtypeCancerOralCavityIncidence",FALSE,"overall",TRUE,13,NA,5,"50;59","Male",365,2000-01-01,2019-12-31,NA,NA,"CPRDGold"
1,"132",1516162,2671827279,97,2000-01-01,2019-12-31,7315064.41889117,1.32603070110357,1.07532157025291,1.6176450015508,"FALSE","FALSE",5,"HeadNeckSubtypeCancerOralCavityIncidence",FALSE,"overall",TRUE,10,NA,5,"40;49","Male",365,2000-01-01,2019-12-31,NA,NA,"CPRDGold"
1,"133",3306754,4883168060,56,2000-01-01,2019-12-31,13369385.5167693,0.41886741862413,0.31640794656995,0.543934183933666,"FALSE","FALSE",5,"HeadNeckSubtypeCancerOralCavityIncidence",FALSE,"overall",TRUE,9,NA,5,"30;39","Both",365,2000-01-01,2019-12-31,NA,NA,"CPRDGold"
1,"134",1672795,2465982026,36,2000-01-01,2019-12-31,6751490.83093771,0.533215565294635,0.373457626599683,0.73819509997489,"FALSE","FALSE",5,"HeadNeckSubtypeCancerOralCavityIncidence",FALSE,"overall",TRUE,7,NA,5,"30;39","Male",365,2000-01-01,2019-12-31,NA,NA,"CPRDGold"
1,"135",5053839,13936687935,1013,2000-01-01,2019-12-31,38156572.0328542,2.6548506483438,2.49385981943637,2.82350714694212,"FALSE","FALSE",5,"HeadNeckSubtypeCancerOralCavityIncidence",FALSE,"overall",TRUE,1,NA,5,"18;150","Male",365,2000-01-01,2019-12-31,NA,NA,"CPRDGold"
1,"136",1830306,2563680987,NA,2000-01-01,2019-12-31,7018976.00821355,NA,NA,NA,"FALSE","TRUE",6,"HeadNeckSubtypeCancerOropharynx",FALSE,"overall",TRUE,5,NA,5,"18;29","Female",365,2000-01-01,2019-12-31,NA,NA,"CPRDGold"
1,"137",2051285,3828843032,645,2000-01-01,2019-12-31,10482800.9089665,6.15293570488684,5.68719094883301,6.64665649365817,"FALSE","FALSE",6,"HeadNeckSubtypeCancerOropharynx",FALSE,"overall",TRUE,18,NA,5,"60;69","Both",365,2000-01-01,2019-12-31,NA,NA,"CPRDGold"
1,"138",5330965,14400925614,525,2000-01-01,2019-12-31,39427585.5277207,1.33155503430684,1.22007498626229,1.4504836825809,"FALSE","FALSE",6,"HeadNeckSubtypeCancerOropharynx",FALSE,"overall",TRUE,2,NA,5,"18;150","Female",365,2000-01-01,2019-12-31,NA,NA,"CPRDGold"
1,"139",1022083,1890448010,490,2000-01-01,2019-12-31,5175764.57221081,9.4672003172412,8.64740118336269,10.3437695065771,"FALSE","FALSE",6,"HeadNeckSubtypeCancerOropharynx",FALSE,"overall",TRUE,16,NA,5,"60;69","Male",365,2000-01-01,2019-12-31,NA,NA,"CPRDGold"
1,"14",703962,1242948335,152,2000-01-01,2019-12-31,3403007.07734428,4.4666377866784,3.78478714815039,5.23584683495983,"FALSE","FALSE",1,"HeadNeckSubtypeCancerHypopharynx",FALSE,"overall",TRUE,19,NA,5,"70;79","Male",365,2000-01-01,2019-12-31,NA,NA,"CPRDGold"
1,"140",2591654,4736890964,656,2000-01-01,2019-12-31,12968900.6543463,5.05825449268247,4.67853217169712,5.46058744804508,"FALSE","FALSE",6,"HeadNeckSubtypeCancerOropharynx",FALSE,"overall",TRUE,15,NA,5,"50;59","Both",365,2000-01-01,2019-12-31,NA,NA,"CPRDGold"
1,"141",3490129,5195859659,NA,2000-01-01,2019-12-31,14225488.4572211,NA,NA,NA,"FALSE","TRUE",6,"HeadNeckSubtypeCancerOropharynx",FALSE,"overall",TRUE,6,NA,5,"18;29","Both",365,2000-01-01,2019-12-31,NA,NA,"CPRDGold"
1,"142",204891,226938127,7,2000-01-01,2019-12-31,621322.729637235,1.12662866914381,0.452963157031622,2.32128564974972,"FALSE","FALSE",6,"HeadNeckSubtypeCancerOropharynx",FALSE,"overall",TRUE,26,NA,5,"90;150","Female",365,2000-01-01,2019-12-31,NA,NA,"CPRDGold"
1,"143",2931099,5250828347,239,2000-01-01,2019-12-31,14375984.5229295,1.66249483378894,1.45838828154033,1.88717098999842,"FALSE","FALSE",6,"HeadNeckSubtypeCancerOropharynx",FALSE,"overall",TRUE,12,NA,5,"40;49","Both",365,2000-01-01,2019-12-31,NA,NA,"CPRDGold"
1,"144",288532,311860047,13,2000-01-01,2019-12-31,853826.275154004,1.52255796972929,0.810697994712718,2.60362049811002,"FALSE","FALSE",6,"HeadNeckSubtypeCancerOropharynx",FALSE,"overall",TRUE,27,NA,5,"90;150","Both",365,2000-01-01,2019-12-31,NA,NA,"CPRDGold"
1,"145",557071,879745738,44,2000-01-01,2019-12-31,2408612.56125941,1.82677781838825,1.32733955939463,2.45236395551397,"FALSE","FALSE",6,"HeadNeckSubtypeCancerOropharynx",FALSE,"overall",TRUE,23,NA,5,"80;89","Female",365,2000-01-01,2019-12-31,NA,NA,"CPRDGold"
1,"146",922561,1433303567,101,2000-01-01,2019-12-31,3924171.2991102,2.5737918225665,2.09639571064833,3.12739038006975,"FALSE","FALSE",6,"HeadNeckSubtypeCancerOropharynx",FALSE,"overall",TRUE,24,NA,5,"80;89","Both",365,2000-01-01,2019-12-31,NA,NA,"CPRDGold"
1,"147",1414920,2579025869,61,2000-01-01,2019-12-31,7060988.0054757,0.863901764918667,0.660816397433308,1.1097179580828,"FALSE","FALSE",6,"HeadNeckSubtypeCancerOropharynx",FALSE,"overall",TRUE,11,NA,5,"40;49","Female",365,2000-01-01,2019-12-31,NA,NA,"CPRDGold"
1,"148",1633968,2417207249,NA,2000-01-01,2019-12-31,6617952.76933607,NA,NA,NA,"FALSE","TRUE",6,"HeadNeckSubtypeCancerOropharynx",FALSE,"overall",TRUE,8,NA,5,"30;39","Female",365,2000-01-01,2019-12-31,NA,NA,"CPRDGold"
1,"149",703862,1242792632,237,2000-01-01,2019-12-31,3402580.78576318,6.96530119113226,6.10668127817077,7.910835855701,"FALSE","FALSE",6,"HeadNeckSubtypeCancerOropharynx",FALSE,"overall",TRUE,19,NA,5,"70;79","Male",365,2000-01-01,2019-12-31,NA,NA,"CPRDGold"
1,"15",83638,84918618,5,2000-01-01,2019-12-31,232494.50513347,2.15058846106045,0.698290219455471,5.01875606592256,"FALSE","FALSE",1,"HeadNeckSubtypeCancerHypopharynx",FALSE,"overall",TRUE,25,NA,5,"90;150","Male",365,2000-01-01,2019-12-31,NA,NA,"CPRDGold"
1,"150",83641,84921920,6,2000-01-01,2019-12-31,232503.545516769,2.58060580825304,0.947036849952913,5.6168924192069,"FALSE","FALSE",6,"HeadNeckSubtypeCancerOropharynx",FALSE,"overall",TRUE,25,NA,5,"90;150","Male",365,2000-01-01,2019-12-31,NA,NA,"CPRDGold"
1,"151",1659823,2632178672,NA,2000-01-01,2019-12-31,7206512.44900753,NA,NA,NA,"FALSE","TRUE",6,"HeadNeckSubtypeCancerOropharynx",FALSE,"overall",TRUE,4,NA,5,"18;29","Male",365,2000-01-01,2019-12-31,NA,NA,"CPRDGold"
1,"152",1508442,2696577610,329,2000-01-01,2019-12-31,7382827.1321013,4.45628746431667,3.98771213920135,4.96479185101135,"FALSE","FALSE",6,"HeadNeckSubtypeCancerOropharynx",FALSE,"overall",TRUE,21,NA,5,"70;79","Both",365,2000-01-01,2019-12-31,NA,NA,"CPRDGold"
1,"153",1272373,2342147644,161,2000-01-01,2019-12-31,6412450.770705,2.51074052272684,2.13788946715549,2.92991733344618,"FALSE","FALSE",6,"HeadNeckSubtypeCancerOropharynx",FALSE,"overall",TRUE,14,NA,5,"50;59","Female",365,2000-01-01,2019-12-31,NA,NA,"CPRDGold"
1,"154",10384827,28337400372,2002,2000-01-01,2019-12-31,77583573.9137577,2.58044312604809,2.46863452654568,2.69601043122325,"FALSE","FALSE",6,"HeadNeckSubtypeCancerOropharynx",FALSE,"overall",TRUE,3,NA,5,"18;150","Both",365,2000-01-01,2019-12-31,NA,NA,"CPRDGold"
1,"155",1029202,1938395022,155,2000-01-01,2019-12-31,5307036.33675565,2.92065081458923,2.47895706401371,3.41834681296828,"FALSE","FALSE",6,"HeadNeckSubtypeCancerOropharynx",FALSE,"overall",TRUE,17,NA,5,"60;69","Female",365,2000-01-01,2019-12-31,NA,NA,"CPRDGold"
1,"156",365490,553557829,57,2000-01-01,2019-12-31,1515558.73785079,3.76098917029317,2.8485364694044,4.87279770546469,"FALSE","FALSE",6,"HeadNeckSubtypeCancerOropharynx",FALSE,"overall",TRUE,22,NA,5,"80;89","Male",365,2000-01-01,2019-12-31,NA,NA,"CPRDGold"
1,"157",804580,1453784978,92,2000-01-01,2019-12-31,3980246.34633812,2.31141472146922,1.86332649572042,2.83474496761943,"FALSE","FALSE",6,"HeadNeckSubtypeCancerOropharynx",FALSE,"overall",TRUE,20,NA,5,"70;79","Female",365,2000-01-01,2019-12-31,NA,NA,"CPRDGold"
1,"158",1319281,2394743320,495,2000-01-01,2019-12-31,6556449.88364134,7.54981748941678,6.89928701452333,8.2451597654973,"FALSE","FALSE",6,"HeadNeckSubtypeCancerOropharynx",FALSE,"overall",TRUE,13,NA,5,"50;59","Male",365,2000-01-01,2019-12-31,NA,NA,"CPRDGold"
1,"159",1516179,2671802478,178,2000-01-01,2019-12-31,7314996.5174538,2.43335727604636,2.08900254035413,2.81827152707188,"FALSE","FALSE",6,"HeadNeckSubtypeCancerOropharynx",FALSE,"overall",TRUE,10,NA,5,"40;49","Male",365,2000-01-01,2019-12-31,NA,NA,"CPRDGold"
1,"16",1659824,2632182934,NA,2000-01-01,2019-12-31,7206524.11772758,NA,NA,NA,"FALSE","TRUE",1,"HeadNeckSubtypeCancerHypopharynx",FALSE,"overall",TRUE,4,NA,5,"18;29","Male",365,2000-01-01,2019-12-31,NA,NA,"CPRDGold"
1,"160",3306776,4883237146,15,2000-01-01,2019-12-31,13369574.6639288,0.112195042677536,0.0627947136974679,0.185048660809196,"FALSE","FALSE",6,"HeadNeckSubtypeCancerOropharynx",FALSE,"overall",TRUE,9,NA,5,"30;39","Both",365,2000-01-01,2019-12-31,NA,NA,"CPRDGold"
1,"161",1672808,2466029897,11,2000-01-01,2019-12-31,6751621.89459274,0.162923815517716,0.0813309816954444,0.291515710159435,"FALSE","FALSE",6,"HeadNeckSubtypeCancerOropharynx",FALSE,"overall",TRUE,7,NA,5,"30;39","Male",365,2000-01-01,2019-12-31,NA,NA,"CPRDGold"
1,"162",5053862,13936474758,1477,2000-01-01,2019-12-31,38155988.386037,3.8709520116651,3.6760329873799,4.07352307243028,"FALSE","FALSE",6,"HeadNeckSubtypeCancerOropharynx",FALSE,"overall",TRUE,1,NA,5,"18;150","Male",365,2000-01-01,2019-12-31,NA,NA,"CPRDGold"
1,"163",1830297,2563649806,13,2000-01-01,2019-12-31,7018890.63928816,0.185214454364521,0.0986188964429543,0.316722357714544,"FALSE","FALSE",7,"HeadNeckSubtypeCancerSalivaryGland",FALSE,"overall",TRUE,5,NA,5,"18;29","Female",365,2000-01-01,2019-12-31,NA,NA,"CPRDGold"
1,"164",2051568,3829715752,127,2000-01-01,2019-12-31,10485190.2861054,1.21123219068609,1.00974970374381,1.44113650709175,"FALSE","FALSE",7,"HeadNeckSubtypeCancerSalivaryGland",FALSE,"overall",TRUE,18,NA,5,"60;69","Both",365,2000-01-01,2019-12-31,NA,NA,"CPRDGold"
1,"165",5330960,14401183574,267,2000-01-01,2019-12-31,39428291.7837098,0.677178715894341,0.598380826213715,0.763468011844823,"FALSE","FALSE",7,"HeadNeckSubtypeCancerSalivaryGland",FALSE,"overall",TRUE,2,NA,5,"18;150","Female",365,2000-01-01,2019-12-31,NA,NA,"CPRDGold"
1,"166",1022314,1891125677,79,2000-01-01,2019-12-31,5177619.92334018,1.52579758981296,1.20798832061133,1.90159904787215,"FALSE","FALSE",7,"HeadNeckSubtypeCancerSalivaryGland",FALSE,"overall",TRUE,16,NA,5,"60;69","Male",365,2000-01-01,2019-12-31,NA,NA,"CPRDGold"
1,"167",2591804,4737567054,101,2000-01-01,2019-12-31,12970751.687885,0.778674994559771,0.634243571788345,0.946160705708812,"FALSE","FALSE",7,"HeadNeckSubtypeCancerSalivaryGland",FALSE,"overall",TRUE,15,NA,5,"50;59","Both",365,2000-01-01,2019-12-31,NA,NA,"CPRDGold"
1,"168",3490115,5195813137,20,2000-01-01,2019-12-31,14225361.0869268,0.140593970710383,0.085878449838655,0.217135984906993,"FALSE","FALSE",7,"HeadNeckSubtypeCancerSalivaryGland",FALSE,"overall",TRUE,6,NA,5,"18;29","Both",365,2000-01-01,2019-12-31,NA,NA,"CPRDGold"
1,"169",204889,226926062,17,2000-01-01,2019-12-31,621289.697467488,2.73624366689094,1.593962769699,4.38099117478621,"FALSE","FALSE",7,"HeadNeckSubtypeCancerSalivaryGland",FALSE,"overall",TRUE,26,NA,5,"90;150","Female",365,2000-01-01,2019-12-31,NA,NA,"CPRDGold"
1,"17",1508584,2696844639,200,2000-01-01,2019-12-31,7383558.21765914,2.70872110849838,2.34630617887078,3.11126390411641,"FALSE","FALSE",1,"HeadNeckSubtypeCancerHypopharynx",FALSE,"overall",TRUE,21,NA,5,"70;79","Both",365,2000-01-01,2019-12-31,NA,NA,"CPRDGold"
1,"170",2931094,5250934753,65,2000-01-01,2019-12-31,14376275.8466804,0.452133784112171,0.348947309193556,0.576281623275906,"FALSE","FALSE",7,"HeadNeckSubtypeCancerSalivaryGland",FALSE,"overall",TRUE,12,NA,5,"40;49","Both",365,2000-01-01,2019-12-31,NA,NA,"CPRDGold"
1,"171",288521,311834384,37,2000-01-01,2019-12-31,853756.013689254,4.33379084969668,3.05138870466429,5.97355981383382,"FALSE","FALSE",7,"HeadNeckSubtypeCancerSalivaryGland",FALSE,"overall",TRUE,27,NA,5,"90;150","Both",365,2000-01-01,2019-12-31,NA,NA,"CPRDGold"
1,"172",557068,879747543,36,2000-01-01,2019-12-31,2408617.50308008,1.4946333302803,1.04682280956076,2.06920253736855,"FALSE","FALSE",7,"HeadNeckSubtypeCancerSalivaryGland",FALSE,"overall",TRUE,23,NA,5,"80;89","Female",365,2000-01-01,2019-12-31,NA,NA,"CPRDGold"
1,"173",922563,1433300394,113,2000-01-01,2019-12-31,3924162.61190965,2.87959524554488,2.37319404600005,3.46206767320855,"FALSE","FALSE",7,"HeadNeckSubtypeCancerSalivaryGland",FALSE,"overall",TRUE,24,NA,5,"80;89","Both",365,2000-01-01,2019-12-31,NA,NA,"CPRDGold"
1,"174",1414909,2579023924,31,2000-01-01,2019-12-31,7060982.68035592,0.439032375567835,0.298301198751561,0.623171412467348,"FALSE","FALSE",7,"HeadNeckSubtypeCancerSalivaryGland",FALSE,"overall",TRUE,11,NA,5,"40;49","Female",365,2000-01-01,2019-12-31,NA,NA,"CPRDGold"
1,"175",1633955,2417165941,20,2000-01-01,2019-12-31,6617839.67419576,0.302213425900659,0.184599811824371,0.466744125324075,"FALSE","FALSE",7,"HeadNeckSubtypeCancerSalivaryGland",FALSE,"overall",TRUE,8,NA,5,"30;39","Female",365,2000-01-01,2019-12-31,NA,NA,"CPRDGold"
1,"176",703993,1243034355,95,2000-01-01,2019-12-31,3403242.58726899,2.79145543004723,2.25845413873387,3.4124095078614,"FALSE","FALSE",7,"HeadNeckSubtypeCancerSalivaryGland",FALSE,"overall",TRUE,19,NA,5,"70;79","Male",365,2000-01-01,2019-12-31,NA,NA,"CPRDGold"
1,"177",83632,84908322,20,2000-01-01,2019-12-31,232466.316221766,8.60339696737853,5.25517837764924,13.2872488387556,"FALSE","FALSE",7,"HeadNeckSubtypeCancerSalivaryGland",FALSE,"overall",TRUE,25,NA,5,"90;150","Male",365,2000-01-01,2019-12-31,NA,NA,"CPRDGold"
1,"178",1659818,2632163331,7,2000-01-01,2019-12-31,7206470.4476386,0.0971349296560807,0.0390532795765793,0.200135079530207,"FALSE","FALSE",7,"HeadNeckSubtypeCancerSalivaryGland",FALSE,"overall",TRUE,4,NA,5,"18;29","Male",365,2000-01-01,2019-12-31,NA,NA,"CPRDGold"
1,"179",1508598,2696863930,155,2000-01-01,2019-12-31,7383611.03353867,2.09924384282896,1.78177251702718,2.45696728411777,"FALSE","FALSE",7,"HeadNeckSubtypeCancerSalivaryGland",FALSE,"overall",TRUE,21,NA,5,"70;79","Both",365,2000-01-01,2019-12-31,NA,NA,"CPRDGold"
1,"18",1272424,2342329583,33,2000-01-01,2019-12-31,6412948.89253936,0.514583860763202,0.354215852229177,0.722667060750865,"FALSE","FALSE",1,"HeadNeckSubtypeCancerHypopharynx",FALSE,"overall",TRUE,14,NA,5,"50;59","Female",365,2000-01-01,2019-12-31,NA,NA,"CPRDGold"
1,"180",1272391,2342250648,42,2000-01-01,2019-12-31,6412732.78028747,0.654946984990652,0.472028178462798,0.88529805815401,"FALSE","FALSE",7,"HeadNeckSubtypeCancerSalivaryGland",FALSE,"overall",TRUE,14,NA,5,"50;59","Female",365,2000-01-01,2019-12-31,NA,NA,"CPRDGold"
1,"181",10384901,28339208175,650,2000-01-01,2019-12-31,77588523.4086242,0.837752764770041,0.774578882952362,0.904706232435551,"FALSE","FALSE",7,"HeadNeckSubtypeCancerSalivaryGland",FALSE,"overall",TRUE,3,NA,5,"18;150","Both",365,2000-01-01,2019-12-31,NA,NA,"CPRDGold"
1,"182",1029254,1938590075,48,2000-01-01,2019-12-31,5307570.36276523,0.904368604074278,0.666810016721934,1.19906156362231,"FALSE","FALSE",7,"HeadNeckSubtypeCancerSalivaryGland",FALSE,"overall",TRUE,17,NA,5,"60;69","Female",365,2000-01-01,2019-12-31,NA,NA,"CPRDGold"
1,"183",365495,553552851,77,2000-01-01,2019-12-31,1515545.10882957,5.08068018242399,4.00959334700213,6.34997849548965,"FALSE","FALSE",7,"HeadNeckSubtypeCancerSalivaryGland",FALSE,"overall",TRUE,22,NA,5,"80;89","Male",365,2000-01-01,2019-12-31,NA,NA,"CPRDGold"
1,"184",804605,1453829575,60,2000-01-01,2019-12-31,3980368.44626968,1.50739814190394,1.15030358541098,1.94032021028163,"FALSE","FALSE",7,"HeadNeckSubtypeCancerSalivaryGland",FALSE,"overall",TRUE,20,NA,5,"70;79","Female",365,2000-01-01,2019-12-31,NA,NA,"CPRDGold"
1,"185",1319413,2395316406,59,2000-01-01,2019-12-31,6558018.90759754,0.899661938022897,0.684864350980456,1.16049835224486,"FALSE","FALSE",7,"HeadNeckSubtypeCancerSalivaryGland",FALSE,"overall",TRUE,13,NA,5,"50;59","Male",365,2000-01-01,2019-12-31,NA,NA,"CPRDGold"
1,"186",1516185,2671910829,34,2000-01-01,2019-12-31,7315293.16632444,0.464779732362842,0.321873475870591,0.649483089945324,"FALSE","FALSE",7,"HeadNeckSubtypeCancerSalivaryGland",FALSE,"overall",TRUE,10,NA,5,"40;49","Male",365,2000-01-01,2019-12-31,NA,NA,"CPRDGold"
1,"187",3306751,4883178771,32,2000-01-01,2019-12-31,13369414.8418891,0.239352285634353,0.163716786188017,0.337894011171526,"FALSE","FALSE",7,"HeadNeckSubtypeCancerSalivaryGland",FALSE,"overall",TRUE,9,NA,5,"30;39","Both",365,2000-01-01,2019-12-31,NA,NA,"CPRDGold"
1,"188",1672796,2466012830,12,2000-01-01,2019-12-31,6751575.16769336,0.177736301558496,0.0918389406133296,0.31046955010557,"FALSE","FALSE",7,"HeadNeckSubtypeCancerSalivaryGland",FALSE,"overall",TRUE,7,NA,5,"30;39","Male",365,2000-01-01,2019-12-31,NA,NA,"CPRDGold"
1,"189",5053941,13938024601,383,2000-01-01,2019-12-31,38160231.6249144,1.00366267103563,0.905650964837133,1.10938922539711,"FALSE","FALSE",7,"HeadNeckSubtypeCancerSalivaryGland",FALSE,"overall",TRUE,1,NA,5,"18;150","Male",365,2000-01-01,2019-12-31,NA,NA,"CPRDGold"
1,"19",10384948,28339427148,726,2000-01-01,2019-12-31,77589122.9240246,0.935698165722146,0.868863296282658,1.00630995725986,"FALSE","FALSE",1,"HeadNeckSubtypeCancerHypopharynx",FALSE,"overall",TRUE,3,NA,5,"18;150","Both",365,2000-01-01,2019-12-31,NA,NA,"CPRDGold"
1,"190",1830304,2563673065,5,2000-01-01,2019-12-31,7018954.31895962,0.0712356823080325,0.0231300321435781,0.166240319413451,"FALSE","FALSE",8,"HeadNeckSubtypeCancerTongueIncidence",FALSE,"overall",TRUE,5,NA,5,"18;29","Female",365,2000-01-01,2019-12-31,NA,NA,"CPRDGold"
1,"191",2051294,3828826183,646,2000-01-01,2019-12-31,10482754.7789185,6.16250225846306,5.69638744957419,6.65659294149606,"FALSE","FALSE",8,"HeadNeckSubtypeCancerTongueIncidence",FALSE,"overall",TRUE,18,NA,5,"60;69","Both",365,2000-01-01,2019-12-31,NA,NA,"CPRDGold"
1,"192",5330927,14400623641,744,2000-01-01,2019-12-31,39426758.770705,1.88704327516978,1.75386639879307,2.02765176142533,"FALSE","FALSE",8,"HeadNeckSubtypeCancerTongueIncidence",FALSE,"overall",TRUE,2,NA,5,"18;150","Female",365,2000-01-01,2019-12-31,NA,NA,"CPRDGold"
1,"193",1022096,1890473894,434,2000-01-01,2019-12-31,5175835.43874059,8.38511975770241,7.6146928324242,9.21236872166111,"FALSE","FALSE",8,"HeadNeckSubtypeCancerTongueIncidence",FALSE,"overall",TRUE,16,NA,5,"60;69","Male",365,2000-01-01,2019-12-31,NA,NA,"CPRDGold"
1,"194",2591669,4736932066,600,2000-01-01,2019-12-31,12969013.1854894,4.62641213651722,4.26358530652665,5.01186270566203,"FALSE","FALSE",8,"HeadNeckSubtypeCancerTongueIncidence",FALSE,"overall",TRUE,15,NA,5,"50;59","Both",365,2000-01-01,2019-12-31,NA,NA,"CPRDGold"
1,"195",3490125,5195846783,12,2000-01-01,2019-12-31,14225453.2046543,0.0843558361716995,0.0435878915034741,0.147352669518597,"FALSE","FALSE",8,"HeadNeckSubtypeCancerTongueIncidence",FALSE,"overall",TRUE,6,NA,5,"18;29","Both",365,2000-01-01,2019-12-31,NA,NA,"CPRDGold"
1,"196",204873,226905421,22,2000-01-01,2019-12-31,621233.185489391,3.54134333352926,2.21934101304784,5.36163636539891,"FALSE","FALSE",8,"HeadNeckSubtypeCancerTongueIncidence",FALSE,"overall",TRUE,26,NA,5,"90;150","Female",365,2000-01-01,2019-12-31,NA,NA,"CPRDGold"
1,"197",2931090,5250825179,225,2000-01-01,2019-12-31,14375975.8494182,1.56511114345748,1.36727305320682,1.78353208656724,"FALSE","FALSE",8,"HeadNeckSubtypeCancerTongueIncidence",FALSE,"overall",TRUE,12,NA,5,"40;49","Both",365,2000-01-01,2019-12-31,NA,NA,"CPRDGold"
1,"198",288510,311822790,36,2000-01-01,2019-12-31,853724.271047228,4.21681814853879,2.95340758982831,5.83785376373341,"FALSE","FALSE",8,"HeadNeckSubtypeCancerTongueIncidence",FALSE,"overall",TRUE,27,NA,5,"90;150","Both",365,2000-01-01,2019-12-31,NA,NA,"CPRDGold"
1,"199",557034,879648912,115,2000-01-01,2019-12-31,2408347.4661191,4.77505848378745,3.94230050259505,5.73173454249871,"FALSE","FALSE",8,"HeadNeckSubtypeCancerTongueIncidence",FALSE,"overall",TRUE,23,NA,5,"80;89","Female",365,2000-01-01,2019-12-31,NA,NA,"CPRDGold"
1,"2",2051566,3829613828,247,2000-01-01,2019-12-31,10484911.2334018,2.35576624829338,2.07111488943301,2.66861115615761,"FALSE","FALSE",1,"HeadNeckSubtypeCancerHypopharynx",FALSE,"overall",TRUE,18,NA,5,"60;69","Both",365,2000-01-01,2019-12-31,NA,NA,"CPRDGold"
1,"20",1029284,1938630535,53,2000-01-01,2019-12-31,5307681.13620808,0.998552826364101,0.747984589004917,1.30613168255868,"FALSE","FALSE",1,"HeadNeckSubtypeCancerHypopharynx",FALSE,"overall",TRUE,17,NA,5,"60;69","Female",365,2000-01-01,2019-12-31,NA,NA,"CPRDGold"
1,"200",922493,1433160278,194,2000-01-01,2019-12-31,3923778.99520876,4.94421322497748,4.27292147312454,5.69104195551732,"FALSE","FALSE",8,"HeadNeckSubtypeCancerTongueIncidence",FALSE,"overall",TRUE,24,NA,5,"80;89","Both",365,2000-01-01,2019-12-31,NA,NA,"CPRDGold"
1,"201",1414915,2579021377,76,2000-01-01,2019-12-31,7060975.70704997,1.07633849984951,0.848032316789698,1.34719813393997,"FALSE","FALSE",8,"HeadNeckSubtypeCancerTongueIncidence",FALSE,"overall",TRUE,11,NA,5,"40;49","Female",365,2000-01-01,2019-12-31,NA,NA,"CPRDGold"
1,"202",1633965,2417187654,21,2000-01-01,2019-12-31,6617899.1211499,0.31732124675166,0.19642685308593,0.485059233259598,"FALSE","FALSE",8,"HeadNeckSubtypeCancerTongueIncidence",FALSE,"overall",TRUE,8,NA,5,"30;39","Female",365,2000-01-01,2019-12-31,NA,NA,"CPRDGold"
1,"203",703857,1242765598,265,2000-01-01,2019-12-31,3402506.770705,7.78837539080318,6.87879745266946,8.78477035397284,"FALSE","FALSE",8,"HeadNeckSubtypeCancerTongueIncidence",FALSE,"overall",TRUE,19,NA,5,"70;79","Male",365,2000-01-01,2019-12-31,NA,NA,"CPRDGold"
1,"204",83637,84917369,14,2000-01-01,2019-12-31,232491.085557837,6.02173625986929,3.29213924823648,10.1034502314249,"FALSE","FALSE",8,"HeadNeckSubtypeCancerTongueIncidence",FALSE,"overall",TRUE,25,NA,5,"90;150","Male",365,2000-01-01,2019-12-31,NA,NA,"CPRDGold"
1,"205",1659821,2632173718,7,2000-01-01,2019-12-31,7206498.88569473,0.0971345463453184,0.0390531254657726,0.200134289763537,"FALSE","FALSE",8,"HeadNeckSubtypeCancerTongueIncidence",FALSE,"overall",TRUE,4,NA,5,"18;29","Male",365,2000-01-01,2019-12-31,NA,NA,"CPRDGold"
1,"206",1508396,2696479814,397,2000-01-01,2019-12-31,7382559.38124572,5.3775388655663,4.86150646600487,5.93343720545592,"FALSE","FALSE",8,"HeadNeckSubtypeCancerTongueIncidence",FALSE,"overall",TRUE,21,NA,5,"70;79","Both",365,2000-01-01,2019-12-31,NA,NA,"CPRDGold"
1,"207",1272367,2342120707,161,2000-01-01,2019-12-31,6412377.02121834,2.51076939904276,2.13791405526848,2.92995103076288,"FALSE","FALSE",8,"HeadNeckSubtypeCancerTongueIncidence",FALSE,"overall",TRUE,14,NA,5,"50;59","Female",365,2000-01-01,2019-12-31,NA,NA,"CPRDGold"
1,"208",10384767,28337088509,2154,2000-01-01,2019-12-31,77582720.0793977,2.77639144102657,2.6603688717,2.89617174952822,"FALSE","FALSE",8,"HeadNeckSubtypeCancerTongueIncidence",FALSE,"overall",TRUE,3,NA,5,"18;150","Both",365,2000-01-01,2019-12-31,NA,NA,"CPRDGold"
1,"209",1029198,1938352289,212,2000-01-01,2019-12-31,5306919.34017796,3.99478466527609,3.47510697236128,4.57025589118915,"FALSE","FALSE",8,"HeadNeckSubtypeCancerTongueIncidence",FALSE,"overall",TRUE,17,NA,5,"60;69","Female",365,2000-01-01,2019-12-31,NA,NA,"CPRDGold"
1,"21",365485,553546712,58,2000-01-01,2019-12-31,1515528.30116359,3.82704829434521,2.90603822089205,4.94734738289796,"FALSE","FALSE",1,"HeadNeckSubtypeCancerHypopharynx",FALSE,"overall",TRUE,22,NA,5,"80;89","Male",365,2000-01-01,2019-12-31,NA,NA,"CPRDGold"
1,"210",365459,553511366,79,2000-01-01,2019-12-31,1515431.52908966,5.21303658288383,4.12721015492969,6.49699899168788,"FALSE","FALSE",8,"HeadNeckSubtypeCancerTongueIncidence",FALSE,"overall",TRUE,22,NA,5,"80;89","Male",365,2000-01-01,2019-12-31,NA,NA,"CPRDGold"
1,"211",804539,1453714216,132,2000-01-01,2019-12-31,3980052.61054073,3.3165390741422,2.7749208170205,3.9329921920502,"FALSE","FALSE",8,"HeadNeckSubtypeCancerTongueIncidence",FALSE,"overall",TRUE,20,NA,5,"70;79","Female",365,2000-01-01,2019-12-31,NA,NA,"CPRDGold"
1,"212",1319302,2394811359,439,2000-01-01,2019-12-31,6556636.16427105,6.69550649145723,6.08375064958473,7.35211384499763,"FALSE","FALSE",8,"HeadNeckSubtypeCancerTongueIncidence",FALSE,"overall",TRUE,13,NA,5,"50;59","Male",365,2000-01-01,2019-12-31,NA,NA,"CPRDGold"
1,"213",1516175,2671803802,149,2000-01-01,2019-12-31,7315000.14236824,2.03691041831971,1.72298498474057,2.39148641162325,"FALSE","FALSE",8,"HeadNeckSubtypeCancerTongueIncidence",FALSE,"overall",TRUE,10,NA,5,"40;49","Male",365,2000-01-01,2019-12-31,NA,NA,"CPRDGold"
1,"214",3306763,4883195416,44,2000-01-01,2019-12-31,13369460.4134155,0.329108270935516,0.23913057348271,0.441812492455092,"FALSE","FALSE",8,"HeadNeckSubtypeCancerTongueIncidence",FALSE,"overall",TRUE,9,NA,5,"30;39","Both",365,2000-01-01,2019-12-31,NA,NA,"CPRDGold"
1,"215",1672798,2466007762,23,2000-01-01,2019-12-31,6751561.29226557,0.340661944761551,0.215950450657202,0.511160180599536,"FALSE","FALSE",8,"HeadNeckSubtypeCancerTongueIncidence",FALSE,"overall",TRUE,7,NA,5,"30;39","Male",365,2000-01-01,2019-12-31,NA,NA,"CPRDGold"
1,"216",5053840,13936464868,1410,2000-01-01,2019-12-31,38155961.3086927,3.69535965453129,3.50497027275344,3.89340263556463,"FALSE","FALSE",8,"HeadNeckSubtypeCancerTongueIncidence",FALSE,"overall",TRUE,1,NA,5,"18;150","Male",365,2000-01-01,2019-12-31,NA,NA,"CPRDGold"
1,"22",804622,1453896304,48,2000-01-01,2019-12-31,3980551.14031485,1.20586316587816,0.889108306260421,1.59879961188222,"FALSE","FALSE",1,"HeadNeckSubtypeCancerHypopharynx",FALSE,"overall",TRUE,20,NA,5,"70;79","Female",365,2000-01-01,2019-12-31,NA,NA,"CPRDGold"
1,"23",1319409,2395286748,120,2000-01-01,2019-12-31,6557937.70841889,1.82984354739978,1.51712215104169,2.18804434792272,"FALSE","FALSE",1,"HeadNeckSubtypeCancerHypopharynx",FALSE,"overall",TRUE,13,NA,5,"50;59","Male",365,2000-01-01,2019-12-31,NA,NA,"CPRDGold"
1,"24",1516200,2671953274,29,2000-01-01,2019-12-31,7315409.3744011,0.396423474282657,0.265491022354958,0.569330235766831,"FALSE","FALSE",1,"HeadNeckSubtypeCancerHypopharynx",FALSE,"overall",TRUE,10,NA,5,"40;49","Male",365,2000-01-01,2019-12-31,NA,NA,"CPRDGold"
1,"25",3306778,4883248732,NA,2000-01-01,2019-12-31,13369606.384668,NA,NA,NA,"FALSE","TRUE",1,"HeadNeckSubtypeCancerHypopharynx",FALSE,"overall",TRUE,9,NA,5,"30;39","Both",365,2000-01-01,2019-12-31,NA,NA,"CPRDGold"
1,"26",1672810,2466034790,NA,2000-01-01,2019-12-31,6751635.29089665,NA,NA,NA,"FALSE","TRUE",1,"HeadNeckSubtypeCancerHypopharynx",FALSE,"overall",TRUE,7,NA,5,"30;39","Male",365,2000-01-01,2019-12-31,NA,NA,"CPRDGold"
1,"27",5053950,13937854704,558,2000-01-01,2019-12-31,38159766.4722793,1.46227309961489,1.34344635668028,1.58879259335009,"FALSE","FALSE",1,"HeadNeckSubtypeCancerHypopharynx",FALSE,"overall",TRUE,1,NA,5,"18;150","Male",365,2000-01-01,2019-12-31,NA,NA,"CPRDGold"
1,"28",1830302,2563675694,5,2000-01-01,2019-12-31,7018961.51676934,0.0712356092572136,0.023130008424176,0.166240148937208,"FALSE","FALSE",2,"HeadNeckSubtypeCancerLarynx",FALSE,"overall",TRUE,5,NA,5,"18;29","Female",365,2000-01-01,2019-12-31,NA,NA,"CPRDGold"
1,"29",2051213,3828425376,811,2000-01-01,2019-12-31,10481657.4291581,7.73732594755427,7.21390806373399,8.28868352437855,"FALSE","FALSE",2,"HeadNeckSubtypeCancerLarynx",FALSE,"overall",TRUE,18,NA,5,"60;69","Both",365,2000-01-01,2019-12-31,NA,NA,"CPRDGold"
1,"3",5330998,14401572444,168,2000-01-01,2019-12-31,39429356.4517454,0.426078473295912,0.364083957241509,0.495602988218866,"FALSE","FALSE",1,"HeadNeckSubtypeCancerHypopharynx",FALSE,"overall",TRUE,2,NA,5,"18;150","Female",365,2000-01-01,2019-12-31,NA,NA,"CPRDGold"
1,"30",5330928,14400910255,458,2000-01-01,2019-12-31,39427543.4770705,1.16162448788207,1.05766156884478,1.27304357503052,"FALSE","FALSE",2,"HeadNeckSubtypeCancerLarynx",FALSE,"overall",TRUE,2,NA,5,"18;150","Female",365,2000-01-01,2019-12-31,NA,NA,"CPRDGold"
1,"31",1021987,1889979202,681,2000-01-01,2019-12-31,5174481.045859,13.1607400619428,12.1907194262596,14.1874166200585,"FALSE","FALSE",2,"HeadNeckSubtypeCancerLarynx",FALSE,"overall",TRUE,16,NA,5,"60;69","Male",365,2000-01-01,2019-12-31,NA,NA,"CPRDGold"
1,"32",2591690,4737073735,481,2000-01-01,2019-12-31,12969401.0540726,3.70872947790415,3.38465501154082,4.05546259329458,"FALSE","FALSE",2,"HeadNeckSubtypeCancerLarynx",FALSE,"overall",TRUE,15,NA,5,"50;59","Both",365,2000-01-01,2019-12-31,NA,NA,"CPRDGold"
1,"33",3490124,5195847174,11,2000-01-01,2019-12-31,14225454.275154,0.0773261773384099,0.0386009491227822,0.138357890951,"FALSE","FALSE",2,"HeadNeckSubtypeCancerLarynx",FALSE,"overall",TRUE,6,NA,5,"18;29","Both",365,2000-01-01,2019-12-31,NA,NA,"CPRDGold"
1,"34",204876,226924091,9,2000-01-01,2019-12-31,621284.301163587,1.44861217049009,0.662397728329971,2.74991713446187,"FALSE","FALSE",2,"HeadNeckSubtypeCancerLarynx",FALSE,"overall",TRUE,26,NA,5,"90;150","Female",365,2000-01-01,2019-12-31,NA,NA,"CPRDGold"
1,"35",2931098,5250957965,121,2000-01-01,2019-12-31,14376339.3976728,0.841660708285636,0.698387738251325,1.0056771466792,"FALSE","FALSE",2,"HeadNeckSubtypeCancerLarynx",FALSE,"overall",TRUE,12,NA,5,"40;49","Both",365,2000-01-01,2019-12-31,NA,NA,"CPRDGold"
1,"36",288458,311786688,32,2000-01-01,2019-12-31,853625.429158111,3.74871681500398,2.56411952639129,5.29206962870985,"FALSE","FALSE",2,"HeadNeckSubtypeCancerLarynx",FALSE,"overall",TRUE,27,NA,5,"90;150","Both",365,2000-01-01,2019-12-31,NA,NA,"CPRDGold"
1,"37",557029,879671262,57,2000-01-01,2019-12-31,2408408.65708419,2.36670798505635,1.79252151564641,3.06634470797708,"FALSE","FALSE",2,"HeadNeckSubtypeCancerLarynx",FALSE,"overall",TRUE,23,NA,5,"80;89","Female",365,2000-01-01,2019-12-31,NA,NA,"CPRDGold"
1,"38",922232,1432683412,269,2000-01-01,2019-12-31,3922473.4072553,6.85791774910283,6.0627964087107,7.72833633291907,"FALSE","FALSE",2,"HeadNeckSubtypeCancerLarynx",FALSE,"overall",TRUE,24,NA,5,"80;89","Both",365,2000-01-01,2019-12-31,NA,NA,"CPRDGold"
1,"39",1414920,2579065883,36,2000-01-01,2019-12-31,7061097.5578371,0.509835754358664,0.357082694450671,0.705827586731468,"FALSE","FALSE",2,"HeadNeckSubtypeCancerLarynx",FALSE,"overall",TRUE,11,NA,5,"40;49","Female",365,2000-01-01,2019-12-31,NA,NA,"CPRDGold"
1,"4",1022282,1890983293,194,2000-01-01,2019-12-31,5177230.0971937,3.74717747440194,3.23841112132731,4.31319266609664,"FALSE","FALSE",1,"HeadNeckSubtypeCancerHypopharynx",FALSE,"overall",TRUE,16,NA,5,"60;69","Male",365,2000-01-01,2019-12-31,NA,NA,"CPRDGold"
1,"40",1633966,2417202518,14,2000-01-01,2019-12-31,6617939.816564,0.211546196974465,0.115654274418507,0.354938572621098,"FALSE","FALSE",2,"HeadNeckSubtypeCancerLarynx",FALSE,"overall",TRUE,8,NA,5,"30;39","Female",365,2000-01-01,2019-12-31,NA,NA,"CPRDGold"
1,"41",703549,1241861955,583,2000-01-01,2019-12-31,3400032.73100616,17.1468937543867,15.7830849716284,18.5970148748009,"FALSE","FALSE",2,"HeadNeckSubtypeCancerLarynx",FALSE,"overall",TRUE,19,NA,5,"70;79","Male",365,2000-01-01,2019-12-31,NA,NA,"CPRDGold"
1,"42",83582,84862597,23,2000-01-01,2019-12-31,232341.127994524,9.89923746971826,6.27526738933122,14.853716684911,"FALSE","FALSE",2,"HeadNeckSubtypeCancerLarynx",FALSE,"overall",TRUE,25,NA,5,"90;150","Male",365,2000-01-01,2019-12-31,NA,NA,"CPRDGold"
1,"43",1659822,2632171480,6,2000-01-01,2019-12-31,7206492.75838467,0.083258253371851,0.030554311609194,0.181218166178328,"FALSE","FALSE",2,"HeadNeckSubtypeCancerLarynx",FALSE,"overall",TRUE,4,NA,5,"18;29","Male",365,2000-01-01,2019-12-31,NA,NA,"CPRDGold"
1,"44",1508102,2695565705,705,2000-01-01,2019-12-31,7380056.68720055,9.55277215177361,8.86054018498762,10.2847194299187,"FALSE","FALSE",2,"HeadNeckSubtypeCancerLarynx",FALSE,"overall",TRUE,21,NA,5,"70;79","Both",365,2000-01-01,2019-12-31,NA,NA,"CPRDGold"
1,"45",1272384,2342220883,85,2000-01-01,2019-12-31,6412651.2881588,1.3255047901475,1.05876614763328,1.63900719992333,"FALSE","FALSE",2,"HeadNeckSubtypeCancerLarynx",FALSE,"overall",TRUE,14,NA,5,"50;59","Female",365,2000-01-01,2019-12-31,NA,NA,"CPRDGold"
1,"46",10384558,28335565218,2453,2000-01-01,2019-12-31,77578549.5359343,3.16195651333204,3.03805364447674,3.2896156209729,"FALSE","FALSE",2,"HeadNeckSubtypeCancerLarynx",FALSE,"overall",TRUE,3,NA,5,"18;150","Both",365,2000-01-01,2019-12-31,NA,NA,"CPRDGold"
1,"47",1029226,1938446174,130,2000-01-01,2019-12-31,5307176.38329911,2.44951346273492,2.04656206717414,2.90859832682476,"FALSE","FALSE",2,"HeadNeckSubtypeCancerLarynx",FALSE,"overall",TRUE,17,NA,5,"60;69","Female",365,2000-01-01,2019-12-31,NA,NA,"CPRDGold"
1,"48",365203,553012150,212,2000-01-01,2019-12-31,1514064.75017112,14.0020431739158,12.1805308516212,16.0191163394913,"FALSE","FALSE",2,"HeadNeckSubtypeCancerLarynx",FALSE,"overall",TRUE,22,NA,5,"80;89","Male",365,2000-01-01,2019-12-31,NA,NA,"CPRDGold"
1,"49",804553,1453703750,122,2000-01-01,2019-12-31,3980023.95619439,3.0653081826335,2.54555317949291,3.65998223766853,"FALSE","FALSE",2,"HeadNeckSubtypeCancerLarynx",FALSE,"overall",TRUE,20,NA,5,"70;79","Female",365,2000-01-01,2019-12-31,NA,NA,"CPRDGold"
1,"5",2591833,4737616331,153,2000-01-01,2019-12-31,12970886.6009582,1.17956470291473,1.00006406071075,1.3819825091227,"FALSE","FALSE",1,"HeadNeckSubtypeCancerHypopharynx",FALSE,"overall",TRUE,15,NA,5,"50;59","Both",365,2000-01-01,2019-12-31,NA,NA,"CPRDGold"
1,"50",1319306,2394852852,396,2000-01-01,2019-12-31,6556749.76591376,6.03957775022413,5.45930285267477,6.6647405563029,"FALSE","FALSE",2,"HeadNeckSubtypeCancerLarynx",FALSE,"overall",TRUE,13,NA,5,"50;59","Male",365,2000-01-01,2019-12-31,NA,NA,"CPRDGold"
1,"51",1516178,2671892082,85,2000-01-01,2019-12-31,7315241.83983573,1.16195748358073,0.92813036795403,1.43677842264281,"FALSE","FALSE",2,"HeadNeckSubtypeCancerLarynx",FALSE,"overall",TRUE,10,NA,5,"40;49","Male",365,2000-01-01,2019-12-31,NA,NA,"CPRDGold"
1,"52",3306772,4883225163,23,2000-01-01,2019-12-31,13369541.8562628,0.17203282092442,0.109054051319005,0.258133698715088,"FALSE","FALSE",2,"HeadNeckSubtypeCancerLarynx",FALSE,"overall",TRUE,9,NA,5,"30;39","Both",365,2000-01-01,2019-12-31,NA,NA,"CPRDGold"
1,"53",1672806,2466022645,9,2000-01-01,2019-12-31,6751602.03969884,0.133301695613586,0.0609540235514519,0.253048141033225,"FALSE","FALSE",2,"HeadNeckSubtypeCancerLarynx",FALSE,"overall",TRUE,7,NA,5,"30;39","Male",365,2000-01-01,2019-12-31,NA,NA,"CPRDGold"
1,"54",5053630,13934654963,1995,2000-01-01,2019-12-31,38151006.0588638,5.22921989769256,5.00224907645014,5.46383449203081,"FALSE","FALSE",2,"HeadNeckSubtypeCancerLarynx",FALSE,"overall",TRUE,1,NA,5,"18;150","Male",365,2000-01-01,2019-12-31,NA,NA,"CPRDGold"
1,"55",1830306,2563681707,NA,2000-01-01,2019-12-31,7018977.97946612,NA,NA,NA,"FALSE","TRUE",3,"HeadNeckSubtypeCancerNasalCavitySinus",FALSE,"overall",TRUE,5,NA,5,"18;29","Female",365,2000-01-01,2019-12-31,NA,NA,"CPRDGold"
1,"56",2051628,3829887991,55,2000-01-01,2019-12-31,10485661.8507871,0.524525783709793,0.395144603755538,0.682742405722203,"FALSE","FALSE",3,"HeadNeckSubtypeCancerNasalCavitySinus",FALSE,"overall",TRUE,18,NA,5,"60;69","Both",365,2000-01-01,2019-12-31,NA,NA,"CPRDGold"
1,"57",5330993,14401624365,90,2000-01-01,2019-12-31,39429498.6036961,0.228255502066069,0.183544378432248,0.280564764218271,"FALSE","FALSE",3,"HeadNeckSubtypeCancerNasalCavitySinus",FALSE,"overall",TRUE,2,NA,5,"18;150","Female",365,2000-01-01,2019-12-31,NA,NA,"CPRDGold"
1,"58",1022337,1891217582,30,2000-01-01,2019-12-31,5177871.54551677,0.579388649105738,0.390911088533016,0.827113322884363,"FALSE","FALSE",3,"HeadNeckSubtypeCancerNasalCavitySinus",FALSE,"overall",TRUE,16,NA,5,"60;69","Male",365,2000-01-01,2019-12-31,NA,NA,"CPRDGold"
1,"59",2591853,4737714812,42,2000-01-01,2019-12-31,12971156.2272416,0.323795344564526,0.233363203728175,0.437677241595937,"FALSE","FALSE",3,"HeadNeckSubtypeCancerNasalCavitySinus",FALSE,"overall",TRUE,15,NA,5,"50;59","Both",365,2000-01-01,2019-12-31,NA,NA,"CPRDGold"
1,"6",3490130,5195865166,NA,2000-01-01,2019-12-31,14225503.5345654,NA,NA,NA,"FALSE","TRUE",1,"HeadNeckSubtypeCancerHypopharynx",FALSE,"overall",TRUE,6,NA,5,"18;29","Both",365,2000-01-01,2019-12-31,NA,NA,"CPRDGold"
1,"60",3490130,5195864641,NA,2000-01-01,2019-12-31,14225502.0971937,NA,NA,NA,"FALSE","TRUE",3,"HeadNeckSubtypeCancerNasalCavitySinus",FALSE,"overall",TRUE,6,NA,5,"18;29","Both",365,2000-01-01,2019-12-31,NA,NA,"CPRDGold"
1,"61",204896,226941515,NA,2000-01-01,2019-12-31,621332.005475702,NA,NA,NA,"FALSE","TRUE",3,"HeadNeckSubtypeCancerNasalCavitySinus",FALSE,"overall",TRUE,26,NA,5,"90;150","Female",365,2000-01-01,2019-12-31,NA,NA,"CPRDGold"
1,"62",2931121,5251045605,21,2000-01-01,2019-12-31,14376579.3429158,0.146070908100597,0.0904201943592495,0.22328489948314,"FALSE","FALSE",3,"HeadNeckSubtypeCancerNasalCavitySinus",FALSE,"overall",TRUE,12,NA,5,"40;49","Both",365,2000-01-01,2019-12-31,NA,NA,"CPRDGold"
1,"63",288542,311868872,NA,2000-01-01,2019-12-31,853850.436687201,NA,NA,NA,"FALSE","TRUE",3,"HeadNeckSubtypeCancerNasalCavitySinus",FALSE,"overall",TRUE,27,NA,5,"90;150","Both",365,2000-01-01,2019-12-31,NA,NA,"CPRDGold"
1,"64",557083,879784428,10,2000-01-01,2019-12-31,2408718.48870637,0.415158518809337,0.199084646820138,0.763491297478044,"FALSE","FALSE",3,"HeadNeckSubtypeCancerNasalCavitySinus",FALSE,"overall",TRUE,23,NA,5,"80;89","Female",365,2000-01-01,2019-12-31,NA,NA,"CPRDGold"
1,"65",922614,1433419342,23,2000-01-01,2019-12-31,3924488.27378508,0.586063669845471,0.371514093555504,0.879383259350338,"FALSE","FALSE",3,"HeadNeckSubtypeCancerNasalCavitySinus",FALSE,"overall",TRUE,24,NA,5,"80;89","Both",365,2000-01-01,2019-12-31,NA,NA,"CPRDGold"
1,"66",1414921,2579081511,NA,2000-01-01,2019-12-31,7061140.3449692,NA,NA,NA,"FALSE","TRUE",3,"HeadNeckSubtypeCancerNasalCavitySinus",FALSE,"overall",TRUE,11,NA,5,"40;49","Female",365,2000-01-01,2019-12-31,NA,NA,"CPRDGold"
1,"67",1633965,2417208174,5,2000-01-01,2019-12-31,6617955.30184805,0.0755520364213364,0.0245315405751542,0.176313250046647,"FALSE","FALSE",3,"HeadNeckSubtypeCancerNasalCavitySinus",FALSE,"overall",TRUE,8,NA,5,"30;39","Female",365,2000-01-01,2019-12-31,NA,NA,"CPRDGold"
1,"68",704017,1243120371,43,2000-01-01,2019-12-31,3403478.0862423,1.26341345266234,0.914338580223541,1.70180962952321,"FALSE","FALSE",3,"HeadNeckSubtypeCancerNasalCavitySinus",FALSE,"overall",TRUE,19,NA,5,"70;79","Male",365,2000-01-01,2019-12-31,NA,NA,"CPRDGold"
1,"69",83646,84927357,NA,2000-01-01,2019-12-31,232518.431211499,NA,NA,NA,"FALSE","TRUE",3,"HeadNeckSubtypeCancerNasalCavitySinus",FALSE,"overall",TRUE,25,NA,5,"90;150","Male",365,2000-01-01,2019-12-31,NA,NA,"CPRDGold"
1,"7",204896,226944130,NA,2000-01-01,2019-12-31,621339.16495551,NA,NA,NA,"FALSE","TRUE",1,"HeadNeckSubtypeCancerHypopharynx",FALSE,"overall",TRUE,26,NA,5,"90;150","Female",365,2000-01-01,2019-12-31,NA,NA,"CPRDGold"
1,"70",1659824,2632182934,NA,2000-01-01,2019-12-31,7206524.11772758,NA,NA,NA,"FALSE","TRUE",3,"HeadNeckSubtypeCancerNasalCavitySinus",FALSE,"overall",TRUE,4,NA,5,"18;29","Male",365,2000-01-01,2019-12-31,NA,NA,"CPRDGold"
1,"71",1508643,2697026876,68,2000-01-01,2019-12-31,7384057.15537303,0.920902947650122,0.715117172599334,1.16746392047225,"FALSE","FALSE",3,"HeadNeckSubtypeCancerNasalCavitySinus",FALSE,"overall",TRUE,21,NA,5,"70;79","Both",365,2000-01-01,2019-12-31,NA,NA,"CPRDGold"
1,"72",1272424,2342350116,19,2000-01-01,2019-12-31,6413005.10882957,0.29627295905067,0.178375675213745,0.462666925537516,"FALSE","FALSE",3,"HeadNeckSubtypeCancerNasalCavitySinus",FALSE,"overall",TRUE,14,NA,5,"50;59","Female",365,2000-01-01,2019-12-31,NA,NA,"CPRDGold"
1,"73",10384975,28340069232,221,2000-01-01,2019-12-31,77590880.8542095,0.284827285844649,0.248510443161663,0.32495844573387,"FALSE","FALSE",3,"HeadNeckSubtypeCancerNasalCavitySinus",FALSE,"overall",TRUE,3,NA,5,"18;150","Both",365,2000-01-01,2019-12-31,NA,NA,"CPRDGold"
1,"74",1029291,1938670409,25,2000-01-01,2019-12-31,5307790.30527036,0.471005796426741,0.304810117154868,0.69529746985079,"FALSE","FALSE",3,"HeadNeckSubtypeCancerNasalCavitySinus",FALSE,"overall",TRUE,17,NA,5,"60;69","Female",365,2000-01-01,2019-12-31,NA,NA,"CPRDGold"
1,"75",365531,553634914,13,2000-01-01,2019-12-31,1515769.78507871,0.857650028914181,0.456662519542461,1.46660766938328,"FALSE","FALSE",3,"HeadNeckSubtypeCancerNasalCavitySinus",FALSE,"overall",TRUE,22,NA,5,"80;89","Male",365,2000-01-01,2019-12-31,NA,NA,"CPRDGold"
1,"76",804626,1453906505,25,2000-01-01,2019-12-31,3980579.06913073,0.628049325633907,0.406440408966989,0.927124698607973,"FALSE","FALSE",3,"HeadNeckSubtypeCancerNasalCavitySinus",FALSE,"overall",TRUE,20,NA,5,"70;79","Female",365,2000-01-01,2019-12-31,NA,NA,"CPRDGold"
1,"77",1319429,2395364696,23,2000-01-01,2019-12-31,6558151.11841205,0.350708600407627,0.222319168524665,0.526235096930633,"FALSE","FALSE",3,"HeadNeckSubtypeCancerNasalCavitySinus",FALSE,"overall",TRUE,13,NA,5,"50;59","Male",365,2000-01-01,2019-12-31,NA,NA,"CPRDGold"
1,"78",1516200,2671964094,17,2000-01-01,2019-12-31,7315438.99794661,0.232385233541989,0.135372962202091,0.372071270412434,"FALSE","FALSE",3,"HeadNeckSubtypeCancerNasalCavitySinus",FALSE,"overall",TRUE,10,NA,5,"40;49","Male",365,2000-01-01,2019-12-31,NA,NA,"CPRDGold"
1,"79",3306776,4883241093,10,2000-01-01,2019-12-31,13369585.4702259,0.0747966346620847,0.0358678936367308,0.137553674218046,"FALSE","FALSE",3,"HeadNeckSubtypeCancerNasalCavitySinus",FALSE,"overall",TRUE,9,NA,5,"30;39","Both",365,2000-01-01,2019-12-31,NA,NA,"CPRDGold"
1,"8",2931128,5251052007,35,2000-01-01,2019-12-31,14376596.8706366,0.24345121668874,0.169572692493814,0.338581708919601,"FALSE","FALSE",1,"HeadNeckSubtypeCancerHypopharynx",FALSE,"overall",TRUE,12,NA,5,"40;49","Both",365,2000-01-01,2019-12-31,NA,NA,"CPRDGold"
1,"80",1672811,2466032919,5,2000-01-01,2019-12-31,6751630.16837782,0.0740561890285131,0.0240458429983656,0.172822441222757,"FALSE","FALSE",3,"HeadNeckSubtypeCancerNasalCavitySinus",FALSE,"overall",TRUE,7,NA,5,"30;39","Male",365,2000-01-01,2019-12-31,NA,NA,"CPRDGold"
1,"81",5053982,13938444867,131,2000-01-01,2019-12-31,38161382.2505133,0.343278970190441,0.287014812884765,0.407348879103758,"FALSE","FALSE",3,"HeadNeckSubtypeCancerNasalCavitySinus",FALSE,"overall",TRUE,1,NA,5,"18;150","Male",365,2000-01-01,2019-12-31,NA,NA,"CPRDGold"
1,"82",1830303,2563677853,NA,2000-01-01,2019-12-31,7018967.42778919,NA,NA,NA,"FALSE","TRUE",4,"HeadNeckSubtypeCancerNasopharynx",FALSE,"overall",TRUE,5,NA,5,"18;29","Female",365,2000-01-01,2019-12-31,NA,NA,"CPRDGold"
1,"83",2051604,3829807872,76,2000-01-01,2019-12-31,10485442.4969199,0.724814427453347,0.571071329550881,0.907213338791134,"FALSE","FALSE",4,"HeadNeckSubtypeCancerNasopharynx",FALSE,"overall",TRUE,18,NA,5,"60;69","Both",365,2000-01-01,2019-12-31,NA,NA,"CPRDGold"
1,"84",5330991,14401606016,102,2000-01-01,2019-12-31,39429448.366872,0.258689898603042,0.210930696823201,0.314031886668648,"FALSE","FALSE",4,"HeadNeckSubtypeCancerNasopharynx",FALSE,"overall",TRUE,2,NA,5,"18;150","Female",365,2000-01-01,2019-12-31,NA,NA,"CPRDGold"
1,"85",1022321,1891148618,57,2000-01-01,2019-12-31,5177682.73237509,1.10087857727531,0.833794683729519,1.42631588724415,"FALSE","FALSE",4,"HeadNeckSubtypeCancerNasopharynx",FALSE,"overall",TRUE,16,NA,5,"60;69","Male",365,2000-01-01,2019-12-31,NA,NA,"CPRDGold"
1,"86",2591835,4737651283,99,2000-01-01,2019-12-31,12970982.294319,0.763242118088158,0.62032553147063,0.929219892667225,"FALSE","FALSE",4,"HeadNeckSubtypeCancerNasopharynx",FALSE,"overall",TRUE,15,NA,5,"50;59","Both",365,2000-01-01,2019-12-31,NA,NA,"CPRDGold"
1,"87",3490120,5195843881,6,2000-01-01,2019-12-31,14225445.2594114,0.0421779416432008,0.0154785612213727,0.091803622202115,"FALSE","FALSE",4,"HeadNeckSubtypeCancerNasopharynx",FALSE,"overall",TRUE,6,NA,5,"18;29","Both",365,2000-01-01,2019-12-31,NA,NA,"CPRDGold"
1,"88",204896,226943493,NA,2000-01-01,2019-12-31,621337.420944559,NA,NA,NA,"FALSE","TRUE",4,"HeadNeckSubtypeCancerNasopharynx",FALSE,"overall",TRUE,26,NA,5,"90;150","Female",365,2000-01-01,2019-12-31,NA,NA,"CPRDGold"
1,"89",2931111,5251021017,35,2000-01-01,2019-12-31,14376512.0246407,0.24345265346707,0.169573693262564,0.338583707130449,"FALSE","FALSE",4,"HeadNeckSubtypeCancerNasopharynx",FALSE,"overall",TRUE,12,NA,5,"40;49","Both",365,2000-01-01,2019-12-31,NA,NA,"CPRDGold"
1,"9",288534,311862748,8,2000-01-01,2019-12-31,853833.67008898,0.936950635732871,0.404508781714894,1.84616627012971,"FALSE","FALSE",1,"HeadNeckSubtypeCancerHypopharynx",FALSE,"overall",TRUE,27,NA,5,"90;150","Both",365,2000-01-01,2019-12-31,NA,NA,"CPRDGold"
1,"90",288542,311870514,5,2000-01-01,2019-12-31,853854.932238193,0.58557956524226,0.190136090900454,1.36654736522242,"FALSE","FALSE",4,"HeadNeckSubtypeCancerNasopharynx",FALSE,"overall",TRUE,27,NA,5,"90;150","Both",365,2000-01-01,2019-12-31,NA,NA,"CPRDGold"
1,"91",557093,879796478,14,2000-01-01,2019-12-31,2408751.47980835,0.581213965714466,0.317755083513621,0.975178274668024,"FALSE","FALSE",4,"HeadNeckSubtypeCancerNasopharynx",FALSE,"overall",TRUE,23,NA,5,"80;89","Female",365,2000-01-01,2019-12-31,NA,NA,"CPRDGold"
1,"92",922622,1433422464,30,2000-01-01,2019-12-31,3924496.82135524,0.764429208777909,0.515757177105604,1.09127022760636,"FALSE","FALSE",4,"HeadNeckSubtypeCancerNasopharynx",FALSE,"overall",TRUE,24,NA,5,"80;89","Both",365,2000-01-01,2019-12-31,NA,NA,"CPRDGold"
1,"93",1414922,2579075819,11,2000-01-01,2019-12-31,7061124.76112252,0.155782547003904,0.0777660861831862,0.278738008166465,"FALSE","FALSE",4,"HeadNeckSubtypeCancerNasopharynx",FALSE,"overall",TRUE,11,NA,5,"40;49","Female",365,2000-01-01,2019-12-31,NA,NA,"CPRDGold"
1,"94",1633964,2417202217,7,2000-01-01,2019-12-31,6617938.99247091,0.105773111658535,0.042526276756581,0.217933035921164,"FALSE","FALSE",4,"HeadNeckSubtypeCancerNasopharynx",FALSE,"overall",TRUE,8,NA,5,"30;39","Female",365,2000-01-01,2019-12-31,NA,NA,"CPRDGold"
1,"95",704008,1243121191,39,2000-01-01,2019-12-31,3403480.33127995,1.14588586399538,0.814836866678968,1.56646369822807,"FALSE","FALSE",4,"HeadNeckSubtypeCancerNasopharynx",FALSE,"overall",TRUE,19,NA,5,"70;79","Male",365,2000-01-01,2019-12-31,NA,NA,"CPRDGold"
1,"96",83646,84927021,NA,2000-01-01,2019-12-31,232517.511293635,NA,NA,NA,"FALSE","TRUE",4,"HeadNeckSubtypeCancerNasopharynx",FALSE,"overall",TRUE,25,NA,5,"90;150","Male",365,2000-01-01,2019-12-31,NA,NA,"CPRDGold"
1,"97",1659817,2632166028,NA,2000-01-01,2019-12-31,7206477.83162218,NA,NA,NA,"FALSE","TRUE",4,"HeadNeckSubtypeCancerNasopharynx",FALSE,"overall",TRUE,4,NA,5,"18;29","Male",365,2000-01-01,2019-12-31,NA,NA,"CPRDGold"
1,"98",1508644,2697057625,57,2000-01-01,2019-12-31,7384141.34154689,0.77192455240922,0.584648117717109,1.00011779280883,"FALSE","FALSE",4,"HeadNeckSubtypeCancerNasopharynx",FALSE,"overall",TRUE,21,NA,5,"70;79","Both",365,2000-01-01,2019-12-31,NA,NA,"CPRDGold"
1,"99",1272414,2342314468,28,2000-01-01,2019-12-31,6412907.50992471,0.436619426627732,0.290130438136881,0.631036637915636,"FALSE","FALSE",4,"HeadNeckSubtypeCancerNasopharynx",FALSE,"overall",TRUE,14,NA,5,"50;59","Female",365,2000-01-01,2019-12-31,NA,NA,"CPRDGold"
