"records","n.max","n.start","events","rmean","se(rmean)","median","0.95LCL","0.95UCL","Method","Cancer","Gender","Age","Stratification","GenderAge","Database","CalenderYearGp"
1081,1081,1081,689,6.017071173661,0.266693647284795,2.46954140999316,2.0643394934976,2.91854893908282,"Kaplan-Meier","HeadNeckSubtypeCancerHypopharynx","Both","All","None",NA,"CPRDAurum","2000-2019"
5453,5453,5453,2766,8.67934330572346,0.126534264403245,6.63928815879535,6.21218343600274,7.16769336071184,"Kaplan-Meier","HeadNeckSubtypeCancerLarynx","Both","All","None",NA,"CPRDAurum","2000-2019"
488,488,488,274,7.32482368048711,0.417129917043971,4.27926078028747,2.82819986310746,5.20191649555099,"Kaplan-Meier","HeadNeckSubtypeCancerNasalCavitySinus","Both","All","None",NA,"CPRDAurum","2000-2019"
793,793,793,324,9.76742239274189,0.394538351377344,9.11156741957563,6.50513347022587,11.4168377823409,"Kaplan-Meier","HeadNeckSubtypeCancerNasopharynx","Both","All","None",NA,"CPRDAurum","2000-2019"
2584,2584,2584,1171,9.62121535133041,0.198125675838925,8.00547570157426,7.29363449691992,8.65982203969884,"Kaplan-Meier","HeadNeckSubtypeCancerOralCavityIncidence","Both","All","None",NA,"CPRDAurum","2000-2019"
4340,4340,4340,1714,9.9644086846067,0.175170019676949,8.87885010266941,7.90417522245038,9.89459274469541,"Kaplan-Meier","HeadNeckSubtypeCancerOropharynx","Both","All","None",NA,"CPRDAurum","2000-2019"
1573,1573,1573,614,10.4956409632241,0.278709709103088,9.21834360027379,8.06023271731691,11.3045859000684,"Kaplan-Meier","HeadNeckSubtypeCancerSalivaryGland","Both","All","None",NA,"CPRDAurum","2000-2019"
4418,4418,4418,1904,9.57410053619363,0.166620154578289,7.51540041067762,6.7460643394935,8.30937713894593,"Kaplan-Meier","HeadNeckSubtypeCancerTongueIncidence","Both","All","None",NA,"CPRDAurum","2000-2019"
836,836,836,527,6.22576463900771,0.306373376507223,2.5927446954141,2.08624229979466,3.22245037645448,"Kaplan-Meier","HeadNeckSubtypeCancerHypopharynx","Male","All","Gender",NA,"CPRDAurum","2000-2019"
245,245,245,162,5.14656018592452,0.512995948895053,2.17385352498289,1.6290212183436,3.23613963039014,"Kaplan-Meier","HeadNeckSubtypeCancerHypopharynx","Female","All","Gender",NA,"CPRDAurum","2000-2019"
4382,4382,4382,2258,8.60021704292631,0.139024564914687,6.5845311430527,6.11088295687885,7.1895961670089,"Kaplan-Meier","HeadNeckSubtypeCancerLarynx","Male","All","Gender",NA,"CPRDAurum","2000-2019"
1071,1071,1071,508,9.04175778557957,0.303367773224704,7.05544147843943,5.93018480492813,8.20807665982204,"Kaplan-Meier","HeadNeckSubtypeCancerLarynx","Female","All","Gender",NA,"CPRDAurum","2000-2019"
294,294,294,158,7.89553152071403,0.554213654223609,4.84599589322382,2.7296372347707,8,"Kaplan-Meier","HeadNeckSubtypeCancerNasalCavitySinus","Male","All","Gender",NA,"CPRDAurum","2000-2019"
194,194,194,116,6.41758461996034,0.612471971608869,3.91512662559891,2.16563997262149,5.00205338809035,"Kaplan-Meier","HeadNeckSubtypeCancerNasalCavitySinus","Female","All","Gender",NA,"CPRDAurum","2000-2019"
538,538,538,218,9.83763430527195,0.491634475304097,9.11156741957563,6.19849418206708,12.0328542094456,"Kaplan-Meier","HeadNeckSubtypeCancerNasopharynx","Male","All","Gender",NA,"CPRDAurum","2000-2019"
255,255,255,106,9.70702150518718,0.651765901183123,8.56947296372348,6.24503764544832,12.3504449007529,"Kaplan-Meier","HeadNeckSubtypeCancerNasopharynx","Female","All","Gender",NA,"CPRDAurum","2000-2019"
1539,1539,1539,707,9.41888932024928,0.259696867253853,7.57837097878166,6.55989048596851,8.64065708418891,"Kaplan-Meier","HeadNeckSubtypeCancerOralCavityIncidence","Male","All","Gender",NA,"CPRDAurum","2000-2019"
1045,1045,1045,464,9.92750285963722,0.306913182442759,8.26009582477755,7.49075975359343,9.87816563997262,"Kaplan-Meier","HeadNeckSubtypeCancerOralCavityIncidence","Female","All","Gender",NA,"CPRDAurum","2000-2019"
3167,3167,3167,1251,9.9206413404691,0.210442070733594,8.85147159479808,7.64134154688569,9.927446954141,"Kaplan-Meier","HeadNeckSubtypeCancerOropharynx","Male","All","Gender",NA,"CPRDAurum","2000-2019"
1173,1173,1173,463,10.1271821598827,0.319425978337511,9.05954825462012,7.70431211498973,11.7152635181383,"Kaplan-Meier","HeadNeckSubtypeCancerOropharynx","Female","All","Gender",NA,"CPRDAurum","2000-2019"
867,867,867,392,9.05540065481651,0.368866252630615,5.41273100616016,4.45995893223819,7.63039014373717,"Kaplan-Meier","HeadNeckSubtypeCancerSalivaryGland","Male","All","Gender",NA,"CPRDAurum","2000-2019"
706,706,706,222,12.2362501991872,0.410406299882506,14.3326488706366,11.6632443531828,NA,"Kaplan-Meier","HeadNeckSubtypeCancerSalivaryGland","Female","All","Gender",NA,"CPRDAurum","2000-2019"
2943,2943,2943,1269,9.42377313311892,0.206795927489175,7.20602327173169,6.43668720054757,8.12594113620808,"Kaplan-Meier","HeadNeckSubtypeCancerTongueIncidence","Male","All","Gender",NA,"CPRDAurum","2000-2019"
1475,1475,1475,635,9.85944518493772,0.281212165809692,8.32032854209446,6.93497604380561,9.58247775496235,"Kaplan-Meier","HeadNeckSubtypeCancerTongueIncidence","Female","All","Gender",NA,"CPRDAurum","2000-2019"
2,2,2,0,19.9808350444901,0,NA,NA,NA,"Kaplan-Meier","HeadNeckSubtypeCancerHypopharynx","Both",NA,"Age",NA,"CPRDAurum","2000-2019"
10,10,10,5,9.02541638147387,3.16426367161251,3.16221765913758,1.28952772073922,NA,"Kaplan-Meier","HeadNeckSubtypeCancerHypopharynx","Both",NA,"Age",NA,"CPRDAurum","2000-2019"
55,55,55,28,8.45306992274742,1.34217326381685,7.9233401779603,1.65639972621492,NA,"Kaplan-Meier","HeadNeckSubtypeCancerHypopharynx","Both",NA,"Age",NA,"CPRDAurum","2000-2019"
249,249,249,140,7.60956488532852,0.611656166187799,3.69609856262834,2.61464750171116,6.8993839835729,"Kaplan-Meier","HeadNeckSubtypeCancerHypopharynx","Both",NA,"Age",NA,"CPRDAurum","2000-2019"
373,373,373,241,6.1950141681297,0.450929357171415,2.40657084188912,1.82067077344285,3.28815879534565,"Kaplan-Meier","HeadNeckSubtypeCancerHypopharynx","Both",NA,"Age",NA,"CPRDAurum","2000-2019"
277,277,277,183,4.706325073809,0.373034102455634,2.26967830253251,1.83436002737851,3.35386721423682,"Kaplan-Meier","HeadNeckSubtypeCancerHypopharynx","Both",NA,"Age",NA,"CPRDAurum","2000-2019"
102,102,102,82,2.24285206304838,0.287502552891738,0.85968514715948,0.635181382614648,2.00136892539357,"Kaplan-Meier","HeadNeckSubtypeCancerHypopharynx","Both",NA,"Age",NA,"CPRDAurum","2000-2019"
13,13,13,10,2.40308417721149,1.7387358738572,0.355920602327173,0.254620123203285,NA,"Kaplan-Meier","HeadNeckSubtypeCancerHypopharynx","Both",NA,"Age",NA,"CPRDAurum","2000-2019"
11,11,11,2,13.0639288158795,3.79758483206486,NA,2.72689938398357,NA,"Kaplan-Meier","HeadNeckSubtypeCancerLarynx","Both",NA,"Age",NA,"CPRDAurum","2000-2019"
59,59,59,8,17.1390988466226,0.929916755434626,NA,NA,NA,"Kaplan-Meier","HeadNeckSubtypeCancerLarynx","Both",NA,"Age",NA,"CPRDAurum","2000-2019"
286,286,286,86,13.1286333611195,0.594949247745399,NA,18.0780287474333,NA,"Kaplan-Meier","HeadNeckSubtypeCancerLarynx","Both",NA,"Age",NA,"CPRDAurum","2000-2019"
1011,1011,1011,391,11.4650070216261,0.309650564970305,12.2737850787132,10.8364134154689,14.2505133470226,"Kaplan-Meier","HeadNeckSubtypeCancerLarynx","Both",NA,"Age",NA,"CPRDAurum","2000-2019"
1762,1762,1762,838,9.45044449274217,0.22244627073468,8.86516084873374,7.709787816564,9.75222450376454,"Kaplan-Meier","HeadNeckSubtypeCancerLarynx","Both",NA,"Age",NA,"CPRDAurum","2000-2019"
1543,1543,1543,902,6.93625887235194,0.198443649287266,4.9719370294319,4.59411362080767,5.5523613963039,"Kaplan-Meier","HeadNeckSubtypeCancerLarynx","Both",NA,"Age",NA,"CPRDAurum","2000-2019"
693,693,693,478,4.51371557367273,0.221387032061337,3.03353867214237,2.50239561943874,3.66050650239562,"Kaplan-Meier","HeadNeckSubtypeCancerLarynx","Both",NA,"Age",NA,"CPRDAurum","2000-2019"
88,88,88,61,2.62836611717579,0.389562574109137,1.12799452429843,0.731006160164271,3.01984941820671,"Kaplan-Meier","HeadNeckSubtypeCancerLarynx","Both",NA,"Age",NA,"CPRDAurum","2000-2019"
1,1,1,0,19.5975359342916,0,NA,NA,NA,"Kaplan-Meier","HeadNeckSubtypeCancerNasalCavitySinus","Both",NA,"Age",NA,"CPRDAurum","2000-2019"
14,14,14,2,16.8647697271927,1.7896404081493,NA,NA,NA,"Kaplan-Meier","HeadNeckSubtypeCancerNasalCavitySinus","Both",NA,"Age",NA,"CPRDAurum","2000-2019"
51,51,51,23,10.1470482745625,1.34619846712813,8.84873374401095,3.91512662559891,NA,"Kaplan-Meier","HeadNeckSubtypeCancerNasalCavitySinus","Both",NA,"Age",NA,"CPRDAurum","2000-2019"
80,80,80,32,10.787397206258,0.952308175081635,13.3661875427789,12.1889117043121,NA,"Kaplan-Meier","HeadNeckSubtypeCancerNasalCavitySinus","Both",NA,"Age",NA,"CPRDAurum","2000-2019"
129,129,129,72,7.30330656494319,0.783456843590074,4.62970568104038,2.05065023956194,7.98631074606434,"Kaplan-Meier","HeadNeckSubtypeCancerNasalCavitySinus","Both",NA,"Age",NA,"CPRDAurum","2000-2019"
121,121,121,74,6.6427498894426,0.830668851647771,2.64476386036961,1.54414784394251,5.04585900068446,"Kaplan-Meier","HeadNeckSubtypeCancerNasalCavitySinus","Both",NA,"Age",NA,"CPRDAurum","2000-2019"
75,75,75,59,2.42091285471695,0.317064088813761,1.44832306639288,0.955509924709103,2.32169746748802,"Kaplan-Meier","HeadNeckSubtypeCancerNasalCavitySinus","Both",NA,"Age",NA,"CPRDAurum","2000-2019"
17,17,17,12,4.73625639167371,1.907445492627,1.72210814510609,0.796714579055442,NA,"Kaplan-Meier","HeadNeckSubtypeCancerNasalCavitySinus","Both",NA,"Age",NA,"CPRDAurum","2000-2019"
19,19,19,3,16.0294033766826,1.98852332314709,NA,NA,NA,"Kaplan-Meier","HeadNeckSubtypeCancerNasopharynx","Both",NA,"Age",NA,"CPRDAurum","2000-2019"
66,66,66,10,16.1274810475088,1.12313838908779,NA,NA,NA,"Kaplan-Meier","HeadNeckSubtypeCancerNasopharynx","Both",NA,"Age",NA,"CPRDAurum","2000-2019"
120,120,120,33,13.0155608682814,0.994901737830252,NA,12.2546201232033,NA,"Kaplan-Meier","HeadNeckSubtypeCancerNasopharynx","Both",NA,"Age",NA,"CPRDAurum","2000-2019"
203,203,203,71,10.9144464776176,0.683089658144727,12.0301163586585,11.4168377823409,NA,"Kaplan-Meier","HeadNeckSubtypeCancerNasopharynx","Both",NA,"Age",NA,"CPRDAurum","2000-2019"
181,181,181,89,7.93326997594624,0.722205735539323,5.89733059548255,3.89596167008898,9.58247775496235,"Kaplan-Meier","HeadNeckSubtypeCancerNasopharynx","Both",NA,"Age",NA,"CPRDAurum","2000-2019"
142,142,142,81,5.8779720488127,0.723383256272909,3.77549623545517,1.97672826830938,6.87748117727584,"Kaplan-Meier","HeadNeckSubtypeCancerNasopharynx","Both",NA,"Age",NA,"CPRDAurum","2000-2019"
49,49,49,30,1.91445709719263,0.339688012059277,1.1937029431896,0.766598220396988,2.99794661190965,"Kaplan-Meier","HeadNeckSubtypeCancerNasopharynx","Both",NA,"Age",NA,"CPRDAurum","2000-2019"
13,13,13,7,1.98557363239088,0.734952731483839,0.235455167693361,0.136892539356605,NA,"Kaplan-Meier","HeadNeckSubtypeCancerNasopharynx","Both",NA,"Age",NA,"CPRDAurum","2000-2019"
25,25,25,1,19.1490759753593,0.77739863376708,NA,NA,NA,"Kaplan-Meier","HeadNeckSubtypeCancerOralCavityIncidence","Both",NA,"Age",NA,"CPRDAurum","2000-2019"
68,68,68,7,17.7359585447098,0.787888616121642,NA,NA,NA,"Kaplan-Meier","HeadNeckSubtypeCancerOralCavityIncidence","Both",NA,"Age",NA,"CPRDAurum","2000-2019"
246,246,246,50,15.4636890593948,0.549541353833233,NA,NA,NA,"Kaplan-Meier","HeadNeckSubtypeCancerOralCavityIncidence","Both",NA,"Age",NA,"CPRDAurum","2000-2019"
568,568,568,209,11.4466677372018,0.427436730448506,12.4626967830253,8.47638603696099,16.498288843258,"Kaplan-Meier","HeadNeckSubtypeCancerOralCavityIncidence","Both",NA,"Age",NA,"CPRDAurum","2000-2019"
696,696,696,331,9.15797907699823,0.369919753507494,8.08213552361396,6.77618069815195,9.50034223134839,"Kaplan-Meier","HeadNeckSubtypeCancerOralCavityIncidence","Both",NA,"Age",NA,"CPRDAurum","2000-2019"
555,555,555,294,7.87694799817461,0.370123896397692,6.26967830253251,5.19096509240246,7.81930184804928,"Kaplan-Meier","HeadNeckSubtypeCancerOralCavityIncidence","Both",NA,"Age",NA,"CPRDAurum","2000-2019"
359,359,359,230,4.86754053058936,0.375681631052046,2.97878165639973,2.25598904859685,4,"Kaplan-Meier","HeadNeckSubtypeCancerOralCavityIncidence","Both",NA,"Age",NA,"CPRDAurum","2000-2019"
67,67,67,49,2.1515577532478,0.352225006843005,1.20465434633812,0.772073921971253,1.88911704312115,"Kaplan-Meier","HeadNeckSubtypeCancerOralCavityIncidence","Both",NA,"Age",NA,"CPRDAurum","2000-2019"
7,7,7,3,12.7571135230273,3.15382188127567,NA,3.05270362765229,NA,"Kaplan-Meier","HeadNeckSubtypeCancerOropharynx","Both",NA,"Age",NA,"CPRDAurum","2000-2019"
50,50,50,10,15.6370657012084,1.21928041824071,NA,NA,NA,"Kaplan-Meier","HeadNeckSubtypeCancerOropharynx","Both",NA,"Age",NA,"CPRDAurum","2000-2019"
531,531,531,143,13.7434796518049,0.437551647765654,NA,NA,NA,"Kaplan-Meier","HeadNeckSubtypeCancerOropharynx","Both",NA,"Age",NA,"CPRDAurum","2000-2019"
1491,1491,1491,484,11.5173875358071,0.306173489178866,12.2874743326489,11.1266255989049,14.6201232032854,"Kaplan-Meier","HeadNeckSubtypeCancerOropharynx","Both",NA,"Age",NA,"CPRDAurum","2000-2019"
1347,1347,1347,538,9.12282288027044,0.318319113073255,7.76454483230664,6.45311430527036,9.49760438056126,"Kaplan-Meier","HeadNeckSubtypeCancerOropharynx","Both",NA,"Age",NA,"CPRDAurum","2000-2019"
682,682,682,379,6.24195591229191,0.350913494713509,3.36208076659822,2.66392881587953,3.92881587953457,"Kaplan-Meier","HeadNeckSubtypeCancerOropharynx","Both",NA,"Age",NA,"CPRDAurum","2000-2019"
198,198,198,129,3.68090961436848,0.418258666488809,1.4072553045859,1.01848049281314,2.37371663244353,"Kaplan-Meier","HeadNeckSubtypeCancerOropharynx","Both",NA,"Age",NA,"CPRDAurum","2000-2019"
34,34,34,28,0.991483647261821,0.266581035514477,0.446269678302533,0.240930869267625,0.766598220396988,"Kaplan-Meier","HeadNeckSubtypeCancerOropharynx","Both",NA,"Age",NA,"CPRDAurum","2000-2019"
36,36,36,3,16.9259069130732,1.80932297242447,NA,NA,NA,"Kaplan-Meier","HeadNeckSubtypeCancerSalivaryGland","Both",NA,"Age",NA,"CPRDAurum","2000-2019"
80,80,80,5,18.5595217201078,0.594178533458431,NA,NA,NA,"Kaplan-Meier","HeadNeckSubtypeCancerSalivaryGland","Both",NA,"Age",NA,"CPRDAurum","2000-2019"
163,163,163,36,14.1065606073721,0.813279376394262,NA,16.082135523614,NA,"Kaplan-Meier","HeadNeckSubtypeCancerSalivaryGland","Both",NA,"Age",NA,"CPRDAurum","2000-2019"
255,255,255,59,14.6849586594348,0.587433213988006,NA,NA,NA,"Kaplan-Meier","HeadNeckSubtypeCancerSalivaryGland","Both",NA,"Age",NA,"CPRDAurum","2000-2019"
330,330,330,116,11.2647147145444,0.612173145918006,12.8514715947981,10.5681040383299,NA,"Kaplan-Meier","HeadNeckSubtypeCancerSalivaryGland","Both",NA,"Age",NA,"CPRDAurum","2000-2019"
381,381,381,183,7.84179232032667,0.454955019849645,5.33607118412047,4.05749486652977,8.06023271731691,"Kaplan-Meier","HeadNeckSubtypeCancerSalivaryGland","Both",NA,"Age",NA,"CPRDAurum","2000-2019"
259,259,259,165,4.35529127649129,0.434946020040612,2.41752224503765,1.92470910335387,3.17590691307324,"Kaplan-Meier","HeadNeckSubtypeCancerSalivaryGland","Both",NA,"Age",NA,"CPRDAurum","2000-2019"
69,69,69,47,2.20540749138836,0.339791481412341,1.24572210814511,0.845995893223819,2.18480492813142,"Kaplan-Meier","HeadNeckSubtypeCancerSalivaryGland","Both",NA,"Age",NA,"CPRDAurum","2000-2019"
19,19,19,3,15.2699777549624,2.38679190754146,NA,6.35455167693361,NA,"Kaplan-Meier","HeadNeckSubtypeCancerTongueIncidence","Both",NA,"Age",NA,"CPRDAurum","2000-2019"
105,105,105,23,14.4071426456743,1.02796660063517,NA,NA,NA,"Kaplan-Meier","HeadNeckSubtypeCancerTongueIncidence","Both",NA,"Age",NA,"CPRDAurum","2000-2019"
448,448,448,129,13.4518585103696,0.472584251163837,NA,14.5352498288843,NA,"Kaplan-Meier","HeadNeckSubtypeCancerTongueIncidence","Both",NA,"Age",NA,"CPRDAurum","2000-2019"
1199,1199,1199,408,11.6555257750928,0.319904663375423,12.539356605065,10.5817932922656,NA,"Kaplan-Meier","HeadNeckSubtypeCancerTongueIncidence","Both",NA,"Age",NA,"CPRDAurum","2000-2019"
1323,1323,1323,583,9.19862418773581,0.303537386966969,7.01984941820671,5.90554414784394,9.2621492128679,"Kaplan-Meier","HeadNeckSubtypeCancerTongueIncidence","Both",NA,"Age",NA,"CPRDAurum","2000-2019"
853,853,853,442,6.82405638914376,0.345856876953683,4.06570841889117,3.5482546201232,5.07871321013005,"Kaplan-Meier","HeadNeckSubtypeCancerTongueIncidence","Both",NA,"Age",NA,"CPRDAurum","2000-2019"
398,398,398,256,4.28670217570166,0.449052229548362,2.07802874743326,1.51676933607118,2.43394934976044,"Kaplan-Meier","HeadNeckSubtypeCancerTongueIncidence","Both",NA,"Age",NA,"CPRDAurum","2000-2019"
73,73,73,60,1.83634263333483,0.264672278890153,0.766598220396988,0.511978097193703,1.67008898015058,"Kaplan-Meier","HeadNeckSubtypeCancerTongueIncidence","Both",NA,"Age",NA,"CPRDAurum","2000-2019"
3,3,3,2,2.0041067761807,0.431441040709243,2.53251197809719,0.947296372347707,NA,"Kaplan-Meier","HeadNeckSubtypeCancerHypopharynx","Female","30-39","Age*Gender","Female_30-39","CPRDAurum","2000-2019"
10,10,10,9,1.54934976043806,0.475339263933761,0.880219028062971,0.369609856262834,NA,"Kaplan-Meier","HeadNeckSubtypeCancerHypopharynx","Female","40-49","Age*Gender","Female_40-49","CPRDAurum","2000-2019"
69,69,69,40,6.1442595840903,0.769402476193988,2.8993839835729,1.79329226557153,7.98904859685147,"Kaplan-Meier","HeadNeckSubtypeCancerHypopharynx","Female","50-59","Age*Gender","Female_50-59","CPRDAurum","2000-2019"
67,67,67,46,4.82640710075156,0.638116933215883,2.20396988364134,1.34428473648186,6.37645448323066,"Kaplan-Meier","HeadNeckSubtypeCancerHypopharynx","Female","60-69","Age*Gender","Female_60-69","CPRDAurum","2000-2019"
56,56,56,35,5.98561348539971,1.06222999194151,3.03080082135524,1.72758384668036,8.75838466803559,"Kaplan-Meier","HeadNeckSubtypeCancerHypopharynx","Female","70-79","Age*Gender","Female_70-79","CPRDAurum","2000-2019"
34,34,34,27,1.43884173643323,0.300096193396427,0.558521560574949,0.342231348391513,1.9192334017796,"Kaplan-Meier","HeadNeckSubtypeCancerHypopharynx","Female","80-89","Age*Gender","Female_80-89","CPRDAurum","2000-2019"
6,6,6,3,5.71906608867595,4.58442995957247,0.355920602327173,0.227241615331964,NA,"Kaplan-Meier","HeadNeckSubtypeCancerHypopharynx","Female",">=90","Age*Gender","Female_>=90","CPRDAurum","2000-2019"
2,2,2,0,19.9808350444901,0,NA,NA,NA,"Kaplan-Meier","HeadNeckSubtypeCancerHypopharynx","Male","18-29","Age*Gender","Male_18-29","CPRDAurum","2000-2019"
7,7,7,3,10.7702486881132,3.77648391518929,3.16221765913758,1.28952772073922,NA,"Kaplan-Meier","HeadNeckSubtypeCancerHypopharynx","Male","30-39","Age*Gender","Male_30-39","CPRDAurum","2000-2019"
45,45,45,19,9.96690716473613,1.52795728609302,10.5352498288843,4.68446269678302,NA,"Kaplan-Meier","HeadNeckSubtypeCancerHypopharynx","Male","40-49","Age*Gender","Male_40-49","CPRDAurum","2000-2019"
180,180,180,100,7.93478788030993,0.719117652164049,3.69609856262834,2.84462696783025,7.7015742642026,"Kaplan-Meier","HeadNeckSubtypeCancerHypopharynx","Male","50-59","Age*Gender","Male_50-59","CPRDAurum","2000-2019"
306,306,306,195,6.29854906167763,0.50263344136852,2.40657084188912,1.67282683093771,3.59479808350445,"Kaplan-Meier","HeadNeckSubtypeCancerHypopharynx","Male","60-69","Age*Gender","Male_60-69","CPRDAurum","2000-2019"
221,221,221,148,4.55224029823536,0.415509424026729,2.26967830253251,1.81793292265572,3.35386721423682,"Kaplan-Meier","HeadNeckSubtypeCancerHypopharynx","Male","70-79","Age*Gender","Male_70-79","CPRDAurum","2000-2019"
68,68,68,55,2.58022618213426,0.372530559905967,1.60711841204654,0.68993839835729,2.62012320328542,"Kaplan-Meier","HeadNeckSubtypeCancerHypopharynx","Male","80-89","Age*Gender","Male_80-89","CPRDAurum","2000-2019"
7,7,7,7,0.710276718490271,0.22373715014931,0.558521560574949,0.254620123203285,NA,"Kaplan-Meier","HeadNeckSubtypeCancerHypopharynx","Male",">=90","Age*Gender","Male_>=90","CPRDAurum","2000-2019"
7,7,7,0,19.9972621492129,0,NA,NA,NA,"Kaplan-Meier","HeadNeckSubtypeCancerLarynx","Female","18-29","Age*Gender","Female_18-29","CPRDAurum","2000-2019"
36,36,36,4,17.5519062452777,1.13704466463444,NA,NA,NA,"Kaplan-Meier","HeadNeckSubtypeCancerLarynx","Female","30-39","Age*Gender","Female_30-39","CPRDAurum","2000-2019"
65,65,65,14,14.9901681868787,1.1608796482071,NA,NA,NA,"Kaplan-Meier","HeadNeckSubtypeCancerLarynx","Female","40-49","Age*Gender","Female_40-49","CPRDAurum","2000-2019"
194,194,194,59,13.0002071374537,0.724762674238484,NA,12.952772073922,NA,"Kaplan-Meier","HeadNeckSubtypeCancerLarynx","Female","50-59","Age*Gender","Female_50-59","CPRDAurum","2000-2019"
303,303,303,135,9.42992460476274,0.56700221891453,7.94524298425736,6.5160848733744,11.2498288843258,"Kaplan-Meier","HeadNeckSubtypeCancerLarynx","Female","60-69","Age*Gender","Female_60-69","CPRDAurum","2000-2019"
307,307,307,180,6.96778931986506,0.465311129787346,4.46543463381246,3.43600273785079,5.93018480492813,"Kaplan-Meier","HeadNeckSubtypeCancerLarynx","Female","70-79","Age*Gender","Female_70-79","CPRDAurum","2000-2019"
132,132,132,99,4.10660428043599,0.511571275956121,1.64818617385353,1.22381930184805,3.92060232717317,"Kaplan-Meier","HeadNeckSubtypeCancerLarynx","Female","80-89","Age*Gender","Female_80-89","CPRDAurum","2000-2019"
27,27,27,17,3.47203219769496,1.00143192060877,0.662559890485969,0.42984257357974,NA,"Kaplan-Meier","HeadNeckSubtypeCancerLarynx","Female",">=90","Age*Gender","Female_>=90","CPRDAurum","2000-2019"
4,4,4,2,11.3305954825462,4.33339052467392,2.72689938398357,2.6009582477755,NA,"Kaplan-Meier","HeadNeckSubtypeCancerLarynx","Male","18-29","Age*Gender","Male_18-29","CPRDAurum","2000-2019"
23,23,23,4,16.4473126690786,1.5973520198279,NA,NA,NA,"Kaplan-Meier","HeadNeckSubtypeCancerLarynx","Male","30-39","Age*Gender","Male_30-39","CPRDAurum","2000-2019"
221,221,221,72,12.639118099539,0.677969111845915,18.0780287474333,14.8528405201917,NA,"Kaplan-Meier","HeadNeckSubtypeCancerLarynx","Male","40-49","Age*Gender","Male_40-49","CPRDAurum","2000-2019"
817,817,817,332,11.1468616872517,0.339972475997116,11.5619438740589,10.1574264202601,13.4264202600958,"Kaplan-Meier","HeadNeckSubtypeCancerLarynx","Male","50-59","Age*Gender","Male_50-59","CPRDAurum","2000-2019"
1459,1459,1459,703,9.45172261971234,0.241862900289943,8.9719370294319,7.72073921971253,9.99315537303217,"Kaplan-Meier","HeadNeckSubtypeCancerLarynx","Male","60-69","Age*Gender","Male_60-69","CPRDAurum","2000-2019"
1236,1236,1236,722,6.91516354088112,0.2184066561192,5.23477070499658,4.6570841889117,5.73032169746749,"Kaplan-Meier","HeadNeckSubtypeCancerLarynx","Male","70-79","Age*Gender","Male_70-79","CPRDAurum","2000-2019"
561,561,561,379,4.62488369575081,0.245780317622861,3.12662559890486,2.74880219028063,3.83025325119781,"Kaplan-Meier","HeadNeckSubtypeCancerLarynx","Male","80-89","Age*Gender","Male_80-89","CPRDAurum","2000-2019"
61,61,61,44,2.28908468740041,0.323786098705947,1.39356605065024,0.862422997946612,3.09103353867214,"Kaplan-Meier","HeadNeckSubtypeCancerLarynx","Male",">=90","Age*Gender","Male_>=90","CPRDAurum","2000-2019"
4,4,4,0,19.5975359342916,0,NA,NA,NA,"Kaplan-Meier","HeadNeckSubtypeCancerNasalCavitySinus","Female","30-39","Age*Gender","Female_30-39","CPRDAurum","2000-2019"
22,22,22,12,8.06086674592024,1.86533386434882,3.91512662559891,1.53319644079398,NA,"Kaplan-Meier","HeadNeckSubtypeCancerNasalCavitySinus","Female","40-49","Age*Gender","Female_40-49","CPRDAurum","2000-2019"
22,22,22,12,7.81522645816508,1.50176914908162,5.74948665297741,2.7296372347707,NA,"Kaplan-Meier","HeadNeckSubtypeCancerNasalCavitySinus","Female","50-59","Age*Gender","Female_50-59","CPRDAurum","2000-2019"
52,52,52,31,7.14987547391518,1.20530087161685,4.62970568104038,1.99863107460643,7.98631074606434,"Kaplan-Meier","HeadNeckSubtypeCancerNasalCavitySinus","Female","60-69","Age*Gender","Female_60-69","CPRDAurum","2000-2019"
53,53,53,29,7.53013286530233,1.30688435060056,3.14579055441478,1.85626283367556,12.4818617385352,"Kaplan-Meier","HeadNeckSubtypeCancerNasalCavitySinus","Female","70-79","Age*Gender","Female_70-79","CPRDAurum","2000-2019"
37,37,37,29,1.91949174151449,0.343136187746009,0.955509924709103,0.596851471594798,2.17111567419576,"Kaplan-Meier","HeadNeckSubtypeCancerNasalCavitySinus","Female","80-89","Age*Gender","Female_80-89","CPRDAurum","2000-2019"
4,4,4,3,7.00273785078713,3.70488907957241,3.96577686516085,0.48186173853525,NA,"Kaplan-Meier","HeadNeckSubtypeCancerNasalCavitySinus","Female",">=90","Age*Gender","Female_>=90","CPRDAurum","2000-2019"
1,1,1,0,19.5975359342916,0,NA,NA,NA,"Kaplan-Meier","HeadNeckSubtypeCancerNasalCavitySinus","Male","18-29","Age*Gender","Male_18-29","CPRDAurum","2000-2019"
10,10,10,2,15.7716632443532,2.42060001763061,NA,NA,NA,"Kaplan-Meier","HeadNeckSubtypeCancerNasalCavitySinus","Male","30-39","Age*Gender","Male_30-39","CPRDAurum","2000-2019"
29,29,29,11,12.0712847434948,1.73562554175632,NA,6.06707734428474,NA,"Kaplan-Meier","HeadNeckSubtypeCancerNasalCavitySinus","Male","40-49","Age*Gender","Male_40-49","CPRDAurum","2000-2019"
58,58,58,20,11.9039935659352,1.18118354068392,13.3661875427789,12.8323066392882,NA,"Kaplan-Meier","HeadNeckSubtypeCancerNasalCavitySinus","Male","50-59","Age*Gender","Male_50-59","CPRDAurum","2000-2019"
77,77,77,41,7.72493871313643,1.02434163277719,4.33949349760438,1.91649555099247,12.0246406570842,"Kaplan-Meier","HeadNeckSubtypeCancerNasalCavitySinus","Male","60-69","Age*Gender","Male_60-69","CPRDAurum","2000-2019"
68,68,68,45,6.05296498106066,1.06736016635607,1.76591375770021,1.15537303216975,5.11430527036276,"Kaplan-Meier","HeadNeckSubtypeCancerNasalCavitySinus","Male","70-79","Age*Gender","Male_70-79","CPRDAurum","2000-2019"
38,38,38,30,2.8645259064693,0.48929997262391,2.17932922655715,1.16632443531828,3.53730321697467,"Kaplan-Meier","HeadNeckSubtypeCancerNasalCavitySinus","Male","80-89","Age*Gender","Male_80-89","CPRDAurum","2000-2019"
13,13,13,9,4.06672314680528,2.38201715430503,1.27857631759069,0.796714579055442,NA,"Kaplan-Meier","HeadNeckSubtypeCancerNasalCavitySinus","Male",">=90","Age*Gender","Male_>=90","CPRDAurum","2000-2019"
10,10,10,1,17.1789185489391,2.44489009580922,NA,NA,NA,"Kaplan-Meier","HeadNeckSubtypeCancerNasopharynx","Female","18-29","Age*Gender","Female_18-29","CPRDAurum","2000-2019"
23,23,23,4,13.7488517890268,3.13947052736036,NA,7.46338124572211,NA,"Kaplan-Meier","HeadNeckSubtypeCancerNasopharynx","Female","30-39","Age*Gender","Female_30-39","CPRDAurum","2000-2019"
33,33,33,12,12.0810500315938,1.65573604713254,13.2977412731006,6.77618069815195,NA,"Kaplan-Meier","HeadNeckSubtypeCancerNasopharynx","Female","40-49","Age*Gender","Female_40-49","CPRDAurum","2000-2019"
63,63,63,20,11.9077733964179,1.20136037440883,18.5160848733744,7.93429158110883,NA,"Kaplan-Meier","HeadNeckSubtypeCancerNasopharynx","Female","50-59","Age*Gender","Female_50-59","CPRDAurum","2000-2019"
52,52,52,28,8.065911929681,1.15070013393613,8.10677618069815,4.24093086926762,NA,"Kaplan-Meier","HeadNeckSubtypeCancerNasopharynx","Female","60-69","Age*Gender","Female_60-69","CPRDAurum","2000-2019"
49,49,49,28,6.94674247764417,1.38762586067899,3.57563312799452,1.53867214236824,10.3080082135524,"Kaplan-Meier","HeadNeckSubtypeCancerNasopharynx","Female","70-79","Age*Gender","Female_70-79","CPRDAurum","2000-2019"
22,22,22,11,3.5024796216788,1.85366506956568,1.50855578370979,1.1006160164271,NA,"Kaplan-Meier","HeadNeckSubtypeCancerNasopharynx","Female","80-89","Age*Gender","Female_80-89","CPRDAurum","2000-2019"
3,3,3,2,3.33013917408168,1.32040332320687,4.94729637234771,0.0958247775496235,NA,"Kaplan-Meier","HeadNeckSubtypeCancerNasopharynx","Female",">=90","Age*Gender","Female_>=90","CPRDAurum","2000-2019"
9,9,9,2,14.1485088491249,3.41037075010478,NA,1.91375770020534,NA,"Kaplan-Meier","HeadNeckSubtypeCancerNasopharynx","Male","18-29","Age*Gender","Male_18-29","CPRDAurum","2000-2019"
43,43,43,6,16.7048953522032,1.22144407926492,NA,NA,NA,"Kaplan-Meier","HeadNeckSubtypeCancerNasopharynx","Male","30-39","Age*Gender","Male_30-39","CPRDAurum","2000-2019"
87,87,87,21,13.9305940677397,1.10875891413765,NA,NA,NA,"Kaplan-Meier","HeadNeckSubtypeCancerNasopharynx","Male","40-49","Age*Gender","Male_40-49","CPRDAurum","2000-2019"
140,140,140,51,10.6437203466235,0.921939923750847,12.0301163586585,7.29637234770705,NA,"Kaplan-Meier","HeadNeckSubtypeCancerNasopharynx","Male","50-59","Age*Gender","Male_50-59","CPRDAurum","2000-2019"
129,129,129,61,7.91719649894036,0.948113791790821,5.0321697467488,3.35934291581109,10.6776180698152,"Kaplan-Meier","HeadNeckSubtypeCancerNasopharynx","Male","60-69","Age*Gender","Male_60-69","CPRDAurum","2000-2019"
93,93,93,53,5.37335230679741,0.566079372349554,4.47091033538672,1.88364134154689,9.11156741957563,"Kaplan-Meier","HeadNeckSubtypeCancerNasopharynx","Male","70-79","Age*Gender","Male_70-79","CPRDAurum","2000-2019"
27,27,27,19,1.84758610987404,0.461540971494358,0.804928131416838,0.355920602327173,NA,"Kaplan-Meier","HeadNeckSubtypeCancerNasopharynx","Male","80-89","Age*Gender","Male_80-89","CPRDAurum","2000-2019"
10,10,10,5,1.01004791238877,0.477488967528083,0.235455167693361,0.136892539356605,NA,"Kaplan-Meier","HeadNeckSubtypeCancerNasopharynx","Male",">=90","Age*Gender","Male_>=90","CPRDAurum","2000-2019"
7,7,7,0,19.9425051334702,0,NA,NA,NA,"Kaplan-Meier","HeadNeckSubtypeCancerOralCavityIncidence","Female","18-29","Age*Gender","Female_18-29","CPRDAurum","2000-2019"
24,24,24,3,17.2695718669457,1.42736347191989,NA,NA,NA,"Kaplan-Meier","HeadNeckSubtypeCancerOralCavityIncidence","Female","30-39","Age*Gender","Female_30-39","CPRDAurum","2000-2019"
89,89,89,17,15.9232532933069,0.854276811246879,NA,NA,NA,"Kaplan-Meier","HeadNeckSubtypeCancerOralCavityIncidence","Female","40-49","Age*Gender","Female_40-49","CPRDAurum","2000-2019"
202,202,202,65,12.1895796170252,0.708686094560504,13.9575633127995,8.14784394250513,NA,"Kaplan-Meier","HeadNeckSubtypeCancerOralCavityIncidence","Female","50-59","Age*Gender","Female_50-59","CPRDAurum","2000-2019"
247,247,247,100,10.5818138307245,0.647967500978732,10.5106091718001,7.49623545516769,13.3305954825462,"Kaplan-Meier","HeadNeckSubtypeCancerOralCavityIncidence","Female","60-69","Age*Gender","Female_60-69","CPRDAurum","2000-2019"
236,236,236,112,9.12316752653676,0.561778717049174,8.70636550308008,6.85831622176591,11.0362765229295,"Kaplan-Meier","HeadNeckSubtypeCancerOralCavityIncidence","Female","70-79","Age*Gender","Female_70-79","CPRDAurum","2000-2019"
199,199,199,134,4.56535800950869,0.469465545056132,2.53798767967146,1.41820670773443,3.57837097878166,"Kaplan-Meier","HeadNeckSubtypeCancerOralCavityIncidence","Female","80-89","Age*Gender","Female_80-89","CPRDAurum","2000-2019"
41,41,41,33,1.8390794966984,0.403857433410169,0.933607118412047,0.462696783025325,2.05886379192334,"Kaplan-Meier","HeadNeckSubtypeCancerOralCavityIncidence","Female",">=90","Age*Gender","Female_>=90","CPRDAurum","2000-2019"
18,18,18,1,18.8405201916496,1.07093686410004,NA,NA,NA,"Kaplan-Meier","HeadNeckSubtypeCancerOralCavityIncidence","Male","18-29","Age*Gender","Male_18-29","CPRDAurum","2000-2019"
44,44,44,4,18.0468521710105,0.902456824856805,NA,NA,NA,"Kaplan-Meier","HeadNeckSubtypeCancerOralCavityIncidence","Male","30-39","Age*Gender","Male_30-39","CPRDAurum","2000-2019"
157,157,157,33,15.1910202953462,0.714996249143,NA,NA,NA,"Kaplan-Meier","HeadNeckSubtypeCancerOralCavityIncidence","Male","40-49","Age*Gender","Male_40-49","CPRDAurum","2000-2019"
366,366,366,144,11.0322174684743,0.534085832223899,11.6002737850787,7.43326488706365,17.5030800821355,"Kaplan-Meier","HeadNeckSubtypeCancerOralCavityIncidence","Male","50-59","Age*Gender","Male_50-59","CPRDAurum","2000-2019"
449,449,449,231,8.38758307709548,0.443597056957361,6.78439425051335,4.82409308692676,8.5968514715948,"Kaplan-Meier","HeadNeckSubtypeCancerOralCavityIncidence","Male","60-69","Age*Gender","Male_60-69","CPRDAurum","2000-2019"
319,319,319,182,6.95609274980644,0.499538884967994,4.47364818617385,3.6249144421629,5.927446954141,"Kaplan-Meier","HeadNeckSubtypeCancerOralCavityIncidence","Male","70-79","Age*Gender","Male_70-79","CPRDAurum","2000-2019"
160,160,160,96,5.37358451790418,0.630921515302777,3.7864476386037,2.64476386036961,4.83504449007529,"Kaplan-Meier","HeadNeckSubtypeCancerOralCavityIncidence","Male","80-89","Age*Gender","Male_80-89","CPRDAurum","2000-2019"
26,26,26,16,4.96666374460479,1.77540720406693,1.67556468172485,0.982888432580424,NA,"Kaplan-Meier","HeadNeckSubtypeCancerOralCavityIncidence","Male",">=90","Age*Gender","Male_>=90","CPRDAurum","2000-2019"
2,2,2,0,19.9972621492129,0,NA,NA,NA,"Kaplan-Meier","HeadNeckSubtypeCancerOropharynx","Female","18-29","Age*Gender","Female_18-29","CPRDAurum","2000-2019"
17,17,17,2,17.2519963495323,1.80343911737582,NA,NA,NA,"Kaplan-Meier","HeadNeckSubtypeCancerOropharynx","Female","30-39","Age*Gender","Female_30-39","CPRDAurum","2000-2019"
144,144,144,44,13.2188871696547,0.825684135473262,NA,8.46817248459959,NA,"Kaplan-Meier","HeadNeckSubtypeCancerOropharynx","Female","40-49","Age*Gender","Female_40-49","CPRDAurum","2000-2019"
364,364,364,123,11.5301701619107,0.576222840649158,13.3388090349076,8.78302532511978,NA,"Kaplan-Meier","HeadNeckSubtypeCancerOropharynx","Female","50-59","Age*Gender","Female_50-59","CPRDAurum","2000-2019"
354,354,354,130,9.99574699551494,0.597936093690842,10.3819301848049,7.07460643394935,14.9705681040383,"Kaplan-Meier","HeadNeckSubtypeCancerOropharynx","Female","60-69","Age*Gender","Female_60-69","CPRDAurum","2000-2019"
209,209,209,102,7.78315785061634,0.646294583832882,5.28405201916496,4.25188227241615,9.5523613963039,"Kaplan-Meier","HeadNeckSubtypeCancerOropharynx","Female","70-79","Age*Gender","Female_70-79","CPRDAurum","2000-2019"
69,69,69,52,3.54473415200829,0.653095057413244,1.29226557152635,0.676249144421629,3.21971252566735,"Kaplan-Meier","HeadNeckSubtypeCancerOropharynx","Female","80-89","Age*Gender","Female_80-89","CPRDAurum","2000-2019"
14,14,14,10,1.20747042143346,0.395445842285987,0.558521560574949,0.339493497604381,NA,"Kaplan-Meier","HeadNeckSubtypeCancerOropharynx","Female",">=90","Age*Gender","Female_>=90","CPRDAurum","2000-2019"
5,5,5,3,10.4509240246407,3.64002083164656,8.19986310746064,3.05270362765229,NA,"Kaplan-Meier","HeadNeckSubtypeCancerOropharynx","Male","18-29","Age*Gender","Male_18-29","CPRDAurum","2000-2019"
33,33,33,8,14.8835662437588,1.55067016357396,NA,NA,NA,"Kaplan-Meier","HeadNeckSubtypeCancerOropharynx","Male","30-39","Age*Gender","Male_30-39","CPRDAurum","2000-2019"
387,387,387,99,13.9670705967419,0.512117590290443,NA,NA,NA,"Kaplan-Meier","HeadNeckSubtypeCancerOropharynx","Male","40-49","Age*Gender","Male_40-49","CPRDAurum","2000-2019"
1127,1127,1127,361,11.4704517658301,0.373942819760252,12.2162902121834,10.9103353867214,NA,"Kaplan-Meier","HeadNeckSubtypeCancerOropharynx","Male","50-59","Age*Gender","Male_50-59","CPRDAurum","2000-2019"
993,993,993,408,8.82675237669927,0.374610203769431,7.12388774811773,5.79876796714579,8.76659822039699,"Kaplan-Meier","HeadNeckSubtypeCancerOropharynx","Male","60-69","Age*Gender","Male_60-69","CPRDAurum","2000-2019"
473,473,473,277,5.49711044898028,0.421377055435672,2.66392881587953,2.03696098562628,3.30458590006845,"Kaplan-Meier","HeadNeckSubtypeCancerOropharynx","Male","70-79","Age*Gender","Male_70-79","CPRDAurum","2000-2019"
129,129,129,77,3.54611474897346,0.431916453143847,1.4154688569473,1.09514031485284,2.57905544147844,"Kaplan-Meier","HeadNeckSubtypeCancerOropharynx","Male","80-89","Age*Gender","Male_80-89","CPRDAurum","2000-2019"
20,20,20,18,0.818250996497161,0.291160869896865,0.386036960985626,0.199863107460643,0.837782340862423,"Kaplan-Meier","HeadNeckSubtypeCancerOropharynx","Male",">=90","Age*Gender","Male_>=90","CPRDAurum","2000-2019"
23,23,23,3,15.9315537303217,2.18091627195633,NA,8.35318275154004,NA,"Kaplan-Meier","HeadNeckSubtypeCancerSalivaryGland","Female","18-29","Age*Gender","Female_18-29","CPRDAurum","2000-2019"
51,51,51,3,18.7448151154832,0.664557536214208,NA,NA,NA,"Kaplan-Meier","HeadNeckSubtypeCancerSalivaryGland","Female","30-39","Age*Gender","Female_30-39","CPRDAurum","2000-2019"
80,80,80,16,14.834008283289,1.08368150493324,NA,16.082135523614,NA,"Kaplan-Meier","HeadNeckSubtypeCancerSalivaryGland","Female","40-49","Age*Gender","Female_40-49","CPRDAurum","2000-2019"
110,110,110,21,15.5728249518857,0.836093634441638,NA,NA,NA,"Kaplan-Meier","HeadNeckSubtypeCancerSalivaryGland","Female","50-59","Age*Gender","Female_50-59","CPRDAurum","2000-2019"
140,140,140,37,13.3087702067639,0.876182651636427,14.3326488706366,12.0793976728268,NA,"Kaplan-Meier","HeadNeckSubtypeCancerSalivaryGland","Female","60-69","Age*Gender","Female_60-69","CPRDAurum","2000-2019"
159,159,159,52,11.4502744531549,0.904290302496931,11.6632443531828,7.1813826146475,NA,"Kaplan-Meier","HeadNeckSubtypeCancerSalivaryGland","Female","70-79","Age*Gender","Female_70-79","CPRDAurum","2000-2019"
112,112,112,67,4.35036008177149,0.604427758677515,3.16495550992471,2.20396988364134,3.79192334017796,"Kaplan-Meier","HeadNeckSubtypeCancerSalivaryGland","Female","80-89","Age*Gender","Female_80-89","CPRDAurum","2000-2019"
31,31,31,23,2.35811730108034,0.506351965365258,0.969199178644764,0.59958932238193,3.64134154688569,"Kaplan-Meier","HeadNeckSubtypeCancerSalivaryGland","Female",">=90","Age*Gender","Female_>=90","CPRDAurum","2000-2019"
13,13,13,0,19.9342915811088,0,NA,NA,NA,"Kaplan-Meier","HeadNeckSubtypeCancerSalivaryGland","Male","18-29","Age*Gender","Male_18-29","CPRDAurum","2000-2019"
29,29,29,2,18.2089005501052,1.1801465267027,NA,NA,NA,"Kaplan-Meier","HeadNeckSubtypeCancerSalivaryGland","Male","30-39","Age*Gender","Male_30-39","CPRDAurum","2000-2019"
83,83,83,20,13.3547556460405,1.20888388978017,NA,12.4490075290897,NA,"Kaplan-Meier","HeadNeckSubtypeCancerSalivaryGland","Male","40-49","Age*Gender","Male_40-49","CPRDAurum","2000-2019"
145,145,145,38,14.0287894358198,0.806953050983946,NA,NA,NA,"Kaplan-Meier","HeadNeckSubtypeCancerSalivaryGland","Male","50-59","Age*Gender","Male_50-59","CPRDAurum","2000-2019"
190,190,190,79,9.61202830172488,0.831158875604211,6.00958247775496,4.4435318275154,NA,"Kaplan-Meier","HeadNeckSubtypeCancerSalivaryGland","Male","60-69","Age*Gender","Male_60-69","CPRDAurum","2000-2019"
222,222,222,131,6.0612630567972,0.524862652293672,3.13210130047912,2.217659137577,4.74469541409993,"Kaplan-Meier","HeadNeckSubtypeCancerSalivaryGland","Male","70-79","Age*Gender","Male_70-79","CPRDAurum","2000-2019"
147,147,147,98,4.27336034439399,0.584947472234605,2.22861054072553,1.48665297741273,2.84736481861739,"Kaplan-Meier","HeadNeckSubtypeCancerSalivaryGland","Male","80-89","Age*Gender","Male_80-89","CPRDAurum","2000-2019"
38,38,38,24,3.29652465999699,1.25551637883072,1.28678986995209,0.878850102669405,2.42847364818617,"Kaplan-Meier","HeadNeckSubtypeCancerSalivaryGland","Male",">=90","Age*Gender","Male_>=90","CPRDAurum","2000-2019"
8,8,8,2,12.0285953304434,4.40427284221639,NA,2.76796714579055,NA,"Kaplan-Meier","HeadNeckSubtypeCancerTongueIncidence","Female","18-29","Age*Gender","Female_18-29","CPRDAurum","2000-2019"
44,44,44,12,13.7038133181809,1.48930063189869,NA,7.50171115674196,NA,"Kaplan-Meier","HeadNeckSubtypeCancerTongueIncidence","Female","30-39","Age*Gender","Female_30-39","CPRDAurum","2000-2019"
167,167,167,54,12.2981757777554,0.82791792604226,14.5352498288843,9.76591375770021,NA,"Kaplan-Meier","HeadNeckSubtypeCancerTongueIncidence","Female","40-49","Age*Gender","Female_40-49","CPRDAurum","2000-2019"
313,313,313,98,12.6494692194897,0.578644346261184,19.296372347707,10.6036960985626,NA,"Kaplan-Meier","HeadNeckSubtypeCancerTongueIncidence","Female","50-59","Age*Gender","Female_50-59","CPRDAurum","2000-2019"
409,409,409,158,10.6385457307849,0.55630807049114,11.4798083504449,7.23066392881588,15.6988364134155,"Kaplan-Meier","HeadNeckSubtypeCancerTongueIncidence","Female","60-69","Age*Gender","Female_60-69","CPRDAurum","2000-2019"
295,295,295,146,7.88660880792047,0.56054873585752,6.1492128678987,4.38056125941136,9.15537303216975,"Kaplan-Meier","HeadNeckSubtypeCancerTongueIncidence","Female","70-79","Age*Gender","Female_70-79","CPRDAurum","2000-2019"
189,189,189,121,4.76497549207824,0.697319553961415,2.11088295687885,1.45653661875428,2.57357973990418,"Kaplan-Meier","HeadNeckSubtypeCancerTongueIncidence","Female","80-89","Age*Gender","Female_80-89","CPRDAurum","2000-2019"
50,50,50,44,1.92685923671843,0.30749321597756,0.919917864476386,0.42984257357974,2.21218343600274,"Kaplan-Meier","HeadNeckSubtypeCancerTongueIncidence","Female",">=90","Age*Gender","Female_>=90","CPRDAurum","2000-2019"
11,11,11,1,16.5865845311431,2.95373346136746,NA,6.35455167693361,NA,"Kaplan-Meier","HeadNeckSubtypeCancerTongueIncidence","Male","18-29","Age*Gender","Male_18-29","CPRDAurum","2000-2019"
61,61,61,11,14.2520327572623,1.79007773255634,NA,9.34702258726899,NA,"Kaplan-Meier","HeadNeckSubtypeCancerTongueIncidence","Male","30-39","Age*Gender","Male_30-39","CPRDAurum","2000-2019"
281,281,281,75,14.0534425701246,0.573410922970377,NA,NA,NA,"Kaplan-Meier","HeadNeckSubtypeCancerTongueIncidence","Male","40-49","Age*Gender","Male_40-49","CPRDAurum","2000-2019"
886,886,886,310,11.2322887605042,0.384865654860557,11.3347022587269,10.0068446269678,14.4613278576318,"Kaplan-Meier","HeadNeckSubtypeCancerTongueIncidence","Male","50-59","Age*Gender","Male_50-59","CPRDAurum","2000-2019"
914,914,914,425,8.53296881549963,0.357991954894834,5.89459274469541,4.90896646132786,7.65776865160849,"Kaplan-Meier","HeadNeckSubtypeCancerTongueIncidence","Male","60-69","Age*Gender","Male_60-69","CPRDAurum","2000-2019"
558,558,558,296,6.3409375406309,0.436178062660202,3.57837097878166,2.92950034223135,4.34496919917864,"Kaplan-Meier","HeadNeckSubtypeCancerTongueIncidence","Male","70-79","Age*Gender","Male_70-79","CPRDAurum","2000-2019"
209,209,209,135,3.90669242198723,0.531028365745543,2.06160164271047,1.43189596167009,2.7460643394935,"Kaplan-Meier","HeadNeckSubtypeCancerTongueIncidence","Male","80-89","Age*Gender","Male_80-89","CPRDAurum","2000-2019"
23,23,23,16,3.26965704592702,1.97757865531587,0.709103353867214,0.454483230663929,NA,"Kaplan-Meier","HeadNeckSubtypeCancerTongueIncidence","Male",">=90","Age*Gender","Male_>=90","CPRDAurum","2000-2019"
