"Cancer","0","2","4","6","8","10","12","14","16","18","Method","Age","Gender","Stratification","GenderAge","Database","CalenderYearGp"
"HeadNeckSubtypeCancerHypopharynx","1081","482","312","226","152","92","52","27","14","7","Kaplan-Meier","All","Both","None",NA,"CPRDAurum","2000-2019"
"HeadNeckSubtypeCancerLarynx","5453","3332","2376","1709","1237","838","526","312","156","63","Kaplan-Meier","All","Both","None",NA,"CPRDAurum","2000-2019"
"HeadNeckSubtypeCancerNasalCavitySinus","488","238","165","110","89","61","42","19","7","<5","Kaplan-Meier","All","Both","None",NA,"CPRDAurum","2000-2019"
"HeadNeckSubtypeCancerNasopharynx","793","440","288","208","144","95","60","32","20","6","Kaplan-Meier","All","Both","None",NA,"CPRDAurum","2000-2019"
"HeadNeckSubtypeCancerOralCavityIncidence","2584","1581","1117","819","587","380","252","151","81","40","Kaplan-Meier","All","Both","None",NA,"CPRDAurum","2000-2019"
"HeadNeckSubtypeCancerOropharynx","4340","2437","1590","1078","733","485","303","167","82","29","Kaplan-Meier","All","Both","None",NA,"CPRDAurum","2000-2019"
"HeadNeckSubtypeCancerSalivaryGland","1573","892","586","413","306","207","136","79","44","20","Kaplan-Meier","All","Both","None",NA,"CPRDAurum","2000-2019"
"HeadNeckSubtypeCancerTongueIncidence","4418","2458","1660","1145","771","505","292","173","90","43","Kaplan-Meier","All","Both","None",NA,"CPRDAurum","2000-2019"
"HeadNeckSubtypeCancerHypopharynx","836","377","240","176","120","73","45","24","14","7","Kaplan-Meier","All","Male","Gender",NA,"CPRDAurum","2000-2019"
"HeadNeckSubtypeCancerHypopharynx","245","105","72","50","32","19","7","<5","0","0","Kaplan-Meier","All","Female","Gender",NA,"CPRDAurum","2000-2019"
"HeadNeckSubtypeCancerLarynx","4382","2720","1937","1403","1014","684","420","248","122","50","Kaplan-Meier","All","Male","Gender",NA,"CPRDAurum","2000-2019"
"HeadNeckSubtypeCancerLarynx","1071","612","439","306","223","154","106","64","34","13","Kaplan-Meier","All","Female","Gender",NA,"CPRDAurum","2000-2019"
"HeadNeckSubtypeCancerNasalCavitySinus","294","144","102","75","60","42","27","12","<5","<5","Kaplan-Meier","All","Male","Gender",NA,"CPRDAurum","2000-2019"
"HeadNeckSubtypeCancerNasalCavitySinus","194","94","63","35","29","19","15","7","<5","0","Kaplan-Meier","All","Female","Gender",NA,"CPRDAurum","2000-2019"
"HeadNeckSubtypeCancerNasopharynx","538","293","189","138","93","60","37","19","11","<5","Kaplan-Meier","All","Male","Gender",NA,"CPRDAurum","2000-2019"
"HeadNeckSubtypeCancerNasopharynx","255","147","99","70","51","35","23","13","9","<5","Kaplan-Meier","All","Female","Gender",NA,"CPRDAurum","2000-2019"
"HeadNeckSubtypeCancerOralCavityIncidence","1539","935","642","464","332","210","139","80","40","18","Kaplan-Meier","All","Male","Gender",NA,"CPRDAurum","2000-2019"
"HeadNeckSubtypeCancerOralCavityIncidence","1045","646","475","355","255","170","113","71","41","22","Kaplan-Meier","All","Female","Gender",NA,"CPRDAurum","2000-2019"
"HeadNeckSubtypeCancerOropharynx","3167","1762","1129","759","516","332","198","105","51","15","Kaplan-Meier","All","Male","Gender",NA,"CPRDAurum","2000-2019"
"HeadNeckSubtypeCancerOropharynx","1173","675","461","319","217","153","105","62","31","14","Kaplan-Meier","All","Female","Gender",NA,"CPRDAurum","2000-2019"
"HeadNeckSubtypeCancerSalivaryGland","867","436","280","193","142","96","63","36","20","10","Kaplan-Meier","All","Male","Gender",NA,"CPRDAurum","2000-2019"
"HeadNeckSubtypeCancerSalivaryGland","706","456","306","220","164","111","73","43","24","10","Kaplan-Meier","All","Female","Gender",NA,"CPRDAurum","2000-2019"
"HeadNeckSubtypeCancerTongueIncidence","2943","1599","1063","732","483","314","177","103","51","28","Kaplan-Meier","All","Male","Gender",NA,"CPRDAurum","2000-2019"
"HeadNeckSubtypeCancerTongueIncidence","1475","859","597","413","288","191","115","70","39","15","Kaplan-Meier","All","Female","Gender",NA,"CPRDAurum","2000-2019"
"HeadNeckSubtypeCancerHypopharynx","<5","<5","<5","0","0","0","0","0","0","0","Kaplan-Meier","<30","Both","Age",NA,"CPRDAurum","2000-2019"
"HeadNeckSubtypeCancerHypopharynx","10","<5","<5","<5","<5","<5","<5","<5","<5","<5","Kaplan-Meier","30-39","Both","Age",NA,"CPRDAurum","2000-2019"
"HeadNeckSubtypeCancerHypopharynx","55","28","23","18","12","8","<5","<5","<5","0","Kaplan-Meier","40-49","Both","Age",NA,"CPRDAurum","2000-2019"
"HeadNeckSubtypeCancerHypopharynx","249","125","87","69","50","30","18","10","<5","<5","Kaplan-Meier","50-59","Both","Age",NA,"CPRDAurum","2000-2019"
"HeadNeckSubtypeCancerHypopharynx","373","171","110","82","53","37","21","11","6","<5","Kaplan-Meier","60-69","Both","Age",NA,"CPRDAurum","2000-2019"
"HeadNeckSubtypeCancerHypopharynx","277","120","72","48","31","15","6","<5","<5","0","Kaplan-Meier","70-79","Both","Age",NA,"CPRDAurum","2000-2019"
"HeadNeckSubtypeCancerHypopharynx","102","31","15","6","<5","0","0","0","0","0","Kaplan-Meier","80-89","Both","Age",NA,"CPRDAurum","2000-2019"
"HeadNeckSubtypeCancerHypopharynx","13","<5","<5","0","0","0","0","0","0","0","Kaplan-Meier",">=90","Both","Age",NA,"CPRDAurum","2000-2019"
"HeadNeckSubtypeCancerLarynx","11","<5","<5","<5","<5","<5","<5","0","0","0","Kaplan-Meier","<30","Both","Age",NA,"CPRDAurum","2000-2019"
"HeadNeckSubtypeCancerLarynx","59","46","36","28","22","15","12","9","<5","<5","Kaplan-Meier","30-39","Both","Age",NA,"CPRDAurum","2000-2019"
"HeadNeckSubtypeCancerLarynx","286","183","134","107","82","60","40","30","16","10","Kaplan-Meier","40-49","Both","Age",NA,"CPRDAurum","2000-2019"
"HeadNeckSubtypeCancerLarynx","1011","688","530","404","304","223","154","101","55","26","Kaplan-Meier","50-59","Both","Age",NA,"CPRDAurum","2000-2019"
"HeadNeckSubtypeCancerLarynx","1762","1126","840","632","466","329","208","118","56","19","Kaplan-Meier","60-69","Both","Age",NA,"CPRDAurum","2000-2019"
"HeadNeckSubtypeCancerLarynx","1543","923","619","418","294","175","98","49","26","7","Kaplan-Meier","70-79","Both","Age",NA,"CPRDAurum","2000-2019"
"HeadNeckSubtypeCancerLarynx","693","334","202","110","66","34","13","<5","0","0","Kaplan-Meier","80-89","Both","Age",NA,"CPRDAurum","2000-2019"
"HeadNeckSubtypeCancerLarynx","88","27","12","7","<5","<5","0","0","0","0","Kaplan-Meier",">=90","Both","Age",NA,"CPRDAurum","2000-2019"
"HeadNeckSubtypeCancerNasalCavitySinus","<5","0","0","0","0","0","0","0","0","0","Kaplan-Meier","<30","Both","Age",NA,"CPRDAurum","2000-2019"
"HeadNeckSubtypeCancerNasalCavitySinus","14","12","<5","<5","<5","<5","<5","<5","<5","<5","Kaplan-Meier","30-39","Both","Age",NA,"CPRDAurum","2000-2019"
"HeadNeckSubtypeCancerNasalCavitySinus","51","30","24","18","15","11","6","<5","<5","<5","Kaplan-Meier","40-49","Both","Age",NA,"CPRDAurum","2000-2019"
"HeadNeckSubtypeCancerNasalCavitySinus","80","51","43","35","28","23","16","<5","<5","<5","Kaplan-Meier","50-59","Both","Age",NA,"CPRDAurum","2000-2019"
"HeadNeckSubtypeCancerNasalCavitySinus","129","61","43","29","25","15","10","6","<5","0","Kaplan-Meier","60-69","Both","Age",NA,"CPRDAurum","2000-2019"
"HeadNeckSubtypeCancerNasalCavitySinus","121","52","34","23","17","10","8","<5","0","0","Kaplan-Meier","70-79","Both","Age",NA,"CPRDAurum","2000-2019"
"HeadNeckSubtypeCancerNasalCavitySinus","75","26","13","<5","<5","0","0","0","0","0","Kaplan-Meier","80-89","Both","Age",NA,"CPRDAurum","2000-2019"
"HeadNeckSubtypeCancerNasalCavitySinus","17","6","<5","0","0","0","0","0","0","0","Kaplan-Meier",">=90","Both","Age",NA,"CPRDAurum","2000-2019"
"HeadNeckSubtypeCancerNasopharynx","19","11","10","9","7","7","<5","<5","<5","<5","Kaplan-Meier","<30","Both","Age",NA,"CPRDAurum","2000-2019"
"HeadNeckSubtypeCancerNasopharynx","66","46","34","21","12","9","9","6","<5","<5","Kaplan-Meier","30-39","Both","Age",NA,"CPRDAurum","2000-2019"
"HeadNeckSubtypeCancerNasopharynx","120","78","48","39","34","21","15","6","<5","0","Kaplan-Meier","40-49","Both","Age",NA,"CPRDAurum","2000-2019"
"HeadNeckSubtypeCancerNasopharynx","203","134","88","64","45","33","18","11","9","<5","Kaplan-Meier","50-59","Both","Age",NA,"CPRDAurum","2000-2019"
"HeadNeckSubtypeCancerNasopharynx","181","93","63","45","29","17","11","6","<5","<5","Kaplan-Meier","60-69","Both","Age",NA,"CPRDAurum","2000-2019"
"HeadNeckSubtypeCancerNasopharynx","142","67","41","30","17","8","<5","0","0","0","Kaplan-Meier","70-79","Both","Age",NA,"CPRDAurum","2000-2019"
"HeadNeckSubtypeCancerNasopharynx","49","8","<5","0","0","0","0","0","0","0","Kaplan-Meier","80-89","Both","Age",NA,"CPRDAurum","2000-2019"
"HeadNeckSubtypeCancerNasopharynx","13","<5","<5","0","0","0","0","0","0","0","Kaplan-Meier",">=90","Both","Age",NA,"CPRDAurum","2000-2019"
"HeadNeckSubtypeCancerOralCavityIncidence","25","18","15","11","6","<5","<5","<5","<5","0","Kaplan-Meier","<30","Both","Age",NA,"CPRDAurum","2000-2019"
"HeadNeckSubtypeCancerOralCavityIncidence","68","50","39","33","28","20","16","10","6","<5","Kaplan-Meier","30-39","Both","Age",NA,"CPRDAurum","2000-2019"
"HeadNeckSubtypeCancerOralCavityIncidence","246","185","147","121","97","69","48","29","17","9","Kaplan-Meier","40-49","Both","Age",NA,"CPRDAurum","2000-2019"
"HeadNeckSubtypeCancerOralCavityIncidence","568","382","281","197","141","102","77","52","28","16","Kaplan-Meier","50-59","Both","Age",NA,"CPRDAurum","2000-2019"
"HeadNeckSubtypeCancerOralCavityIncidence","696","430","303","230","166","97","63","33","19","8","Kaplan-Meier","60-69","Both","Age",NA,"CPRDAurum","2000-2019"
"HeadNeckSubtypeCancerOralCavityIncidence","555","338","231","165","116","73","39","22","8","<5","Kaplan-Meier","70-79","Both","Age",NA,"CPRDAurum","2000-2019"
"HeadNeckSubtypeCancerOralCavityIncidence","359","161","96","58","32","15","<5","<5","<5","0","Kaplan-Meier","80-89","Both","Age",NA,"CPRDAurum","2000-2019"
"HeadNeckSubtypeCancerOralCavityIncidence","67","17","<5","<5","<5","0","0","0","0","0","Kaplan-Meier",">=90","Both","Age",NA,"CPRDAurum","2000-2019"
"HeadNeckSubtypeCancerOropharynx","7","6","<5","<5","<5","<5","<5","0","0","0","Kaplan-Meier","<30","Both","Age",NA,"CPRDAurum","2000-2019"
"HeadNeckSubtypeCancerOropharynx","50","33","26","21","16","12","10","7","<5","<5","Kaplan-Meier","30-39","Both","Age",NA,"CPRDAurum","2000-2019"
"HeadNeckSubtypeCancerOropharynx","531","386","275","196","141","111","78","45","16","8","Kaplan-Meier","40-49","Both","Age",NA,"CPRDAurum","2000-2019"
"HeadNeckSubtypeCancerOropharynx","1491","905","611","416","291","189","116","64","38","10","Kaplan-Meier","50-59","Both","Age",NA,"CPRDAurum","2000-2019"
"HeadNeckSubtypeCancerOropharynx","1347","744","474","308","201","119","73","36","14","6","Kaplan-Meier","60-69","Both","Age",NA,"CPRDAurum","2000-2019"
"HeadNeckSubtypeCancerOropharynx","682","295","168","113","72","48","23","13","9","<5","Kaplan-Meier","70-79","Both","Age",NA,"CPRDAurum","2000-2019"
"HeadNeckSubtypeCancerOropharynx","198","64","31","20","8","<5","<5","<5","0","0","Kaplan-Meier","80-89","Both","Age",NA,"CPRDAurum","2000-2019"
"HeadNeckSubtypeCancerOropharynx","34","<5","<5","0","0","0","0","0","0","0","Kaplan-Meier",">=90","Both","Age",NA,"CPRDAurum","2000-2019"
"HeadNeckSubtypeCancerSalivaryGland","36","20","12","9","6","<5","<5","<5","0","0","Kaplan-Meier","<30","Both","Age",NA,"CPRDAurum","2000-2019"
"HeadNeckSubtypeCancerSalivaryGland","80","66","46","39","32","24","17","11","7","<5","Kaplan-Meier","30-39","Both","Age",NA,"CPRDAurum","2000-2019"
"HeadNeckSubtypeCancerSalivaryGland","163","107","74","58","47","35","21","15","10","<5","Kaplan-Meier","40-49","Both","Age",NA,"CPRDAurum","2000-2019"
"HeadNeckSubtypeCancerSalivaryGland","255","168","122","94","74","54","44","23","11","7","Kaplan-Meier","50-59","Both","Age",NA,"CPRDAurum","2000-2019"
"HeadNeckSubtypeCancerSalivaryGland","330","203","143","98","68","45","29","17","9","<5","Kaplan-Meier","60-69","Both","Age",NA,"CPRDAurum","2000-2019"
"HeadNeckSubtypeCancerSalivaryGland","381","204","131","82","64","38","20","9","6","0","Kaplan-Meier","70-79","Both","Age",NA,"CPRDAurum","2000-2019"
"HeadNeckSubtypeCancerSalivaryGland","259","105","53","32","15","8","<5","<5","<5","0","Kaplan-Meier","80-89","Both","Age",NA,"CPRDAurum","2000-2019"
"HeadNeckSubtypeCancerSalivaryGland","69","19","<5","<5","0","0","0","0","0","0","Kaplan-Meier",">=90","Both","Age",NA,"CPRDAurum","2000-2019"
"HeadNeckSubtypeCancerTongueIncidence","19","11","7","6","<5","<5","<5","<5","<5","0","Kaplan-Meier","<30","Both","Age",NA,"CPRDAurum","2000-2019"
"HeadNeckSubtypeCancerTongueIncidence","105","63","44","37","23","14","8","7","<5","<5","Kaplan-Meier","30-39","Both","Age",NA,"CPRDAurum","2000-2019"
"HeadNeckSubtypeCancerTongueIncidence","448","305","237","184","139","102","66","39","21","11","Kaplan-Meier","40-49","Both","Age",NA,"CPRDAurum","2000-2019"
"HeadNeckSubtypeCancerTongueIncidence","1199","746","528","388","266","184","113","67","34","18","Kaplan-Meier","50-59","Both","Age",NA,"CPRDAurum","2000-2019"
"HeadNeckSubtypeCancerTongueIncidence","1323","738","507","334","229","139","75","45","24","12","Kaplan-Meier","60-69","Both","Age",NA,"CPRDAurum","2000-2019"
"HeadNeckSubtypeCancerTongueIncidence","853","416","245","152","92","59","26","12","6","<5","Kaplan-Meier","70-79","Both","Age",NA,"CPRDAurum","2000-2019"
"HeadNeckSubtypeCancerTongueIncidence","398","161","84","43","18","<5","<5","<5","<5","0","Kaplan-Meier","80-89","Both","Age",NA,"CPRDAurum","2000-2019"
"HeadNeckSubtypeCancerTongueIncidence","73","18","8","<5","0","0","0","0","0","0","Kaplan-Meier",">=90","Both","Age",NA,"CPRDAurum","2000-2019"
"HeadNeckSubtypeCancerHypopharynx","0","0","0","0","0","0","0","0","0","0","Kaplan-Meier","18-29","Female","Age*Gender","Female_18-29","CPRDAurum","2000-2019"
"HeadNeckSubtypeCancerHypopharynx","<5","<5","0","0","0","0","0","0","0","0","Kaplan-Meier","30-39","Female","Age*Gender","Female_30-39","CPRDAurum","2000-2019"
"HeadNeckSubtypeCancerHypopharynx","10","<5","<5","0","0","0","0","0","0","0","Kaplan-Meier","40-49","Female","Age*Gender","Female_40-49","CPRDAurum","2000-2019"
"HeadNeckSubtypeCancerHypopharynx","69","34","25","19","12","7","<5","<5","0","0","Kaplan-Meier","50-59","Female","Age*Gender","Female_50-59","CPRDAurum","2000-2019"
"HeadNeckSubtypeCancerHypopharynx","67","33","24","18","9","6","<5","0","0","0","Kaplan-Meier","60-69","Female","Age*Gender","Female_60-69","CPRDAurum","2000-2019"
"HeadNeckSubtypeCancerHypopharynx","56","27","18","13","11","6","<5","<5","0","0","Kaplan-Meier","70-79","Female","Age*Gender","Female_70-79","CPRDAurum","2000-2019"
"HeadNeckSubtypeCancerHypopharynx","34","6","<5","0","0","0","0","0","0","0","Kaplan-Meier","80-89","Female","Age*Gender","Female_80-89","CPRDAurum","2000-2019"
"HeadNeckSubtypeCancerHypopharynx","6","<5","<5","0","0","0","0","0","0","0","Kaplan-Meier",">=90","Female","Age*Gender","Female_>=90","CPRDAurum","2000-2019"
"HeadNeckSubtypeCancerHypopharynx","<5","<5","<5","0","0","0","0","0","0","0","Kaplan-Meier","18-29","Male","Age*Gender","Male_18-29","CPRDAurum","2000-2019"
"HeadNeckSubtypeCancerHypopharynx","7","<5","<5","<5","<5","<5","<5","<5","<5","<5","Kaplan-Meier","30-39","Male","Age*Gender","Male_30-39","CPRDAurum","2000-2019"
"HeadNeckSubtypeCancerHypopharynx","45","25","22","18","12","8","<5","<5","<5","0","Kaplan-Meier","40-49","Male","Age*Gender","Male_40-49","CPRDAurum","2000-2019"
"HeadNeckSubtypeCancerHypopharynx","180","91","62","50","38","23","16","8","<5","<5","Kaplan-Meier","50-59","Male","Age*Gender","Male_50-59","CPRDAurum","2000-2019"
"HeadNeckSubtypeCancerHypopharynx","306","138","86","64","44","31","19","11","6","<5","Kaplan-Meier","60-69","Male","Age*Gender","Male_60-69","CPRDAurum","2000-2019"
"HeadNeckSubtypeCancerHypopharynx","221","93","54","35","20","9","<5","<5","<5","0","Kaplan-Meier","70-79","Male","Age*Gender","Male_70-79","CPRDAurum","2000-2019"
"HeadNeckSubtypeCancerHypopharynx","68","25","12","6","<5","0","0","0","0","0","Kaplan-Meier","80-89","Male","Age*Gender","Male_80-89","CPRDAurum","2000-2019"
"HeadNeckSubtypeCancerHypopharynx","7","0","0","0","0","0","0","0","0","0","Kaplan-Meier",">=90","Male","Age*Gender","Male_>=90","CPRDAurum","2000-2019"
"HeadNeckSubtypeCancerLarynx","7","<5","<5","<5","<5","<5","<5","0","0","0","Kaplan-Meier","18-29","Female","Age*Gender","Female_18-29","CPRDAurum","2000-2019"
"HeadNeckSubtypeCancerLarynx","36","29","22","16","13","8","7","6","<5","<5","Kaplan-Meier","30-39","Female","Age*Gender","Female_30-39","CPRDAurum","2000-2019"
"HeadNeckSubtypeCancerLarynx","65","46","31","22","20","13","8","6","<5","<5","Kaplan-Meier","40-49","Female","Age*Gender","Female_40-49","CPRDAurum","2000-2019"
"HeadNeckSubtypeCancerLarynx","194","127","96","74","54","40","32","23","14","7","Kaplan-Meier","50-59","Female","Age*Gender","Female_50-59","CPRDAurum","2000-2019"
"HeadNeckSubtypeCancerLarynx","303","187","134","96","65","45","30","15","7","<5","Kaplan-Meier","60-69","Female","Age*Gender","Female_60-69","CPRDAurum","2000-2019"
"HeadNeckSubtypeCancerLarynx","307","166","113","74","55","39","26","13","8","<5","Kaplan-Meier","70-79","Female","Age*Gender","Female_70-79","CPRDAurum","2000-2019"
"HeadNeckSubtypeCancerLarynx","132","50","37","20","14","7","<5","<5","0","0","Kaplan-Meier","80-89","Female","Age*Gender","Female_80-89","CPRDAurum","2000-2019"
"HeadNeckSubtypeCancerLarynx","27","6","<5","<5","<5","<5","0","0","0","0","Kaplan-Meier",">=90","Female","Age*Gender","Female_>=90","CPRDAurum","2000-2019"
"HeadNeckSubtypeCancerLarynx","<5","<5","<5","<5","<5","0","0","0","0","0","Kaplan-Meier","18-29","Male","Age*Gender","Male_18-29","CPRDAurum","2000-2019"
"HeadNeckSubtypeCancerLarynx","23","17","14","12","9","7","<5","<5","<5","0","Kaplan-Meier","30-39","Male","Age*Gender","Male_30-39","CPRDAurum","2000-2019"
"HeadNeckSubtypeCancerLarynx","221","137","103","85","62","47","32","24","13","9","Kaplan-Meier","40-49","Male","Age*Gender","Male_40-49","CPRDAurum","2000-2019"
"HeadNeckSubtypeCancerLarynx","817","561","434","330","250","183","122","78","41","19","Kaplan-Meier","50-59","Male","Age*Gender","Male_50-59","CPRDAurum","2000-2019"
"HeadNeckSubtypeCancerLarynx","1459","939","706","536","401","284","178","103","49","17","Kaplan-Meier","60-69","Male","Age*Gender","Male_60-69","CPRDAurum","2000-2019"
"HeadNeckSubtypeCancerLarynx","1236","757","506","344","239","136","72","36","18","<5","Kaplan-Meier","70-79","Male","Age*Gender","Male_70-79","CPRDAurum","2000-2019"
"HeadNeckSubtypeCancerLarynx","561","284","165","90","52","27","11","<5","0","0","Kaplan-Meier","80-89","Male","Age*Gender","Male_80-89","CPRDAurum","2000-2019"
"HeadNeckSubtypeCancerLarynx","61","21","7","<5","0","0","0","0","0","0","Kaplan-Meier",">=90","Male","Age*Gender","Male_>=90","CPRDAurum","2000-2019"
"HeadNeckSubtypeCancerNasalCavitySinus","0","0","0","0","0","0","0","0","0","0","Kaplan-Meier","18-29","Female","Age*Gender","Female_18-29","CPRDAurum","2000-2019"
"HeadNeckSubtypeCancerNasalCavitySinus","<5","<5","<5","<5","<5","<5","<5","<5","0","0","Kaplan-Meier","30-39","Female","Age*Gender","Female_30-39","CPRDAurum","2000-2019"
"HeadNeckSubtypeCancerNasalCavitySinus","22","11","8","6","6","<5","<5","<5","0","0","Kaplan-Meier","40-49","Female","Age*Gender","Female_40-49","CPRDAurum","2000-2019"
"HeadNeckSubtypeCancerNasalCavitySinus","22","14","10","6","<5","<5","<5","<5","<5","0","Kaplan-Meier","50-59","Female","Age*Gender","Female_50-59","CPRDAurum","2000-2019"
"HeadNeckSubtypeCancerNasalCavitySinus","52","27","20","11","8","<5","<5","<5","<5","0","Kaplan-Meier","60-69","Female","Age*Gender","Female_60-69","CPRDAurum","2000-2019"
"HeadNeckSubtypeCancerNasalCavitySinus","53","25","15","11","9","6","6","<5","0","0","Kaplan-Meier","70-79","Female","Age*Gender","Female_70-79","CPRDAurum","2000-2019"
"HeadNeckSubtypeCancerNasalCavitySinus","37","10","6","0","0","0","0","0","0","0","Kaplan-Meier","80-89","Female","Age*Gender","Female_80-89","CPRDAurum","2000-2019"
"HeadNeckSubtypeCancerNasalCavitySinus","<5","<5","<5","0","0","0","0","0","0","0","Kaplan-Meier",">=90","Female","Age*Gender","Female_>=90","CPRDAurum","2000-2019"
"HeadNeckSubtypeCancerNasalCavitySinus","<5","0","0","0","0","0","0","0","0","0","Kaplan-Meier","18-29","Male","Age*Gender","Male_18-29","CPRDAurum","2000-2019"
"HeadNeckSubtypeCancerNasalCavitySinus","10","8","<5","<5","<5","<5","<5","<5","<5","<5","Kaplan-Meier","30-39","Male","Age*Gender","Male_30-39","CPRDAurum","2000-2019"
"HeadNeckSubtypeCancerNasalCavitySinus","29","19","16","12","9","8","<5","<5","<5","<5","Kaplan-Meier","40-49","Male","Age*Gender","Male_40-49","CPRDAurum","2000-2019"
"HeadNeckSubtypeCancerNasalCavitySinus","58","37","33","29","23","19","13","<5","<5","<5","Kaplan-Meier","50-59","Male","Age*Gender","Male_50-59","CPRDAurum","2000-2019"
"HeadNeckSubtypeCancerNasalCavitySinus","77","34","23","18","17","10","7","<5","<5","0","Kaplan-Meier","60-69","Male","Age*Gender","Male_60-69","CPRDAurum","2000-2019"
"HeadNeckSubtypeCancerNasalCavitySinus","68","27","19","12","8","<5","<5","<5","0","0","Kaplan-Meier","70-79","Male","Age*Gender","Male_70-79","CPRDAurum","2000-2019"
"HeadNeckSubtypeCancerNasalCavitySinus","38","16","7","<5","<5","0","0","0","0","0","Kaplan-Meier","80-89","Male","Age*Gender","Male_80-89","CPRDAurum","2000-2019"
"HeadNeckSubtypeCancerNasalCavitySinus","13","<5","<5","0","0","0","0","0","0","0","Kaplan-Meier",">=90","Male","Age*Gender","Male_>=90","CPRDAurum","2000-2019"
"HeadNeckSubtypeCancerNasopharynx","10","7","6","<5","<5","<5","<5","<5","<5","<5","Kaplan-Meier","18-29","Female","Age*Gender","Female_18-29","CPRDAurum","2000-2019"
"HeadNeckSubtypeCancerNasopharynx","23","11","7","<5","<5","<5","<5","0","0","0","Kaplan-Meier","30-39","Female","Age*Gender","Female_30-39","CPRDAurum","2000-2019"
"HeadNeckSubtypeCancerNasopharynx","33","25","17","12","11","9","8","<5","<5","0","Kaplan-Meier","40-49","Female","Age*Gender","Female_40-49","CPRDAurum","2000-2019"
"HeadNeckSubtypeCancerNasopharynx","63","42","29","22","16","11","7","<5","<5","<5","Kaplan-Meier","50-59","Female","Age*Gender","Female_50-59","CPRDAurum","2000-2019"
"HeadNeckSubtypeCancerNasopharynx","52","34","26","18","12","<5","<5","<5","<5","0","Kaplan-Meier","60-69","Female","Age*Gender","Female_60-69","CPRDAurum","2000-2019"
"HeadNeckSubtypeCancerNasopharynx","49","23","13","9","7","6","<5","0","0","0","Kaplan-Meier","70-79","Female","Age*Gender","Female_70-79","CPRDAurum","2000-2019"
"HeadNeckSubtypeCancerNasopharynx","22","<5","0","0","0","0","0","0","0","0","Kaplan-Meier","80-89","Female","Age*Gender","Female_80-89","CPRDAurum","2000-2019"
"HeadNeckSubtypeCancerNasopharynx","<5","<5","<5","0","0","0","0","0","0","0","Kaplan-Meier",">=90","Female","Age*Gender","Female_>=90","CPRDAurum","2000-2019"
"HeadNeckSubtypeCancerNasopharynx","9","<5","<5","<5","<5","<5","<5","<5","0","0","Kaplan-Meier","18-29","Male","Age*Gender","Male_18-29","CPRDAurum","2000-2019"
"HeadNeckSubtypeCancerNasopharynx","43","35","27","17","10","8","8","6","<5","<5","Kaplan-Meier","30-39","Male","Age*Gender","Male_30-39","CPRDAurum","2000-2019"
"HeadNeckSubtypeCancerNasopharynx","87","53","31","27","23","12","7","<5","<5","0","Kaplan-Meier","40-49","Male","Age*Gender","Male_40-49","CPRDAurum","2000-2019"
"HeadNeckSubtypeCancerNasopharynx","140","92","59","42","29","22","11","6","<5","0","Kaplan-Meier","50-59","Male","Age*Gender","Male_50-59","CPRDAurum","2000-2019"
"HeadNeckSubtypeCancerNasopharynx","129","59","37","27","17","12","7","<5","<5","<5","Kaplan-Meier","60-69","Male","Age*Gender","Male_60-69","CPRDAurum","2000-2019"
"HeadNeckSubtypeCancerNasopharynx","93","44","28","21","10","<5","<5","0","0","0","Kaplan-Meier","70-79","Male","Age*Gender","Male_70-79","CPRDAurum","2000-2019"
"HeadNeckSubtypeCancerNasopharynx","27","<5","<5","0","0","0","0","0","0","0","Kaplan-Meier","80-89","Male","Age*Gender","Male_80-89","CPRDAurum","2000-2019"
"HeadNeckSubtypeCancerNasopharynx","10","<5","0","0","0","0","0","0","0","0","Kaplan-Meier",">=90","Male","Age*Gender","Male_>=90","CPRDAurum","2000-2019"
"HeadNeckSubtypeCancerOralCavityIncidence","7","7","7","<5","<5","<5","<5","<5","<5","0","Kaplan-Meier","18-29","Female","Age*Gender","Female_18-29","CPRDAurum","2000-2019"
"HeadNeckSubtypeCancerOralCavityIncidence","24","18","16","12","11","9","6","<5","<5","<5","Kaplan-Meier","30-39","Female","Age*Gender","Female_30-39","CPRDAurum","2000-2019"
"HeadNeckSubtypeCancerOralCavityIncidence","89","65","56","49","42","30","23","16","10","6","Kaplan-Meier","40-49","Female","Age*Gender","Female_40-49","CPRDAurum","2000-2019"
"HeadNeckSubtypeCancerOralCavityIncidence","202","148","109","74","55","38","30","20","10","6","Kaplan-Meier","50-59","Female","Age*Gender","Female_50-59","CPRDAurum","2000-2019"
"HeadNeckSubtypeCancerOralCavityIncidence","247","160","119","98","65","41","27","14","9","<5","Kaplan-Meier","60-69","Female","Age*Gender","Female_60-69","CPRDAurum","2000-2019"
"HeadNeckSubtypeCancerOralCavityIncidence","236","156","116","85","61","41","22","14","6","<5","Kaplan-Meier","70-79","Female","Age*Gender","Female_70-79","CPRDAurum","2000-2019"
"HeadNeckSubtypeCancerOralCavityIncidence","199","82","50","30","18","9","<5","<5","<5","0","Kaplan-Meier","80-89","Female","Age*Gender","Female_80-89","CPRDAurum","2000-2019"
"HeadNeckSubtypeCancerOralCavityIncidence","41","10","<5","<5","<5","0","0","0","0","0","Kaplan-Meier",">=90","Female","Age*Gender","Female_>=90","CPRDAurum","2000-2019"
"HeadNeckSubtypeCancerOralCavityIncidence","18","11","8","6","<5","<5","<5","<5","<5","0","Kaplan-Meier","18-29","Male","Age*Gender","Male_18-29","CPRDAurum","2000-2019"
"HeadNeckSubtypeCancerOralCavityIncidence","44","32","23","21","17","11","10","6","<5","<5","Kaplan-Meier","30-39","Male","Age*Gender","Male_30-39","CPRDAurum","2000-2019"
"HeadNeckSubtypeCancerOralCavityIncidence","157","120","91","72","55","39","25","13","7","<5","Kaplan-Meier","40-49","Male","Age*Gender","Male_40-49","CPRDAurum","2000-2019"
"HeadNeckSubtypeCancerOralCavityIncidence","366","234","172","123","86","64","47","32","18","10","Kaplan-Meier","50-59","Male","Age*Gender","Male_50-59","CPRDAurum","2000-2019"
"HeadNeckSubtypeCancerOralCavityIncidence","449","270","184","132","101","56","36","19","10","<5","Kaplan-Meier","60-69","Male","Age*Gender","Male_60-69","CPRDAurum","2000-2019"
"HeadNeckSubtypeCancerOralCavityIncidence","319","182","115","80","55","32","17","8","<5","<5","Kaplan-Meier","70-79","Male","Age*Gender","Male_70-79","CPRDAurum","2000-2019"
"HeadNeckSubtypeCancerOralCavityIncidence","160","79","46","28","14","6","<5","0","0","0","Kaplan-Meier","80-89","Male","Age*Gender","Male_80-89","CPRDAurum","2000-2019"
"HeadNeckSubtypeCancerOralCavityIncidence","26","7","<5","<5","0","0","0","0","0","0","Kaplan-Meier",">=90","Male","Age*Gender","Male_>=90","CPRDAurum","2000-2019"
"HeadNeckSubtypeCancerOropharynx","<5","<5","<5","<5","<5","<5","<5","0","0","0","Kaplan-Meier","18-29","Female","Age*Gender","Female_18-29","CPRDAurum","2000-2019"
"HeadNeckSubtypeCancerOropharynx","17","12","9","7","<5","<5","<5","<5","<5","<5","Kaplan-Meier","30-39","Female","Age*Gender","Female_30-39","CPRDAurum","2000-2019"
"HeadNeckSubtypeCancerOropharynx","144","108","80","55","33","27","18","10","<5","<5","Kaplan-Meier","40-49","Female","Age*Gender","Female_40-49","CPRDAurum","2000-2019"
"HeadNeckSubtypeCancerOropharynx","364","221","160","106","76","52","37","24","13","<5","Kaplan-Meier","50-59","Female","Age*Gender","Female_50-59","CPRDAurum","2000-2019"
"HeadNeckSubtypeCancerOropharynx","354","204","133","96","65","41","28","13","<5","<5","Kaplan-Meier","60-69","Female","Age*Gender","Female_60-69","CPRDAurum","2000-2019"
"HeadNeckSubtypeCancerOropharynx","209","100","65","46","34","25","15","9","6","<5","Kaplan-Meier","70-79","Female","Age*Gender","Female_70-79","CPRDAurum","2000-2019"
"HeadNeckSubtypeCancerOropharynx","69","26","13","8","<5","<5","<5","<5","0","0","Kaplan-Meier","80-89","Female","Age*Gender","Female_80-89","CPRDAurum","2000-2019"
"HeadNeckSubtypeCancerOropharynx","14","<5","0","0","0","0","0","0","0","0","Kaplan-Meier",">=90","Female","Age*Gender","Female_>=90","CPRDAurum","2000-2019"
"HeadNeckSubtypeCancerOropharynx","<5","<5","<5","<5","<5","0","0","0","0","0","Kaplan-Meier","18-29","Male","Age*Gender","Male_18-29","CPRDAurum","2000-2019"
"HeadNeckSubtypeCancerOropharynx","33","21","17","14","11","8","6","<5","<5","0","Kaplan-Meier","30-39","Male","Age*Gender","Male_30-39","CPRDAurum","2000-2019"
"HeadNeckSubtypeCancerOropharynx","387","278","195","141","108","84","60","35","12","<5","Kaplan-Meier","40-49","Male","Age*Gender","Male_40-49","CPRDAurum","2000-2019"
"HeadNeckSubtypeCancerOropharynx","1127","684","451","310","215","137","79","40","25","<5","Kaplan-Meier","50-59","Male","Age*Gender","Male_50-59","CPRDAurum","2000-2019"
"HeadNeckSubtypeCancerOropharynx","993","540","341","212","136","78","45","23","9","<5","Kaplan-Meier","60-69","Male","Age*Gender","Male_60-69","CPRDAurum","2000-2019"
"HeadNeckSubtypeCancerOropharynx","473","195","103","67","38","23","8","<5","<5","0","Kaplan-Meier","70-79","Male","Age*Gender","Male_70-79","CPRDAurum","2000-2019"
"HeadNeckSubtypeCancerOropharynx","129","38","18","12","<5","<5","0","0","0","0","Kaplan-Meier","80-89","Male","Age*Gender","Male_80-89","CPRDAurum","2000-2019"
"HeadNeckSubtypeCancerOropharynx","20","<5","<5","0","0","0","0","0","0","0","Kaplan-Meier",">=90","Male","Age*Gender","Male_>=90","CPRDAurum","2000-2019"
"HeadNeckSubtypeCancerSalivaryGland","23","13","8","6","<5","<5","<5","<5","0","0","Kaplan-Meier","18-29","Female","Age*Gender","Female_18-29","CPRDAurum","2000-2019"
"HeadNeckSubtypeCancerSalivaryGland","51","45","32","28","23","17","11","7","<5","<5","Kaplan-Meier","30-39","Female","Age*Gender","Female_30-39","CPRDAurum","2000-2019"
"HeadNeckSubtypeCancerSalivaryGland","80","52","36","32","25","18","12","9","7","<5","Kaplan-Meier","40-49","Female","Age*Gender","Female_40-49","CPRDAurum","2000-2019"
"HeadNeckSubtypeCancerSalivaryGland","110","76","57","42","33","24","19","8","<5","<5","Kaplan-Meier","50-59","Female","Age*Gender","Female_50-59","CPRDAurum","2000-2019"
"HeadNeckSubtypeCancerSalivaryGland","140","106","79","55","39","28","17","11","6","<5","Kaplan-Meier","60-69","Female","Age*Gender","Female_60-69","CPRDAurum","2000-2019"
"HeadNeckSubtypeCancerSalivaryGland","159","104","68","42","33","20","12","6","<5","0","Kaplan-Meier","70-79","Female","Age*Gender","Female_70-79","CPRDAurum","2000-2019"
"HeadNeckSubtypeCancerSalivaryGland","112","49","23","14","6","<5","0","0","0","0","Kaplan-Meier","80-89","Female","Age*Gender","Female_80-89","CPRDAurum","2000-2019"
"HeadNeckSubtypeCancerSalivaryGland","31","11","<5","<5","0","0","0","0","0","0","Kaplan-Meier",">=90","Female","Age*Gender","Female_>=90","CPRDAurum","2000-2019"
"HeadNeckSubtypeCancerSalivaryGland","13","7","<5","<5","<5","<5","<5","<5","0","0","Kaplan-Meier","18-29","Male","Age*Gender","Male_18-29","CPRDAurum","2000-2019"
"HeadNeckSubtypeCancerSalivaryGland","29","21","14","11","9","7","6","<5","<5","<5","Kaplan-Meier","30-39","Male","Age*Gender","Male_30-39","CPRDAurum","2000-2019"
"HeadNeckSubtypeCancerSalivaryGland","83","55","38","26","22","17","9","6","<5","<5","Kaplan-Meier","40-49","Male","Age*Gender","Male_40-49","CPRDAurum","2000-2019"
"HeadNeckSubtypeCancerSalivaryGland","145","92","65","52","41","30","25","15","7","<5","Kaplan-Meier","50-59","Male","Age*Gender","Male_50-59","CPRDAurum","2000-2019"
"HeadNeckSubtypeCancerSalivaryGland","190","97","64","43","29","17","12","6","<5","<5","Kaplan-Meier","60-69","Male","Age*Gender","Male_60-69","CPRDAurum","2000-2019"
"HeadNeckSubtypeCancerSalivaryGland","222","100","63","40","31","18","8","<5","<5","0","Kaplan-Meier","70-79","Male","Age*Gender","Male_70-79","CPRDAurum","2000-2019"
"HeadNeckSubtypeCancerSalivaryGland","147","56","30","18","9","6","<5","<5","<5","0","Kaplan-Meier","80-89","Male","Age*Gender","Male_80-89","CPRDAurum","2000-2019"
"HeadNeckSubtypeCancerSalivaryGland","38","8","<5","0","0","0","0","0","0","0","Kaplan-Meier",">=90","Male","Age*Gender","Male_>=90","CPRDAurum","2000-2019"
"HeadNeckSubtypeCancerTongueIncidence","8","<5","<5","<5","<5","<5","<5","<5","<5","0","Kaplan-Meier","18-29","Female","Age*Gender","Female_18-29","CPRDAurum","2000-2019"
"HeadNeckSubtypeCancerTongueIncidence","44","27","20","17","11","10","6","<5","<5","<5","Kaplan-Meier","30-39","Female","Age*Gender","Female_30-39","CPRDAurum","2000-2019"
"HeadNeckSubtypeCancerTongueIncidence","167","112","82","55","39","29","16","11","6","<5","Kaplan-Meier","40-49","Female","Age*Gender","Female_40-49","CPRDAurum","2000-2019"
"HeadNeckSubtypeCancerTongueIncidence","313","214","155","117","93","63","41","24","15","7","Kaplan-Meier","50-59","Female","Age*Gender","Female_50-59","CPRDAurum","2000-2019"
"HeadNeckSubtypeCancerTongueIncidence","409","245","177","119","83","54","32","19","9","<5","Kaplan-Meier","60-69","Female","Age*Gender","Female_60-69","CPRDAurum","2000-2019"
"HeadNeckSubtypeCancerTongueIncidence","295","160","110","75","49","31","17","9","<5","<5","Kaplan-Meier","70-79","Female","Age*Gender","Female_70-79","CPRDAurum","2000-2019"
"HeadNeckSubtypeCancerTongueIncidence","189","82","44","27","11","<5","<5","<5","<5","0","Kaplan-Meier","80-89","Female","Age*Gender","Female_80-89","CPRDAurum","2000-2019"
"HeadNeckSubtypeCancerTongueIncidence","50","16","7","<5","0","0","0","0","0","0","Kaplan-Meier",">=90","Female","Age*Gender","Female_>=90","CPRDAurum","2000-2019"
"HeadNeckSubtypeCancerTongueIncidence","11","8","<5","<5","<5","<5","<5","<5","0","0","Kaplan-Meier","18-29","Male","Age*Gender","Male_18-29","CPRDAurum","2000-2019"
"HeadNeckSubtypeCancerTongueIncidence","61","36","24","20","12","<5","<5","<5","<5","0","Kaplan-Meier","30-39","Male","Age*Gender","Male_30-39","CPRDAurum","2000-2019"
"HeadNeckSubtypeCancerTongueIncidence","281","193","155","129","100","73","50","28","15","8","Kaplan-Meier","40-49","Male","Age*Gender","Male_40-49","CPRDAurum","2000-2019"
"HeadNeckSubtypeCancerTongueIncidence","886","532","373","271","173","121","72","43","19","11","Kaplan-Meier","50-59","Male","Age*Gender","Male_50-59","CPRDAurum","2000-2019"
"HeadNeckSubtypeCancerTongueIncidence","914","493","330","215","146","85","43","26","15","9","Kaplan-Meier","60-69","Male","Age*Gender","Male_60-69","CPRDAurum","2000-2019"
"HeadNeckSubtypeCancerTongueIncidence","558","256","135","77","43","28","9","<5","<5","0","Kaplan-Meier","70-79","Male","Age*Gender","Male_70-79","CPRDAurum","2000-2019"
"HeadNeckSubtypeCancerTongueIncidence","209","79","40","16","7","<5","0","0","0","0","Kaplan-Meier","80-89","Male","Age*Gender","Male_80-89","CPRDAurum","2000-2019"
"HeadNeckSubtypeCancerTongueIncidence","23","<5","<5","0","0","0","0","0","0","0","Kaplan-Meier",">=90","Male","Age*Gender","Male_>=90","CPRDAurum","2000-2019"
