"records","n.max","n.start","events","rmean","se(rmean)","median","0.95LCL","0.95UCL","Method","Cancer","Gender","Age","Stratification","GenderAge","Database","CalenderYearGp"
726,726,726,425,6.29983585904306,0.327024232112028,3.34565366187543,2.6611909650924,4.09582477754962,"Kaplan-Meier","HeadNeckSubtypeCancerHypopharynx","Both","All","None",NA,"CPRDGold","2000-2019"
2453,2453,2453,1167,8.50885391475578,0.213923313892106,6.51882272416153,5.88090349075975,7.19507186858316,"Kaplan-Meier","HeadNeckSubtypeCancerLarynx","Both","All","None",NA,"CPRDGold","2000-2019"
221,221,221,117,7.83858717984207,0.691250792916484,5.01848049281314,2.78713210130048,6.70225872689938,"Kaplan-Meier","HeadNeckSubtypeCancerNasalCavitySinus","Both","All","None",NA,"CPRDGold","2000-2019"
324,324,324,149,8.28920889521086,0.52469825900235,5.50034223134839,4.19712525667351,9.05954825462012,"Kaplan-Meier","HeadNeckSubtypeCancerNasopharynx","Both","All","None",NA,"CPRDGold","2000-2019"
1744,1744,1744,700,9.73930736658665,0.263104709157443,8.82956878850103,7.88227241615332,9.88637919233402,"Kaplan-Meier","HeadNeckSubtypeCancerOralCavityIncidence","Both","All","None",NA,"CPRDGold","2000-2019"
2002,2002,2002,785,9.30241910002085,0.289969541382651,7.98904859685147,7.12388774811773,9.12799452429843,"Kaplan-Meier","HeadNeckSubtypeCancerOropharynx","Both","All","None",NA,"CPRDGold","2000-2019"
650,650,650,255,9.6815865414247,0.421316717541569,8.435318275154,6.29705681040383,10.8364134154689,"Kaplan-Meier","HeadNeckSubtypeCancerSalivaryGland","Both","All","None",NA,"CPRDGold","2000-2019"
2154,2154,2154,954,8.57568830035706,0.250209890838364,6.64202600958248,5.64271047227926,8.11772758384668,"Kaplan-Meier","HeadNeckSubtypeCancerTongueIncidence","Both","All","None",NA,"CPRDGold","2000-2019"
558,558,558,323,6.51374290825722,0.37879703508915,3.41957563312799,2.7296372347707,4.54757015742642,"Kaplan-Meier","HeadNeckSubtypeCancerHypopharynx","Male","All","Gender",NA,"CPRDGold","2000-2019"
168,168,168,102,5.42071877005327,0.62884777086903,2.92402464065708,1.73032169746749,4.61327857631759,"Kaplan-Meier","HeadNeckSubtypeCancerHypopharynx","Female","All","Gender",NA,"CPRDGold","2000-2019"
1995,1995,1995,956,8.39756901802477,0.233891385574113,6.52977412731006,5.85352498288843,7.49075975359343,"Kaplan-Meier","HeadNeckSubtypeCancerLarynx","Male","All","Gender",NA,"CPRDGold","2000-2019"
458,458,458,211,9.09105112533307,0.497583583165989,6.34907597535934,4.93634496919918,8.21629021218344,"Kaplan-Meier","HeadNeckSubtypeCancerLarynx","Female","All","Gender",NA,"CPRDGold","2000-2019"
131,131,131,71,7.74097632450148,0.900573825923173,5.01848049281314,2.40383299110198,6.70225872689938,"Kaplan-Meier","HeadNeckSubtypeCancerNasalCavitySinus","Male","All","Gender",NA,"CPRDGold","2000-2019"
90,90,90,46,8.03990740377955,1.05378913319695,4.27926078028747,2.1492128678987,10.1054072553046,"Kaplan-Meier","HeadNeckSubtypeCancerNasalCavitySinus","Female","All","Gender",NA,"CPRDGold","2000-2019"
222,222,222,103,8.03950647779928,0.63946931229564,6.16563997262149,3.56194387405886,9.73853524982888,"Kaplan-Meier","HeadNeckSubtypeCancerNasopharynx","Male","All","Gender",NA,"CPRDGold","2000-2019"
102,102,102,46,8.70383461679764,0.916939738979165,4.9719370294319,3.709787816564,NA,"Kaplan-Meier","HeadNeckSubtypeCancerNasopharynx","Female","All","Gender",NA,"CPRDGold","2000-2019"
1013,1013,1013,418,9.25922319087099,0.340933290077816,8.6735112936345,7.58658453114305,9.88637919233402,"Kaplan-Meier","HeadNeckSubtypeCancerOralCavityIncidence","Male","All","Gender",NA,"CPRDGold","2000-2019"
731,731,731,282,10.3484528429851,0.407318157058049,8.88980150581793,6.90485968514716,12.6105407255305,"Kaplan-Meier","HeadNeckSubtypeCancerOralCavityIncidence","Female","All","Gender",NA,"CPRDGold","2000-2019"
1477,1477,1477,581,9.33273623420521,0.325903995174075,7.79739904175222,6.56262833675565,10.1245722108145,"Kaplan-Meier","HeadNeckSubtypeCancerOropharynx","Male","All","Gender",NA,"CPRDGold","2000-2019"
525,525,525,204,9.26591518943312,0.555599857907889,8.2984257357974,6.99794661190965,10.3819301848049,"Kaplan-Meier","HeadNeckSubtypeCancerOropharynx","Female","All","Gender",NA,"CPRDGold","2000-2019"
383,383,383,176,8.25699744391914,0.583924285267135,5.6974674880219,3.95893223819302,8.06023271731691,"Kaplan-Meier","HeadNeckSubtypeCancerSalivaryGland","Male","All","Gender",NA,"CPRDGold","2000-2019"
267,267,267,79,11.5420142885869,0.644823401209276,NA,8.63791923340178,NA,"Kaplan-Meier","HeadNeckSubtypeCancerSalivaryGland","Female","All","Gender",NA,"CPRDGold","2000-2019"
1410,1410,1410,625,8.52608397143563,0.307176059609222,6.42026009582478,4.90349075975359,8.12046543463381,"Kaplan-Meier","HeadNeckSubtypeCancerTongueIncidence","Male","All","Gender",NA,"CPRDGold","2000-2019"
744,744,744,329,8.64787740695722,0.418461537842966,7.17864476386037,5.57700205338809,8.90896646132786,"Kaplan-Meier","HeadNeckSubtypeCancerTongueIncidence","Female","All","Gender",NA,"CPRDGold","2000-2019"
1,1,1,1,0.947296372347707,0,0.947296372347707,NA,NA,"Kaplan-Meier","HeadNeckSubtypeCancerHypopharynx","Both",NA,"Age",NA,"CPRDGold","2000-2019"
35,35,35,21,7.28822862944329,1.31006523041563,4.98288843258042,3.20328542094456,NA,"Kaplan-Meier","HeadNeckSubtypeCancerHypopharynx","Both",NA,"Age",NA,"CPRDGold","2000-2019"
153,153,153,74,8.46665884642819,0.769283556877935,4.7501711156742,3.07734428473648,NA,"Kaplan-Meier","HeadNeckSubtypeCancerHypopharynx","Both",NA,"Age",NA,"CPRDGold","2000-2019"
247,247,247,136,6.85929996052481,0.573487736852456,3.61943874058864,2.57631759069131,5.76043805612594,"Kaplan-Meier","HeadNeckSubtypeCancerHypopharynx","Both",NA,"Age",NA,"CPRDGold","2000-2019"
200,200,200,126,5.25314559446748,0.516748605915101,3.09924709103354,2.12457221081451,5.31964407939767,"Kaplan-Meier","HeadNeckSubtypeCancerHypopharynx","Both",NA,"Age",NA,"CPRDGold","2000-2019"
82,82,82,61,2.92738927171579,0.544026945208701,1.28678986995209,1.01026694045175,2.89664613278576,"Kaplan-Meier","HeadNeckSubtypeCancerHypopharynx","Both",NA,"Age",NA,"CPRDGold","2000-2019"
8,8,8,6,3.45605749486653,2.42780023207372,0.780287474332649,0.580424366872005,NA,"Kaplan-Meier","HeadNeckSubtypeCancerHypopharynx","Both",NA,"Age",NA,"CPRDGold","2000-2019"
11,11,11,1,16.6402007757244,2.82463051368357,NA,NA,NA,"Kaplan-Meier","HeadNeckSubtypeCancerLarynx","Both",NA,"Age",NA,"CPRDGold","2000-2019"
23,23,23,5,13.8551418681106,2.28282415839306,NA,2.45311430527036,NA,"Kaplan-Meier","HeadNeckSubtypeCancerLarynx","Both",NA,"Age",NA,"CPRDGold","2000-2019"
121,121,121,48,10.4168751582999,0.965337704920226,14.9787816563997,4.82135523613963,NA,"Kaplan-Meier","HeadNeckSubtypeCancerLarynx","Both",NA,"Age",NA,"CPRDGold","2000-2019"
481,481,481,191,10.7350949049948,0.485016900513931,10.2477754962355,8.49281314168378,15.5208761122519,"Kaplan-Meier","HeadNeckSubtypeCancerLarynx","Both",NA,"Age",NA,"CPRDGold","2000-2019"
811,811,811,358,9.3144685737296,0.371973715077063,7.98357289527721,6.362765229295,9.74127310061602,"Kaplan-Meier","HeadNeckSubtypeCancerLarynx","Both",NA,"Age",NA,"CPRDGold","2000-2019"
705,705,705,364,7.20668615459945,0.350555045611567,5.42915811088296,4.93634496919918,6.7378507871321,"Kaplan-Meier","HeadNeckSubtypeCancerLarynx","Both",NA,"Age",NA,"CPRDGold","2000-2019"
269,269,269,175,4.45201181456365,0.409524445548298,2.90485968514716,2.21218343600274,3.80287474332649,"Kaplan-Meier","HeadNeckSubtypeCancerLarynx","Both",NA,"Age",NA,"CPRDGold","2000-2019"
32,32,32,25,1.79800663618977,0.401475375885542,0.826830937713895,0.246406570841889,2.5845311430527,"Kaplan-Meier","HeadNeckSubtypeCancerLarynx","Both",NA,"Age",NA,"CPRDGold","2000-2019"
1,1,1,1,1.43737166324435,0,1.43737166324435,NA,NA,"Kaplan-Meier","HeadNeckSubtypeCancerNasalCavitySinus","Both",NA,"Age",NA,"CPRDGold","2000-2019"
10,10,10,2,15.7409993155373,2.29755359012732,NA,NA,NA,"Kaplan-Meier","HeadNeckSubtypeCancerNasalCavitySinus","Both",NA,"Age",NA,"CPRDGold","2000-2019"
21,21,21,7,12.3610038786219,2.11159241425082,NA,2.78713210130048,NA,"Kaplan-Meier","HeadNeckSubtypeCancerNasalCavitySinus","Both",NA,"Age",NA,"CPRDGold","2000-2019"
42,42,42,20,8.65637173359086,1.64000368261456,6.53798767967146,2.40383299110198,NA,"Kaplan-Meier","HeadNeckSubtypeCancerNasalCavitySinus","Both",NA,"Age",NA,"CPRDGold","2000-2019"
55,55,55,23,9.51492288976426,1.44464165984316,9.62354551676934,3.0444900752909,NA,"Kaplan-Meier","HeadNeckSubtypeCancerNasalCavitySinus","Both",NA,"Age",NA,"CPRDGold","2000-2019"
68,68,68,47,4.70115776484949,0.895703405163046,1.61533196440794,1.00752908966461,5.23477070499658,"Kaplan-Meier","HeadNeckSubtypeCancerNasalCavitySinus","Both",NA,"Age",NA,"CPRDGold","2000-2019"
23,23,23,17,4.57395589679493,1.57811355194601,2.0643394934976,0.588637919233402,5.64271047227926,"Kaplan-Meier","HeadNeckSubtypeCancerNasalCavitySinus","Both",NA,"Age",NA,"CPRDGold","2000-2019"
1,1,1,0,19.3730321697468,0,NA,NA,NA,"Kaplan-Meier","HeadNeckSubtypeCancerNasalCavitySinus","Both",NA,"Age",NA,"CPRDGold","2000-2019"
6,6,6,2,11.1266255989049,3.41504512219129,4.52566735112936,4.07118412046543,NA,"Kaplan-Meier","HeadNeckSubtypeCancerNasopharynx","Both",NA,"Age",NA,"CPRDGold","2000-2019"
16,16,16,5,11.0254391968971,2.37395258807354,9.05954825462012,4.82409308692676,NA,"Kaplan-Meier","HeadNeckSubtypeCancerNasopharynx","Both",NA,"Age",NA,"CPRDGold","2000-2019"
35,35,35,11,11.7366471590394,1.48217072061192,NA,4.08213552361396,NA,"Kaplan-Meier","HeadNeckSubtypeCancerNasopharynx","Both",NA,"Age",NA,"CPRDGold","2000-2019"
99,99,99,36,9.95702770408964,0.939243333108374,9.73853524982888,6.06160164271047,NA,"Kaplan-Meier","HeadNeckSubtypeCancerNasopharynx","Both",NA,"Age",NA,"CPRDGold","2000-2019"
76,76,76,34,8.99288199477687,1.07144154316081,6.45311430527036,2.61464750171116,NA,"Kaplan-Meier","HeadNeckSubtypeCancerNasopharynx","Both",NA,"Age",NA,"CPRDGold","2000-2019"
57,57,57,34,5.48175600920263,1.10117833851184,2.33264887063655,1.09240246406571,6.16563997262149,"Kaplan-Meier","HeadNeckSubtypeCancerNasopharynx","Both",NA,"Age",NA,"CPRDGold","2000-2019"
30,30,30,22,1.89882113631129,0.403656396337743,1.3388090349076,0.678986995208761,3.14305270362765,"Kaplan-Meier","HeadNeckSubtypeCancerNasopharynx","Both",NA,"Age",NA,"CPRDGold","2000-2019"
5,5,5,5,2.0062970568104,0.726559119938865,1.83983572895277,1.02121834360027,NA,"Kaplan-Meier","HeadNeckSubtypeCancerNasopharynx","Both",NA,"Age",NA,"CPRDGold","2000-2019"
23,23,23,3,16.7093405121795,1.6155729393803,NA,NA,NA,"Kaplan-Meier","HeadNeckSubtypeCancerOralCavityIncidence","Both",NA,"Age",NA,"CPRDGold","2000-2019"
56,56,56,4,17.6348255058969,0.964927072704914,NA,NA,NA,"Kaplan-Meier","HeadNeckSubtypeCancerOralCavityIncidence","Both",NA,"Age",NA,"CPRDGold","2000-2019"
161,161,161,39,13.7735173701606,0.832062732440724,NA,12.0547570157426,NA,"Kaplan-Meier","HeadNeckSubtypeCancerOralCavityIncidence","Both",NA,"Age",NA,"CPRDGold","2000-2019"
356,356,356,114,12.1192168892138,0.564642652152419,NA,9.37440109514031,NA,"Kaplan-Meier","HeadNeckSubtypeCancerOralCavityIncidence","Both",NA,"Age",NA,"CPRDGold","2000-2019"
490,490,490,195,9.91455384665532,0.473621340519088,9.4072553045859,7.05817932922656,11.8083504449008,"Kaplan-Meier","HeadNeckSubtypeCancerOralCavityIncidence","Both",NA,"Age",NA,"CPRDGold","2000-2019"
371,371,371,176,7.39774401003769,0.425916763129793,6.32717316906229,5.13073237508556,9.30595482546201,"Kaplan-Meier","HeadNeckSubtypeCancerOralCavityIncidence","Both",NA,"Age",NA,"CPRDGold","2000-2019"
245,245,245,140,5.24328485858056,0.515791754475606,3.66872005475702,2.64476386036961,5.37440109514031,"Kaplan-Meier","HeadNeckSubtypeCancerOralCavityIncidence","Both",NA,"Age",NA,"CPRDGold","2000-2019"
42,42,42,29,4.72120184530457,1.36551078557655,1.23750855578371,0.65160848733744,3.28815879534565,"Kaplan-Meier","HeadNeckSubtypeCancerOralCavityIncidence","Both",NA,"Age",NA,"CPRDGold","2000-2019"
4,4,4,0,19.0198494182067,0,NA,NA,NA,"Kaplan-Meier","HeadNeckSubtypeCancerOropharynx","Both",NA,"Age",NA,"CPRDGold","2000-2019"
15,15,15,5,12.0423480329846,2.39676250877394,NA,3.06091718001369,NA,"Kaplan-Meier","HeadNeckSubtypeCancerOropharynx","Both",NA,"Age",NA,"CPRDGold","2000-2019"
239,239,239,60,12.6124219074502,0.80170718264028,NA,12.7857631759069,NA,"Kaplan-Meier","HeadNeckSubtypeCancerOropharynx","Both",NA,"Age",NA,"CPRDGold","2000-2019"
656,656,656,193,11.5441436457064,0.462580068688228,11.7645448323066,10.5379876796715,NA,"Kaplan-Meier","HeadNeckSubtypeCancerOropharynx","Both",NA,"Age",NA,"CPRDGold","2000-2019"
645,645,645,256,8.81505419515077,0.482892527956807,7.60027378507871,5.8425735797399,9.36892539356605,"Kaplan-Meier","HeadNeckSubtypeCancerOropharynx","Both",NA,"Age",NA,"CPRDGold","2000-2019"
329,329,329,184,6.0560125837718,0.529916827692974,2.86652977412731,2.30800821355236,3.94798083504449,"Kaplan-Meier","HeadNeckSubtypeCancerOropharynx","Both",NA,"Age",NA,"CPRDGold","2000-2019"
101,101,101,78,3.27511008836662,0.569690940998609,1.10335386721424,0.698151950718686,1.90006844626968,"Kaplan-Meier","HeadNeckSubtypeCancerOropharynx","Both",NA,"Age",NA,"CPRDGold","2000-2019"
13,13,13,9,1.23109829937345,0.385179621465717,0.769336071184121,0.153319644079398,NA,"Kaplan-Meier","HeadNeckSubtypeCancerOropharynx","Both",NA,"Age",NA,"CPRDGold","2000-2019"
20,20,20,0,18.6858316221766,0,NA,NA,NA,"Kaplan-Meier","HeadNeckSubtypeCancerSalivaryGland","Both",NA,"Age",NA,"CPRDGold","2000-2019"
32,32,32,4,16.1016437634918,1.19685065946612,NA,NA,NA,"Kaplan-Meier","HeadNeckSubtypeCancerSalivaryGland","Both",NA,"Age",NA,"CPRDGold","2000-2019"
65,65,65,12,14.7317024840829,1.01446009509086,NA,NA,NA,"Kaplan-Meier","HeadNeckSubtypeCancerSalivaryGland","Both",NA,"Age",NA,"CPRDGold","2000-2019"
101,101,101,19,14.3333018495705,0.917817546333434,NA,NA,NA,"Kaplan-Meier","HeadNeckSubtypeCancerSalivaryGland","Both",NA,"Age",NA,"CPRDGold","2000-2019"
127,127,127,52,9.30385851374117,0.895203494095328,8.24914442162902,5.99315537303217,NA,"Kaplan-Meier","HeadNeckSubtypeCancerSalivaryGland","Both",NA,"Age",NA,"CPRDGold","2000-2019"
155,155,155,70,8.15747495494693,0.905986946671678,5.7741273100616,4.03011635865845,8.93908281998631,"Kaplan-Meier","HeadNeckSubtypeCancerSalivaryGland","Both",NA,"Age",NA,"CPRDGold","2000-2019"
113,113,113,69,3.76094039937645,0.416897235791469,2.18754277891855,1.60438056125941,3.9315537303217,"Kaplan-Meier","HeadNeckSubtypeCancerSalivaryGland","Both",NA,"Age",NA,"CPRDGold","2000-2019"
37,37,37,29,1.99714898299253,0.391939458564846,1.5523613963039,0.731006160164271,2.8145106091718,"Kaplan-Meier","HeadNeckSubtypeCancerSalivaryGland","Both",NA,"Age",NA,"CPRDGold","2000-2019"
12,12,12,2,15.3980150581793,2.26560041873899,NA,NA,NA,"Kaplan-Meier","HeadNeckSubtypeCancerTongueIncidence","Both",NA,"Age",NA,"CPRDGold","2000-2019"
44,44,44,9,14.6380303224165,1.2786679537009,NA,NA,NA,"Kaplan-Meier","HeadNeckSubtypeCancerTongueIncidence","Both",NA,"Age",NA,"CPRDGold","2000-2019"
225,225,225,76,10.9165739032717,0.657387065070068,13.5523613963039,10.1437371663244,NA,"Kaplan-Meier","HeadNeckSubtypeCancerTongueIncidence","Both",NA,"Age",NA,"CPRDGold","2000-2019"
600,600,600,196,11.253815463266,0.451354649160532,13.6700889801506,9.37440109514031,NA,"Kaplan-Meier","HeadNeckSubtypeCancerTongueIncidence","Both",NA,"Age",NA,"CPRDGold","2000-2019"
646,646,646,290,8.28576753402708,0.447693912998883,6.42026009582478,4.38603696098563,8.75838466803559,"Kaplan-Meier","HeadNeckSubtypeCancerTongueIncidence","Both",NA,"Age",NA,"CPRDGold","2000-2019"
397,397,397,219,5.71087071768758,0.519022123415109,2.65023956194387,2.10266940451745,3.8466803559206,"Kaplan-Meier","HeadNeckSubtypeCancerTongueIncidence","Both",NA,"Age",NA,"CPRDGold","2000-2019"
194,194,194,130,3.71591270927398,0.405958269483945,1.36892539356605,0.985626283367556,2.1409993155373,"Kaplan-Meier","HeadNeckSubtypeCancerTongueIncidence","Both",NA,"Age",NA,"CPRDGold","2000-2019"
36,36,36,32,1.84930560578098,0.325704050363732,1.1088295687885,0.635181382614648,2.21218343600274,"Kaplan-Meier","HeadNeckSubtypeCancerTongueIncidence","Both",NA,"Age",NA,"CPRDGold","2000-2019"
1,1,1,1,0.947296372347707,0,0.947296372347707,NA,NA,"Kaplan-Meier","HeadNeckSubtypeCancerHypopharynx","Female","30-39","Age*Gender","Female_30-39","CPRDGold","2000-2019"
6,6,6,5,3.55418663016199,1.76625005174334,0.818617385352498,0.366872005475702,NA,"Kaplan-Meier","HeadNeckSubtypeCancerHypopharynx","Female","40-49","Age*Gender","Female_40-49","CPRDGold","2000-2019"
33,33,33,18,7.43824167145706,1.58570420402706,2.94866529774127,2.2861054072553,NA,"Kaplan-Meier","HeadNeckSubtypeCancerHypopharynx","Female","50-59","Age*Gender","Female_50-59","CPRDGold","2000-2019"
53,53,53,25,8.16602938561011,1.35841248351186,6.4476386036961,3.06913073237509,NA,"Kaplan-Meier","HeadNeckSubtypeCancerHypopharynx","Female","60-69","Age*Gender","Female_60-69","CPRDGold","2000-2019"
48,48,48,32,4.04329897079392,0.654998284464574,2.92402464065708,0.862422997946612,6.12183436002738,"Kaplan-Meier","HeadNeckSubtypeCancerHypopharynx","Female","70-79","Age*Gender","Female_70-79","CPRDGold","2000-2019"
24,24,24,19,1.78896615744897,0.57784951401002,0.889801505817933,0.473648186173854,2.06981519507187,"Kaplan-Meier","HeadNeckSubtypeCancerHypopharynx","Female","80-89","Age*Gender","Female_80-89","CPRDGold","2000-2019"
3,3,3,2,1.27857631759069,0.507446198139887,1.90006844626968,0.0355920602327173,NA,"Kaplan-Meier","HeadNeckSubtypeCancerHypopharynx","Female",">=90","Age*Gender","Female_>=90","CPRDGold","2000-2019"
29,29,29,16,8.08761954932223,1.49277885287037,5.01300479123888,3.45516769336071,NA,"Kaplan-Meier","HeadNeckSubtypeCancerHypopharynx","Male","40-49","Age*Gender","Male_40-49","CPRDGold","2000-2019"
120,120,120,56,8.68433654962207,0.877376113404549,4.92813141683778,3.37029431895962,NA,"Kaplan-Meier","HeadNeckSubtypeCancerHypopharynx","Male","50-59","Age*Gender","Male_50-59","CPRDGold","2000-2019"
194,194,194,111,6.59777245967046,0.621326293605042,2.84736481861739,2.16837782340862,5.35797399041752,"Kaplan-Meier","HeadNeckSubtypeCancerHypopharynx","Male","60-69","Age*Gender","Male_60-69","CPRDGold","2000-2019"
152,152,152,94,5.64757649147177,0.637370365498942,3.30184804928131,2.15468856947296,5.40451745379877,"Kaplan-Meier","HeadNeckSubtypeCancerHypopharynx","Male","70-79","Age*Gender","Male_70-79","CPRDGold","2000-2019"
58,58,58,42,3.34947929022525,0.710010646834219,2.06981519507187,1.06228610540726,3.55373032169747,"Kaplan-Meier","HeadNeckSubtypeCancerHypopharynx","Male","80-89","Age*Gender","Male_80-89","CPRDGold","2000-2019"
5,5,5,4,4.22340862422998,3.1819911604122,0.780287474332649,0.580424366872005,NA,"Kaplan-Meier","HeadNeckSubtypeCancerHypopharynx","Male",">=90","Age*Gender","Male_>=90","CPRDGold","2000-2019"
5,5,5,0,19.7344284736482,0,NA,NA,NA,"Kaplan-Meier","HeadNeckSubtypeCancerLarynx","Female","18-29","Age*Gender","Female_18-29","CPRDGold","2000-2019"
14,14,14,2,15.9375183338222,2.45085150628543,NA,NA,NA,"Kaplan-Meier","HeadNeckSubtypeCancerLarynx","Female","30-39","Age*Gender","Female_30-39","CPRDGold","2000-2019"
36,36,36,14,11.4600197207471,1.65642997168447,NA,3.64407939767283,NA,"Kaplan-Meier","HeadNeckSubtypeCancerLarynx","Female","40-49","Age*Gender","Female_40-49","CPRDGold","2000-2019"
85,85,85,34,11.2724327306913,1.10347499936682,8.49281314168378,6.52156057494867,NA,"Kaplan-Meier","HeadNeckSubtypeCancerLarynx","Female","50-59","Age*Gender","Female_50-59","CPRDGold","2000-2019"
130,130,130,50,10.6848240799502,0.946219130105189,8.44900752908966,5.29500342231348,NA,"Kaplan-Meier","HeadNeckSubtypeCancerLarynx","Female","60-69","Age*Gender","Female_60-69","CPRDGold","2000-2019"
122,122,122,67,7.04854916467883,0.796593692710652,4.93634496919918,3.21423682409309,7.3347022587269,"Kaplan-Meier","HeadNeckSubtypeCancerLarynx","Female","70-79","Age*Gender","Female_70-79","CPRDGold","2000-2019"
57,57,57,38,5.19278666304643,1.05933274695693,2.49144421629021,1.21013004791239,5.6290212183436,"Kaplan-Meier","HeadNeckSubtypeCancerLarynx","Female","80-89","Age*Gender","Female_80-89","CPRDGold","2000-2019"
9,9,9,6,4.51823604185,2.95067024062133,0.955509924709103,0.10403832991102,NA,"Kaplan-Meier","HeadNeckSubtypeCancerLarynx","Female",">=90","Age*Gender","Female_>=90","CPRDGold","2000-2019"
6,6,6,1,15.0930869267625,4.01951968724318,NA,1.16906228610541,NA,"Kaplan-Meier","HeadNeckSubtypeCancerLarynx","Male","18-29","Age*Gender","Male_18-29","CPRDGold","2000-2019"
9,9,9,3,10.6639288158795,4.07979856911376,2.32991101984942,2.32991101984942,NA,"Kaplan-Meier","HeadNeckSubtypeCancerLarynx","Male","30-39","Age*Gender","Male_30-39","CPRDGold","2000-2019"
85,85,85,34,9.93877512280547,1.07942647441471,8.47912388774812,4.82135523613963,NA,"Kaplan-Meier","HeadNeckSubtypeCancerLarynx","Male","40-49","Age*Gender","Male_40-49","CPRDGold","2000-2019"
396,396,396,157,10.6221571607695,0.532104045620439,10.0342231348392,8.49281314168378,15.5208761122519,"Kaplan-Meier","HeadNeckSubtypeCancerLarynx","Male","50-59","Age*Gender","Male_50-59","CPRDGold","2000-2019"
681,681,681,308,9.17040186524256,0.39475554153497,7.7864476386037,6.34633812457221,9.84804928131417,"Kaplan-Meier","HeadNeckSubtypeCancerLarynx","Male","60-69","Age*Gender","Male_60-69","CPRDGold","2000-2019"
583,583,583,297,7.06105220484273,0.34321722295695,5.42915811088296,5.07871321013005,6.76249144421629,"Kaplan-Meier","HeadNeckSubtypeCancerLarynx","Male","70-79","Age*Gender","Male_70-79","CPRDGold","2000-2019"
212,212,212,137,4.404802569284,0.423759221572985,2.97604380561259,2.21218343600274,3.80287474332649,"Kaplan-Meier","HeadNeckSubtypeCancerLarynx","Male","80-89","Age*Gender","Male_80-89","CPRDGold","2000-2019"
23,23,23,19,1.75399872176946,0.444744622169524,0.733744010951403,0.26009582477755,3.27720739219713,"Kaplan-Meier","HeadNeckSubtypeCancerLarynx","Male",">=90","Age*Gender","Male_>=90","CPRDGold","2000-2019"
1,1,1,1,1.43737166324435,0,1.43737166324435,NA,NA,"Kaplan-Meier","HeadNeckSubtypeCancerNasalCavitySinus","Female","18-29","Age*Gender","Female_18-29","CPRDGold","2000-2019"
5,5,5,1,15.676386036961,3.30638081666827,NA,NA,NA,"Kaplan-Meier","HeadNeckSubtypeCancerNasalCavitySinus","Female","30-39","Age*Gender","Female_30-39","CPRDGold","2000-2019"
4,4,4,2,8.66187542778919,4.87116050977285,2.78713210130048,1.4072553045859,NA,"Kaplan-Meier","HeadNeckSubtypeCancerNasalCavitySinus","Female","40-49","Age*Gender","Female_40-49","CPRDGold","2000-2019"
19,19,19,11,6.11174292523044,2.16952731624039,2.1574264202601,1.76865160848734,NA,"Kaplan-Meier","HeadNeckSubtypeCancerNasalCavitySinus","Female","50-59","Age*Gender","Female_50-59","CPRDGold","2000-2019"
25,25,25,10,10.9044269640563,1.90597667294071,9.62354551676934,4.27926078028747,NA,"Kaplan-Meier","HeadNeckSubtypeCancerNasalCavitySinus","Female","60-69","Age*Gender","Female_60-69","CPRDGold","2000-2019"
25,25,25,15,6.24939288843556,1.54516742278593,2.85284052019165,1.32785763175907,NA,"Kaplan-Meier","HeadNeckSubtypeCancerNasalCavitySinus","Female","70-79","Age*Gender","Female_70-79","CPRDGold","2000-2019"
10,10,10,6,7.71047227926078,2.98268917864594,1.42915811088296,0.454483230663929,NA,"Kaplan-Meier","HeadNeckSubtypeCancerNasalCavitySinus","Female","80-89","Age*Gender","Female_80-89","CPRDGold","2000-2019"
1,1,1,0,19.3730321697468,0,NA,NA,NA,"Kaplan-Meier","HeadNeckSubtypeCancerNasalCavitySinus","Female",">=90","Age*Gender","Female_>=90","CPRDGold","2000-2019"
5,5,5,1,15.8056125941136,3.19079707015165,NA,NA,NA,"Kaplan-Meier","HeadNeckSubtypeCancerNasalCavitySinus","Male","30-39","Age*Gender","Male_30-39","CPRDGold","2000-2019"
17,17,17,5,13.252803664508,2.24006270020298,NA,6.88843258042437,NA,"Kaplan-Meier","HeadNeckSubtypeCancerNasalCavitySinus","Male","40-49","Age*Gender","Male_40-49","CPRDGold","2000-2019"
23,23,23,9,10.8960299413043,2.06889694212759,8.71731690622861,6.53798767967146,NA,"Kaplan-Meier","HeadNeckSubtypeCancerNasalCavitySinus","Male","50-59","Age*Gender","Male_50-59","CPRDGold","2000-2019"
30,30,30,13,8.21282462806926,1.27972259683839,14.1382614647502,1.76591375770021,NA,"Kaplan-Meier","HeadNeckSubtypeCancerNasalCavitySinus","Male","60-69","Age*Gender","Male_60-69","CPRDGold","2000-2019"
43,43,43,32,4.67581072446169,1.09676143756684,1.3223819301848,0.629705681040383,5.06776180698152,"Kaplan-Meier","HeadNeckSubtypeCancerNasalCavitySinus","Male","70-79","Age*Gender","Male_70-79","CPRDGold","2000-2019"
13,13,13,11,3.21925302623455,1.49606270614582,2.17932922655715,0.449007529089665,NA,"Kaplan-Meier","HeadNeckSubtypeCancerNasalCavitySinus","Male","80-89","Age*Gender","Male_80-89","CPRDGold","2000-2019"
3,3,3,2,4.2984257357974,0.160684087169017,4.2984257357974,4.07118412046543,NA,"Kaplan-Meier","HeadNeckSubtypeCancerNasopharynx","Female","18-29","Age*Gender","Female_18-29","CPRDGold","2000-2019"
7,7,7,2,13.2221765913758,2.80303109724123,NA,4.82409308692676,NA,"Kaplan-Meier","HeadNeckSubtypeCancerNasopharynx","Female","30-39","Age*Gender","Female_30-39","CPRDGold","2000-2019"
11,11,11,3,13.2093280512172,2.29017844448219,NA,5.31416837782341,NA,"Kaplan-Meier","HeadNeckSubtypeCancerNasopharynx","Female","40-49","Age*Gender","Female_40-49","CPRDGold","2000-2019"
28,28,28,10,10.7602960310304,1.6916157105951,NA,3.709787816564,NA,"Kaplan-Meier","HeadNeckSubtypeCancerNasopharynx","Female","50-59","Age*Gender","Female_50-59","CPRDGold","2000-2019"
19,19,19,10,6.23353946883478,1.86864148161878,3.4113620807666,2.61464750171116,NA,"Kaplan-Meier","HeadNeckSubtypeCancerNasopharynx","Female","60-69","Age*Gender","Female_60-69","CPRDGold","2000-2019"
18,18,18,6,10.5757427914127,2.40046142421927,NA,0.553045859000684,NA,"Kaplan-Meier","HeadNeckSubtypeCancerNasopharynx","Female","70-79","Age*Gender","Female_70-79","CPRDGold","2000-2019"
14,14,14,11,1.53061859427363,0.557211277258434,0.793976728268309,0.591375770020534,NA,"Kaplan-Meier","HeadNeckSubtypeCancerNasopharynx","Female","80-89","Age*Gender","Female_80-89","CPRDGold","2000-2019"
2,2,2,2,2.99657768651608,1.39678998665597,2.99657768651608,1.02121834360027,NA,"Kaplan-Meier","HeadNeckSubtypeCancerNasopharynx","Female",">=90","Age*Gender","Female_>=90","CPRDGold","2000-2019"
3,3,3,0,17.9548254620123,0,NA,NA,NA,"Kaplan-Meier","HeadNeckSubtypeCancerNasopharynx","Male","18-29","Age*Gender","Male_18-29","CPRDGold","2000-2019"
9,9,9,3,6.97137931908637,1.28626053843884,9.05954825462012,1.51676933607118,NA,"Kaplan-Meier","HeadNeckSubtypeCancerNasopharynx","Male","30-39","Age*Gender","Male_30-39","CPRDGold","2000-2019"
24,24,24,8,10.8490325501983,1.90451795343795,NA,3.25530458590007,NA,"Kaplan-Meier","HeadNeckSubtypeCancerNasopharynx","Male","40-49","Age*Gender","Male_40-49","CPRDGold","2000-2019"
71,71,71,26,9.76869566478107,1.09010303382325,9.73853524982888,8.98288843258042,NA,"Kaplan-Meier","HeadNeckSubtypeCancerNasopharynx","Male","50-59","Age*Gender","Male_50-59","CPRDGold","2000-2019"
57,57,57,24,9.6707359908346,1.22843176441267,9.5523613963039,1.27857631759069,NA,"Kaplan-Meier","HeadNeckSubtypeCancerNasopharynx","Male","60-69","Age*Gender","Male_60-69","CPRDGold","2000-2019"
39,39,39,28,3.67431892198419,0.753399245815506,1.7056810403833,0.903490759753593,5.50034223134839,"Kaplan-Meier","HeadNeckSubtypeCancerNasopharynx","Male","70-79","Age*Gender","Male_70-79","CPRDGold","2000-2019"
16,16,16,11,2.05106469505853,0.470577321615903,1.48939082819986,0.528405201916496,NA,"Kaplan-Meier","HeadNeckSubtypeCancerNasopharynx","Male","80-89","Age*Gender","Male_80-89","CPRDGold","2000-2019"
3,3,3,3,1.34610997033995,0.48582831710404,1.83983572895277,0.161533196440794,NA,"Kaplan-Meier","HeadNeckSubtypeCancerNasopharynx","Male",">=90","Age*Gender","Male_>=90","CPRDGold","2000-2019"
12,12,12,1,17.9555721485906,1.66213725967921,NA,NA,NA,"Kaplan-Meier","HeadNeckSubtypeCancerOralCavityIncidence","Female","18-29","Age*Gender","Female_18-29","CPRDGold","2000-2019"
20,20,20,1,18.4421629021218,1.08831118504328,NA,14.6721423682409,NA,"Kaplan-Meier","HeadNeckSubtypeCancerOralCavityIncidence","Female","30-39","Age*Gender","Female_30-39","CPRDGold","2000-2019"
64,64,64,13,15.0669690860395,1.12450770594516,NA,NA,NA,"Kaplan-Meier","HeadNeckSubtypeCancerOralCavityIncidence","Female","40-49","Age*Gender","Female_40-49","CPRDGold","2000-2019"
138,138,138,43,12.3543296847158,0.890878897909517,NA,8.76933607118412,NA,"Kaplan-Meier","HeadNeckSubtypeCancerOralCavityIncidence","Female","50-59","Age*Gender","Female_50-59","CPRDGold","2000-2019"
180,180,180,61,11.6653499746445,0.778205301744712,16.0027378507871,7.67145790554415,NA,"Kaplan-Meier","HeadNeckSubtypeCancerOralCavityIncidence","Female","60-69","Age*Gender","Female_60-69","CPRDGold","2000-2019"
159,159,159,72,8.05663090707599,0.799276245018909,5.91101984941821,4.36413415468857,9.97399041752224,"Kaplan-Meier","HeadNeckSubtypeCancerOralCavityIncidence","Female","70-79","Age*Gender","Female_70-79","CPRDGold","2000-2019"
128,128,128,71,5.38633071845606,0.868660081708133,3.97535934291581,2.56810403832991,5.76591375770021,"Kaplan-Meier","HeadNeckSubtypeCancerOralCavityIncidence","Female","80-89","Age*Gender","Female_80-89","CPRDGold","2000-2019"
30,30,30,20,4.91736725507925,1.59099481789441,1.57700205338809,0.65160848733744,5.637234770705,"Kaplan-Meier","HeadNeckSubtypeCancerOralCavityIncidence","Female",">=90","Age*Gender","Female_>=90","CPRDGold","2000-2019"
11,11,11,2,15.2721465164997,2.81419406110539,NA,NA,NA,"Kaplan-Meier","HeadNeckSubtypeCancerOralCavityIncidence","Male","18-29","Age*Gender","Male_18-29","CPRDGold","2000-2019"
36,36,36,3,17.3905043680496,1.25839841884623,NA,NA,NA,"Kaplan-Meier","HeadNeckSubtypeCancerOralCavityIncidence","Male","30-39","Age*Gender","Male_30-39","CPRDGold","2000-2019"
97,97,97,26,12.4170951964683,1.35019790568153,12.0547570157426,9.16084873374401,NA,"Kaplan-Meier","HeadNeckSubtypeCancerOralCavityIncidence","Male","40-49","Age*Gender","Male_40-49","CPRDGold","2000-2019"
218,218,218,71,11.9439657340435,0.733814838390483,12.3997262149213,9.01026694045174,NA,"Kaplan-Meier","HeadNeckSubtypeCancerOralCavityIncidence","Male","50-59","Age*Gender","Male_50-59","CPRDGold","2000-2019"
310,310,310,134,8.75710052074195,0.55969438472117,8.52566735112936,5.49486652977413,11.2005475701574,"Kaplan-Meier","HeadNeckSubtypeCancerOralCavityIncidence","Male","60-69","Age*Gender","Male_60-69","CPRDGold","2000-2019"
212,212,212,104,6.95622570074551,0.421245824922042,6.42299794661191,5.08692676249144,9.88637919233402,"Kaplan-Meier","HeadNeckSubtypeCancerOralCavityIncidence","Male","70-79","Age*Gender","Male_70-79","CPRDGold","2000-2019"
117,117,117,69,4.97848072736829,0.50576825919199,2.79260780287474,2.23682409308693,6.48596851471595,"Kaplan-Meier","HeadNeckSubtypeCancerOralCavityIncidence","Male","80-89","Age*Gender","Male_80-89","CPRDGold","2000-2019"
12,12,12,9,4.47027150353639,2.35200364266005,1.03901437371663,0.180698151950719,NA,"Kaplan-Meier","HeadNeckSubtypeCancerOralCavityIncidence","Male",">=90","Age*Gender","Male_>=90","CPRDGold","2000-2019"
1,1,1,0,19.0198494182067,0,NA,NA,NA,"Kaplan-Meier","HeadNeckSubtypeCancerOropharynx","Female","18-29","Age*Gender","Female_18-29","CPRDGold","2000-2019"
4,4,4,1,14.6960985626283,3.74447808056557,NA,1.72484599589322,NA,"Kaplan-Meier","HeadNeckSubtypeCancerOropharynx","Female","30-39","Age*Gender","Female_30-39","CPRDGold","2000-2019"
61,61,61,14,13.7896245866557,1.21790754089009,NA,11.1895961670089,NA,"Kaplan-Meier","HeadNeckSubtypeCancerOropharynx","Female","40-49","Age*Gender","Female_40-49","CPRDGold","2000-2019"
161,161,161,46,11.7687208619937,0.862700745680155,11.7645448323066,8.98836413415469,NA,"Kaplan-Meier","HeadNeckSubtypeCancerOropharynx","Female","50-59","Age*Gender","Female_50-59","CPRDGold","2000-2019"
155,155,155,52,10.1409123214676,0.916968783507138,9.02669404517454,7.44969199178645,NA,"Kaplan-Meier","HeadNeckSubtypeCancerOropharynx","Female","60-69","Age*Gender","Female_60-69","CPRDGold","2000-2019"
92,92,92,50,6.2982052384143,0.903355640441036,3.95345653661875,2.86652977412731,6.33264887063655,"Kaplan-Meier","HeadNeckSubtypeCancerOropharynx","Female","70-79","Age*Gender","Female_70-79","CPRDGold","2000-2019"
44,44,44,35,3.44821307095532,0.805435087981432,1.18275154004107,0.698151950718686,2.55167693360712,"Kaplan-Meier","HeadNeckSubtypeCancerOropharynx","Female","80-89","Age*Gender","Female_80-89","CPRDGold","2000-2019"
7,7,7,6,0.957074410873179,0.533999045555364,0.31211498973306,0.0766598220396988,NA,"Kaplan-Meier","HeadNeckSubtypeCancerOropharynx","Female",">=90","Age*Gender","Female_>=90","CPRDGold","2000-2019"
3,3,3,0,19.0198494182067,0,NA,NA,NA,"Kaplan-Meier","HeadNeckSubtypeCancerOropharynx","Male","18-29","Age*Gender","Male_18-29","CPRDGold","2000-2019"
11,11,11,4,11.3335857289528,2.81713576560641,8.19712525667351,3.06091718001369,NA,"Kaplan-Meier","HeadNeckSubtypeCancerOropharynx","Male","30-39","Age*Gender","Male_30-39","CPRDGold","2000-2019"
178,178,178,46,12.0684978194571,1.07100075588202,12.7857631759069,12.7857631759069,NA,"Kaplan-Meier","HeadNeckSubtypeCancerOropharynx","Male","40-49","Age*Gender","Male_40-49","CPRDGold","2000-2019"
495,495,495,147,11.4958957756591,0.538164502300596,14.6009582477755,10.5379876796715,NA,"Kaplan-Meier","HeadNeckSubtypeCancerOropharynx","Male","50-59","Age*Gender","Male_50-59","CPRDGold","2000-2019"
490,490,490,204,8.47256248952488,0.497740169759446,6.5845311430527,4.6570841889117,9.36892539356605,"Kaplan-Meier","HeadNeckSubtypeCancerOropharynx","Male","60-69","Age*Gender","Male_60-69","CPRDGold","2000-2019"
237,237,237,134,6.05093339371304,0.679512973101338,2.39561943874059,2.05886379192334,3.78097193702943,"Kaplan-Meier","HeadNeckSubtypeCancerOropharynx","Male","70-79","Age*Gender","Male_70-79","CPRDGold","2000-2019"
57,57,57,43,3.47441175450885,0.894360679412505,1.00479123887748,0.59958932238193,1.90006844626968,"Kaplan-Meier","HeadNeckSubtypeCancerOropharynx","Male","80-89","Age*Gender","Male_80-89","CPRDGold","2000-2019"
6,6,6,3,1.54506046087155,0.357637368878,1.39630390143737,1.39630390143737,NA,"Kaplan-Meier","HeadNeckSubtypeCancerOropharynx","Male",">=90","Age*Gender","Male_>=90","CPRDGold","2000-2019"
13,13,13,0,18.6858316221766,0,NA,NA,NA,"Kaplan-Meier","HeadNeckSubtypeCancerSalivaryGland","Female","18-29","Age*Gender","Female_18-29","CPRDGold","2000-2019"
20,20,20,1,17.6833219256217,0.974264302454569,NA,NA,NA,"Kaplan-Meier","HeadNeckSubtypeCancerSalivaryGland","Female","30-39","Age*Gender","Female_30-39","CPRDGold","2000-2019"
31,31,31,4,16.1817459713878,1.15446050994628,NA,NA,NA,"Kaplan-Meier","HeadNeckSubtypeCancerSalivaryGland","Female","40-49","Age*Gender","Female_40-49","CPRDGold","2000-2019"
42,42,42,4,16.4825439755721,1.06758608596212,NA,NA,NA,"Kaplan-Meier","HeadNeckSubtypeCancerSalivaryGland","Female","50-59","Age*Gender","Female_50-59","CPRDGold","2000-2019"
48,48,48,16,10.1866314452904,1.48454520358163,8.58042436687201,5.99315537303217,NA,"Kaplan-Meier","HeadNeckSubtypeCancerSalivaryGland","Female","60-69","Age*Gender","Female_60-69","CPRDGold","2000-2019"
60,60,60,22,9.9797170254594,1.34910138419192,8.63791923340178,5.37987679671458,NA,"Kaplan-Meier","HeadNeckSubtypeCancerSalivaryGland","Female","70-79","Age*Gender","Female_70-79","CPRDGold","2000-2019"
36,36,36,19,5.0900252175703,0.833853516369107,3.81656399726215,1.68925393566051,NA,"Kaplan-Meier","HeadNeckSubtypeCancerSalivaryGland","Female","80-89","Age*Gender","Female_80-89","CPRDGold","2000-2019"
17,17,17,13,1.85258168976009,0.409808415322846,1.5523613963039,0.37782340862423,NA,"Kaplan-Meier","HeadNeckSubtypeCancerSalivaryGland","Female",">=90","Age*Gender","Female_>=90","CPRDGold","2000-2019"
7,7,7,0,18.6858316221766,0,NA,NA,NA,"Kaplan-Meier","HeadNeckSubtypeCancerSalivaryGland","Male","18-29","Age*Gender","Male_18-29","CPRDGold","2000-2019"
12,12,12,3,13.7152457398864,2.43572107335786,NA,2.94592744695414,NA,"Kaplan-Meier","HeadNeckSubtypeCancerSalivaryGland","Male","30-39","Age*Gender","Male_30-39","CPRDGold","2000-2019"
34,34,34,8,13.3083071985252,1.60129747160199,NA,4.47364818617385,NA,"Kaplan-Meier","HeadNeckSubtypeCancerSalivaryGland","Male","40-49","Age*Gender","Male_40-49","CPRDGold","2000-2019"
59,59,59,15,12.874715285587,1.28717152623707,NA,8.85968514715948,NA,"Kaplan-Meier","HeadNeckSubtypeCancerSalivaryGland","Male","50-59","Age*Gender","Male_50-59","CPRDGold","2000-2019"
79,79,79,36,8.65836679973129,1.09891873788486,7.33196440793977,3.44695414099932,NA,"Kaplan-Meier","HeadNeckSubtypeCancerSalivaryGland","Male","60-69","Age*Gender","Male_60-69","CPRDGold","2000-2019"
95,95,95,48,6.89564989312092,1.14009141917801,4.10130047912389,2.71868583162218,NA,"Kaplan-Meier","HeadNeckSubtypeCancerSalivaryGland","Male","70-79","Age*Gender","Male_70-79","CPRDGold","2000-2019"
77,77,77,50,3.55954006235092,0.753220705478434,1.74948665297741,1.24845995893224,3.31827515400411,"Kaplan-Meier","HeadNeckSubtypeCancerSalivaryGland","Male","80-89","Age*Gender","Male_80-89","CPRDGold","2000-2019"
20,20,20,16,2.26624189716955,0.665050412223455,1.02121834360027,0.763860369609856,NA,"Kaplan-Meier","HeadNeckSubtypeCancerSalivaryGland","Male",">=90","Age*Gender","Male_>=90","CPRDGold","2000-2019"
5,5,5,1,13.1544604152407,4.76895105447177,NA,1.47296372347707,NA,"Kaplan-Meier","HeadNeckSubtypeCancerTongueIncidence","Female","18-29","Age*Gender","Female_18-29","CPRDGold","2000-2019"
21,21,21,1,17.999391588714,0.967760338062519,NA,NA,NA,"Kaplan-Meier","HeadNeckSubtypeCancerTongueIncidence","Female","30-39","Age*Gender","Female_30-39","CPRDGold","2000-2019"
76,76,76,28,10.1181566647324,1.43356707538482,11.6440793976728,7.17864476386037,NA,"Kaplan-Meier","HeadNeckSubtypeCancerTongueIncidence","Female","40-49","Age*Gender","Female_40-49","CPRDGold","2000-2019"
161,161,161,46,11.9895476913673,0.854795617835377,15.8357289527721,9.37440109514031,NA,"Kaplan-Meier","HeadNeckSubtypeCancerTongueIncidence","Female","50-59","Age*Gender","Female_50-59","CPRDGold","2000-2019"
212,212,212,87,9.57601811984917,0.751572973942508,8.75838466803559,5.57700205338809,NA,"Kaplan-Meier","HeadNeckSubtypeCancerTongueIncidence","Female","60-69","Age*Gender","Female_60-69","CPRDGold","2000-2019"
132,132,132,67,6.64276439262622,0.887426511843132,3.54277891854894,1.94387405886379,8.7501711156742,"Kaplan-Meier","HeadNeckSubtypeCancerTongueIncidence","Female","70-79","Age*Gender","Female_70-79","CPRDGold","2000-2019"
115,115,115,77,4.21458931945993,0.564917232842114,1.67008898015058,0.947296372347707,3.38124572210815,"Kaplan-Meier","HeadNeckSubtypeCancerTongueIncidence","Female","80-89","Age*Gender","Female_80-89","CPRDGold","2000-2019"
22,22,22,22,2.20658328666542,0.426831172011208,1.47433264887064,0.777549623545517,4.12320328542094,"Kaplan-Meier","HeadNeckSubtypeCancerTongueIncidence","Female",">=90","Age*Gender","Female_>=90","CPRDGold","2000-2019"
7,7,7,1,16.2619210586356,2.49513888467256,NA,NA,NA,"Kaplan-Meier","HeadNeckSubtypeCancerTongueIncidence","Male","18-29","Age*Gender","Male_18-29","CPRDGold","2000-2019"
23,23,23,8,11.4790564625883,2.04877703773768,NA,1.83436002737851,NA,"Kaplan-Meier","HeadNeckSubtypeCancerTongueIncidence","Male","30-39","Age*Gender","Male_30-39","CPRDGold","2000-2019"
149,149,149,48,11.4773852546212,0.753220450163793,17.8124572210815,13.5523613963039,NA,"Kaplan-Meier","HeadNeckSubtypeCancerTongueIncidence","Male","40-49","Age*Gender","Male_40-49","CPRDGold","2000-2019"
439,439,439,150,11.0841963709546,0.506884407325229,10.9349760438056,8.87885010266941,NA,"Kaplan-Meier","HeadNeckSubtypeCancerTongueIncidence","Male","50-59","Age*Gender","Male_50-59","CPRDGold","2000-2019"
434,434,434,203,7.73284575715611,0.518254588944294,5.02669404517454,3.18412046543463,8.60232717316906,"Kaplan-Meier","HeadNeckSubtypeCancerTongueIncidence","Male","60-69","Age*Gender","Male_60-69","CPRDGold","2000-2019"
265,265,265,152,5.00545796635546,0.672309492835985,2.50513347022587,2.02053388090349,3.60301163586585,"Kaplan-Meier","HeadNeckSubtypeCancerTongueIncidence","Male","70-79","Age*Gender","Male_70-79","CPRDGold","2000-2019"
79,79,79,53,3.15538063114476,0.686975713304756,1.24845995893224,0.843258042436687,1.9356605065024,"Kaplan-Meier","HeadNeckSubtypeCancerTongueIncidence","Male","80-89","Age*Gender","Male_80-89","CPRDGold","2000-2019"
14,14,14,10,0.910999931191581,0.176385300474857,1.09514031485284,0.424366872005476,NA,"Kaplan-Meier","HeadNeckSubtypeCancerTongueIncidence","Male",">=90","Age*Gender","Male_>=90","CPRDGold","2000-2019"
