"result_id","analysis_id","n_persons","person_days","n_events","incidence_start_date","incidence_end_date","person_years","incidence_100000_pys","incidence_100000_pys_95CI_lower","incidence_100000_pys_95CI_upper","cohort_obscured","result_obscured","outcome_cohort_id","outcome_cohort_name","analysis_repeated_events","analysis_interval","analysis_complete_database_intervals","denominator_cohort_id","analysis_outcome_washout","analysis_min_cell_count","denominator_age_group","denominator_sex","denominator_days_prior_history","denominator_start_date","denominator_end_date","denominator_strata_cohort_definition_id","denominator_strata_cohort_name","database_name"
1,"1",4901850,5621100604,NA,2000-01-01,2019-12-31,15389734.7132101,NA,NA,NA,"FALSE","TRUE",1,"HeadNeckSubtypeCancerHypopharynx",FALSE,"overall",TRUE,5,NA,5,"18;29","Female",365,2000-01-01,2019-12-31,NA,NA,"CPRDAurum"
1,"10",1164314,1955118789,34,2000-01-01,2019-12-31,5352823.51540041,0.635178796800975,0.439879781517716,0.887598702974407,"FALSE","FALSE",1,"HeadNeckSubtypeCancerHypopharynx",FALSE,"overall",TRUE,23,NA,5,"80;89","Female",365,2000-01-01,2019-12-31,NA,NA,"CPRDAurum"
1,"100",24340622,64358467390,793,2000-01-01,2019-12-31,176203880.602327,0.45004684192496,0.419264367261516,0.482491554224671,"FALSE","FALSE",4,"HeadNeckSubtypeCancerNasopharynx",FALSE,"overall",TRUE,3,NA,5,"18;150","Both",365,2000-01-01,2019-12-31,NA,NA,"CPRDAurum"
1,"101",2075067,4135250236,52,2000-01-01,2019-12-31,11321698.1136208,0.45929505872834,0.343023518298361,0.602304363325446,"FALSE","FALSE",4,"HeadNeckSubtypeCancerNasopharynx",FALSE,"overall",TRUE,17,NA,5,"60;69","Female",365,2000-01-01,2019-12-31,NA,NA,"CPRDAurum"
1,"102",790104,1282032146,27,2000-01-01,2019-12-31,3510012.72005476,0.769227981589161,0.506926086908517,1.11918632718087,"FALSE","FALSE",4,"HeadNeckSubtypeCancerNasopharynx",FALSE,"overall",TRUE,22,NA,5,"80;89","Male",365,2000-01-01,2019-12-31,NA,NA,"CPRDAurum"
1,"103",1653759,3182072849,49,2000-01-01,2019-12-31,8712040.65434634,0.56243998328399,0.416096195909556,0.74357548550465,"FALSE","FALSE",4,"HeadNeckSubtypeCancerNasopharynx",FALSE,"overall",TRUE,20,NA,5,"70;79","Female",365,2000-01-01,2019-12-31,NA,NA,"CPRDAurum"
1,"104",2797482,5361818324,140,2000-01-01,2019-12-31,14679858.5188227,0.953687665453247,0.802259579560956,1.1253888461455,"FALSE","FALSE",4,"HeadNeckSubtypeCancerNasopharynx",FALSE,"overall",TRUE,13,NA,5,"50;59","Male",365,2000-01-01,2019-12-31,NA,NA,"CPRDAurum"
1,"105",3420931,6193136249,87,2000-01-01,2019-12-31,16955882.954141,0.513096252405733,0.410969064390725,0.632902331732098,"FALSE","FALSE",4,"HeadNeckSubtypeCancerNasopharynx",FALSE,"overall",TRUE,10,NA,5,"40;49","Male",365,2000-01-01,2019-12-31,NA,NA,"CPRDAurum"
1,"106",8292670,11936504196,66,2000-01-01,2019-12-31,32680367.4086242,0.201956113818301,0.156192843796398,0.256937694098102,"FALSE","FALSE",4,"HeadNeckSubtypeCancerNasopharynx",FALSE,"overall",TRUE,9,NA,5,"30;39","Both",365,2000-01-01,2019-12-31,NA,NA,"CPRDAurum"
1,"107",4204721,6096237193,43,2000-01-01,2019-12-31,16690587.797399,0.257630231612938,0.18644827605662,0.347026231271553,"FALSE","FALSE",4,"HeadNeckSubtypeCancerNasopharynx",FALSE,"overall",TRUE,7,NA,5,"30;39","Male",365,2000-01-01,2019-12-31,NA,NA,"CPRDAurum"
1,"108",11844447,32090628108,538,2000-01-01,2019-12-31,87859351.4250513,0.61234233041083,0.561685698501387,0.666340997087416,"FALSE","FALSE",4,"HeadNeckSubtypeCancerNasopharynx",FALSE,"overall",TRUE,1,NA,5,"18;150","Male",365,2000-01-01,2019-12-31,NA,NA,"CPRDAurum"
1,"109",4901832,5621056535,7,2000-01-01,2019-12-31,15389614.0588638,0.0454852212227394,0.0182874179999264,0.0937169399215408,"FALSE","FALSE",5,"HeadNeckSubtypeCancerOralCavityIncidence",FALSE,"overall",TRUE,5,NA,5,"18;29","Female",365,2000-01-01,2019-12-31,NA,NA,"CPRDAurum"
1,"11",1954362,3237059293,102,2000-01-01,2019-12-31,8862585.33333333,1.15090570260988,0.938426058150084,1.39712099745682,"FALSE","FALSE",1,"HeadNeckSubtypeCancerHypopharynx",FALSE,"overall",TRUE,24,NA,5,"80;89","Both",365,2000-01-01,2019-12-31,NA,NA,"CPRDAurum"
1,"110",4173400,8229953743,696,2000-01-01,2019-12-31,22532385.3333333,3.08888734904764,2.86363898281278,3.32714475826884,"FALSE","FALSE",5,"HeadNeckSubtypeCancerOralCavityIncidence",FALSE,"overall",TRUE,18,NA,5,"60;69","Both",365,2000-01-01,2019-12-31,NA,NA,"CPRDAurum"
1,"111",12495942,32265510467,1045,2000-01-01,2019-12-31,88338153.229295,1.18295432018773,1.11230954405472,1.25690965457457,"FALSE","FALSE",5,"HeadNeckSubtypeCancerOralCavityIncidence",FALSE,"overall",TRUE,2,NA,5,"18;150","Female",365,2000-01-01,2019-12-31,NA,NA,"CPRDAurum"
1,"112",2098516,4095217586,449,2000-01-01,2019-12-31,11212094.6913073,4.00460406696447,3.64271112499546,4.39272078081384,"FALSE","FALSE",5,"HeadNeckSubtypeCancerOralCavityIncidence",FALSE,"overall",TRUE,16,NA,5,"60;69","Male",365,2000-01-01,2019-12-31,NA,NA,"CPRDAurum"
1,"113",5439216,10474844289,568,2000-01-01,2019-12-31,28678560.6817248,1.98057359399474,1.82102204779133,2.15035987119029,"FALSE","FALSE",5,"HeadNeckSubtypeCancerOralCavityIncidence",FALSE,"overall",TRUE,15,NA,5,"50;59","Both",365,2000-01-01,2019-12-31,NA,NA,"CPRDAurum"
1,"114",9238453,11666600342,25,2000-01-01,2019-12-31,31941410.9295003,0.0782683020959183,0.0506511183351862,0.115539453717262,"FALSE","FALSE",5,"HeadNeckSubtypeCancerOralCavityIncidence",FALSE,"overall",TRUE,6,NA,5,"18;29","Both",365,2000-01-01,2019-12-31,NA,NA,"CPRDAurum"
1,"115",465171,586755980,41,2000-01-01,2019-12-31,1606450.32169747,2.55221088671308,1.83151059644135,3.46236225387676,"FALSE","FALSE",5,"HeadNeckSubtypeCancerOralCavityIncidence",FALSE,"overall",TRUE,26,NA,5,"90;150","Female",365,2000-01-01,2019-12-31,NA,NA,"CPRDAurum"
1,"116",6516170,12026163311,246,2000-01-01,2019-12-31,32925840.6872005,0.747133542730251,0.65667874297377,0.846566678786623,"FALSE","FALSE",5,"HeadNeckSubtypeCancerOralCavityIncidence",FALSE,"overall",TRUE,12,NA,5,"40;49","Both",365,2000-01-01,2019-12-31,NA,NA,"CPRDAurum"
1,"117",667422,830194819,67,2000-01-01,2019-12-31,2272949.53867214,2.94771172259026,2.2844360968759,3.74348968950294,"FALSE","FALSE",5,"HeadNeckSubtypeCancerOralCavityIncidence",FALSE,"overall",TRUE,27,NA,5,"90;150","Both",365,2000-01-01,2019-12-31,NA,NA,"CPRDAurum"
1,"118",1164119,1954651898,199,2000-01-01,2019-12-31,5351545.23750856,3.71855214088867,3.21982316817716,4.27264894222371,"FALSE","FALSE",5,"HeadNeckSubtypeCancerOralCavityIncidence",FALSE,"overall",TRUE,23,NA,5,"80;89","Female",365,2000-01-01,2019-12-31,NA,NA,"CPRDAurum"
1,"119",1953982,3236172704,359,2000-01-01,2019-12-31,8860157.98494182,4.05184648637343,3.64350181907492,4.49343688977192,"FALSE","FALSE",5,"HeadNeckSubtypeCancerOralCavityIncidence",FALSE,"overall",TRUE,24,NA,5,"80;89","Both",365,2000-01-01,2019-12-31,NA,NA,"CPRDAurum"
1,"12",3095305,5833350485,10,2000-01-01,2019-12-31,15970843.2169747,0.0626141016109372,0.0300258955083576,0.115149562187621,"FALSE","FALSE",1,"HeadNeckSubtypeCancerHypopharynx",FALSE,"overall",TRUE,11,NA,5,"40;49","Female",365,2000-01-01,2019-12-31,NA,NA,"CPRDAurum"
1,"120",3095258,5833153701,89,2000-01-01,2019-12-31,15970304.4517454,0.557284303933688,0.447545056879235,0.685786289952581,"FALSE","FALSE",5,"HeadNeckSubtypeCancerOralCavityIncidence",FALSE,"overall",TRUE,11,NA,5,"40;49","Female",365,2000-01-01,2019-12-31,NA,NA,"CPRDAurum"
1,"121",4087938,5840250860,24,2000-01-01,2019-12-31,15989735.4140999,0.150096292267829,0.096169526614722,0.223331385222695,"FALSE","FALSE",5,"HeadNeckSubtypeCancerOralCavityIncidence",FALSE,"overall",TRUE,8,NA,5,"30;39","Female",365,2000-01-01,2019-12-31,NA,NA,"CPRDAurum"
1,"122",1471387,2771373930,319,2000-01-01,2019-12-31,7587608.29568789,4.20422335429849,3.75547173736279,4.69183727869726,"FALSE","FALSE",5,"HeadNeckSubtypeCancerOralCavityIncidence",FALSE,"overall",TRUE,19,NA,5,"70;79","Male",365,2000-01-01,2019-12-31,NA,NA,"CPRDAurum"
1,"123",202251,243438839,26,2000-01-01,2019-12-31,666499.216974675,3.9009798268057,2.54824953773977,5.71583928576057,"FALSE","FALSE",5,"HeadNeckSubtypeCancerOralCavityIncidence",FALSE,"overall",TRUE,25,NA,5,"90;150","Male",365,2000-01-01,2019-12-31,NA,NA,"CPRDAurum"
1,"124",4336621,6045543807,18,2000-01-01,2019-12-31,16551796.8706366,0.108749522125496,0.0644518589961965,0.171871129701907,"FALSE","FALSE",5,"HeadNeckSubtypeCancerOralCavityIncidence",FALSE,"overall",TRUE,4,NA,5,"18;29","Male",365,2000-01-01,2019-12-31,NA,NA,"CPRDAurum"
1,"125",3124919,5952781077,555,2000-01-01,2019-12-31,16297826.3572895,3.405362088373,3.12790568356303,3.70083099517478,"FALSE","FALSE",5,"HeadNeckSubtypeCancerOralCavityIncidence",FALSE,"overall",TRUE,21,NA,5,"70;79","Both",365,2000-01-01,2019-12-31,NA,NA,"CPRDAurum"
1,"126",2641879,5113498189,202,2000-01-01,2019-12-31,13999995.0417522,1.44285765386041,1.25073315919043,1.65614307040884,"FALSE","FALSE",5,"HeadNeckSubtypeCancerOralCavityIncidence",FALSE,"overall",TRUE,14,NA,5,"50;59","Female",365,2000-01-01,2019-12-31,NA,NA,"CPRDAurum"
1,"127",24340055,64353227880,2584,2000-01-01,2019-12-31,176189535.605749,1.46660242398396,1.41059429756317,1.52426418459592,"FALSE","FALSE",5,"HeadNeckSubtypeCancerOralCavityIncidence",FALSE,"overall",TRUE,3,NA,5,"18;150","Both",365,2000-01-01,2019-12-31,NA,NA,"CPRDAurum"
1,"128",2074884,4134736157,247,2000-01-01,2019-12-31,11320290.642026,2.1819227775215,1.91827722949659,2.47168133518616,"FALSE","FALSE",5,"HeadNeckSubtypeCancerOralCavityIncidence",FALSE,"overall",TRUE,17,NA,5,"60;69","Female",365,2000-01-01,2019-12-31,NA,NA,"CPRDAurum"
1,"129",789863,1281520806,160,2000-01-01,2019-12-31,3508612.74743326,4.56020688282138,3.88097839769608,5.32410846887656,"FALSE","FALSE",5,"HeadNeckSubtypeCancerOralCavityIncidence",FALSE,"overall",TRUE,22,NA,5,"80;89","Male",365,2000-01-01,2019-12-31,NA,NA,"CPRDAurum"
1,"13",4087966,5840314913,NA,2000-01-01,2019-12-31,15989910.7816564,NA,NA,NA,"FALSE","TRUE",1,"HeadNeckSubtypeCancerHypopharynx",FALSE,"overall",TRUE,8,NA,5,"30;39","Female",365,2000-01-01,2019-12-31,NA,NA,"CPRDAurum"
1,"130",1653532,3181407147,236,2000-01-01,2019-12-31,8710218.06160164,2.70946144322596,2.37477992716474,3.0780970650411,"FALSE","FALSE",5,"HeadNeckSubtypeCancerOralCavityIncidence",FALSE,"overall",TRUE,20,NA,5,"70;79","Female",365,2000-01-01,2019-12-31,NA,NA,"CPRDAurum"
1,"131",2797337,5361346100,366,2000-01-01,2019-12-31,14678565.6399726,2.49343164023677,2.24449472500189,2.76243274797917,"FALSE","FALSE",5,"HeadNeckSubtypeCancerOralCavityIncidence",FALSE,"overall",TRUE,13,NA,5,"50;59","Male",365,2000-01-01,2019-12-31,NA,NA,"CPRDAurum"
1,"132",3420912,6193009610,157,2000-01-01,2019-12-31,16955536.2354552,0.92595125167261,0.786776333698313,1.08265182835341,"FALSE","FALSE",5,"HeadNeckSubtypeCancerOralCavityIncidence",FALSE,"overall",TRUE,10,NA,5,"40;49","Male",365,2000-01-01,2019-12-31,NA,NA,"CPRDAurum"
1,"133",8292679,11936517595,68,2000-01-01,2019-12-31,32680404.0930869,0.208075762485398,0.161578971307128,0.263785609597971,"FALSE","FALSE",5,"HeadNeckSubtypeCancerOralCavityIncidence",FALSE,"overall",TRUE,9,NA,5,"30;39","Both",365,2000-01-01,2019-12-31,NA,NA,"CPRDAurum"
1,"134",4204741,6096266735,44,2000-01-01,2019-12-31,16690668.678987,0.263620354859686,0.191546953408728,0.353898021801082,"FALSE","FALSE",5,"HeadNeckSubtypeCancerOralCavityIncidence",FALSE,"overall",TRUE,7,NA,5,"30;39","Male",365,2000-01-01,2019-12-31,NA,NA,"CPRDAurum"
1,"135",11844113,32087717413,1539,2000-01-01,2019-12-31,87851382.3764545,1.7518221778289,1.66538293135075,1.84158430329066,"FALSE","FALSE",5,"HeadNeckSubtypeCancerOralCavityIncidence",FALSE,"overall",TRUE,1,NA,5,"18;150","Male",365,2000-01-01,2019-12-31,NA,NA,"CPRDAurum"
1,"136",4901846,5621091567,NA,2000-01-01,2019-12-31,15389709.9712526,NA,NA,NA,"FALSE","TRUE",6,"HeadNeckSubtypeCancerOropharynx",FALSE,"overall",TRUE,5,NA,5,"18;29","Female",365,2000-01-01,2019-12-31,NA,NA,"CPRDAurum"
1,"137",4173038,8228931242,1347,2000-01-01,2019-12-31,22529585.8781656,5.9788049690937,5.66374445825756,6.30683022324044,"FALSE","FALSE",6,"HeadNeckSubtypeCancerOropharynx",FALSE,"overall",TRUE,18,NA,5,"60;69","Both",365,2000-01-01,2019-12-31,NA,NA,"CPRDAurum"
1,"138",12496034,32266003050,1173,2000-01-01,2019-12-31,88339501.8480493,1.32783180283001,1.25292209443567,1.40605010946043,"FALSE","FALSE",6,"HeadNeckSubtypeCancerOropharynx",FALSE,"overall",TRUE,2,NA,5,"18;150","Female",365,2000-01-01,2019-12-31,NA,NA,"CPRDAurum"
1,"139",2098181,4094341180,993,2000-01-01,2019-12-31,11209695.2224504,8.85840319736129,8.31592945009138,9.42697276962692,"FALSE","FALSE",6,"HeadNeckSubtypeCancerOropharynx",FALSE,"overall",TRUE,16,NA,5,"60;69","Male",365,2000-01-01,2019-12-31,NA,NA,"CPRDAurum"
1,"14",1471692,2772081469,221,2000-01-01,2019-12-31,7589545.43189596,2.91190035006868,2.54061911341197,3.32217683809386,"FALSE","FALSE",1,"HeadNeckSubtypeCancerHypopharynx",FALSE,"overall",TRUE,19,NA,5,"70;79","Male",365,2000-01-01,2019-12-31,NA,NA,"CPRDAurum"
1,"140",5438996,10473740950,1491,2000-01-01,2019-12-31,28675539.9041752,5.19955336493214,4.93894990625828,5.47033829209147,"FALSE","FALSE",6,"HeadNeckSubtypeCancerOropharynx",FALSE,"overall",TRUE,15,NA,5,"50;59","Both",365,2000-01-01,2019-12-31,NA,NA,"CPRDAurum"
1,"141",9238470,11666663883,7,2000-01-01,2019-12-31,31941584.8952772,0.0219150052289202,0.00881096871287683,0.0451532865666753,"FALSE","FALSE",6,"HeadNeckSubtypeCancerOropharynx",FALSE,"overall",TRUE,6,NA,5,"18;29","Both",365,2000-01-01,2019-12-31,NA,NA,"CPRDAurum"
1,"142",465240,586862853,14,2000-01-01,2019-12-31,1606742.92402464,0.871327938693029,0.476363092182083,1.4619402251978,"FALSE","FALSE",6,"HeadNeckSubtypeCancerOropharynx",FALSE,"overall",TRUE,26,NA,5,"90;150","Female",365,2000-01-01,2019-12-31,NA,NA,"CPRDAurum"
1,"143",6516159,12026009886,531,2000-01-01,2019-12-31,32925420.6324435,1.61273566077626,1.47846304730525,1.75592710959835,"FALSE","FALSE",6,"HeadNeckSubtypeCancerOropharynx",FALSE,"overall",TRUE,12,NA,5,"40;49","Both",365,2000-01-01,2019-12-31,NA,NA,"CPRDAurum"
1,"144",667541,830360540,34,2000-01-01,2019-12-31,2273403.25804244,1.49555517173299,1.03571543241506,2.08988844927204,"FALSE","FALSE",6,"HeadNeckSubtypeCancerOropharynx",FALSE,"overall",TRUE,27,NA,5,"90;150","Both",365,2000-01-01,2019-12-31,NA,NA,"CPRDAurum"
1,"145",1164221,1954946908,69,2000-01-01,2019-12-31,5352352.93086927,1.28915265662038,1.00303771537961,1.63150519449888,"FALSE","FALSE",6,"HeadNeckSubtypeCancerOropharynx",FALSE,"overall",TRUE,23,NA,5,"80;89","Female",365,2000-01-01,2019-12-31,NA,NA,"CPRDAurum"
1,"146",1954206,3236755221,198,2000-01-01,2019-12-31,8861752.82956879,2.23432094990664,1.93392754457563,2.56815249978477,"FALSE","FALSE",6,"HeadNeckSubtypeCancerOropharynx",FALSE,"overall",TRUE,24,NA,5,"80;89","Both",365,2000-01-01,2019-12-31,NA,NA,"CPRDAurum"
1,"147",3095273,5833167319,144,2000-01-01,2019-12-31,15970341.7357974,0.901671375492392,0.760418425647433,1.06155219313519,"FALSE","FALSE",6,"HeadNeckSubtypeCancerOropharynx",FALSE,"overall",TRUE,11,NA,5,"40;49","Female",365,2000-01-01,2019-12-31,NA,NA,"CPRDAurum"
1,"148",4087960,5840286602,17,2000-01-01,2019-12-31,15989833.2703628,0.106317556365704,0.061933894507598,0.170224706885196,"FALSE","FALSE",6,"HeadNeckSubtypeCancerOropharynx",FALSE,"overall",TRUE,8,NA,5,"30;39","Female",365,2000-01-01,2019-12-31,NA,NA,"CPRDAurum"
1,"149",1471382,2771469629,473,2000-01-01,2019-12-31,7587870.30527036,6.23363316675912,5.68444760436912,6.8215524194281,"FALSE","FALSE",6,"HeadNeckSubtypeCancerOropharynx",FALSE,"overall",TRUE,19,NA,5,"70;79","Male",365,2000-01-01,2019-12-31,NA,NA,"CPRDAurum"
1,"15",202314,243511215,7,2000-01-01,2019-12-31,666697.371663244,1.04995164185765,0.422135015246682,2.16330166799989,"FALSE","FALSE",1,"HeadNeckSubtypeCancerHypopharynx",FALSE,"overall",TRUE,25,NA,5,"90;150","Male",365,2000-01-01,2019-12-31,NA,NA,"CPRDAurum"
1,"150",202301,243497687,20,2000-01-01,2019-12-31,666660.334017796,3.00002849719061,1.83249534463495,4.63330069700083,"FALSE","FALSE",6,"HeadNeckSubtypeCancerOropharynx",FALSE,"overall",TRUE,25,NA,5,"90;150","Male",365,2000-01-01,2019-12-31,NA,NA,"CPRDAurum"
1,"151",4336624,6045572316,5,2000-01-01,2019-12-31,16551874.9240246,0.0302080581381305,0.00980847425183216,0.0704955307654384,"FALSE","FALSE",6,"HeadNeckSubtypeCancerOropharynx",FALSE,"overall",TRUE,4,NA,5,"18;29","Male",365,2000-01-01,2019-12-31,NA,NA,"CPRDAurum"
1,"152",3124973,5953129612,682,2000-01-01,2019-12-31,16298780.5941136,4.18436211262521,3.87617293527059,4.51053805114815,"FALSE","FALSE",6,"HeadNeckSubtypeCancerOropharynx",FALSE,"overall",TRUE,21,NA,5,"70;79","Both",365,2000-01-01,2019-12-31,NA,NA,"CPRDAurum"
1,"153",2641865,5113397756,364,2000-01-01,2019-12-31,13999720.0711841,2.60005198781958,2.3397771007178,2.88136496679543,"FALSE","FALSE",6,"HeadNeckSubtypeCancerOropharynx",FALSE,"overall",TRUE,14,NA,5,"50;59","Female",365,2000-01-01,2019-12-31,NA,NA,"CPRDAurum"
1,"154",24340138,64352174662,4340,2000-01-01,2019-12-31,176186652.052019,2.46329670803814,2.39054994536951,2.53769464545013,"FALSE","FALSE",6,"HeadNeckSubtypeCancerOropharynx",FALSE,"overall",TRUE,3,NA,5,"18;150","Both",365,2000-01-01,2019-12-31,NA,NA,"CPRDAurum"
1,"155",2074857,4134590062,354,2000-01-01,2019-12-31,11319890.6557153,3.1272386877807,2.80991753570414,3.47058467493702,"FALSE","FALSE",6,"HeadNeckSubtypeCancerOropharynx",FALSE,"overall",TRUE,17,NA,5,"60;69","Female",365,2000-01-01,2019-12-31,NA,NA,"CPRDAurum"
1,"156",789985,1281808313,129,2000-01-01,2019-12-31,3509399.89869952,3.67584213038256,3.06892436971054,4.36765831854703,"FALSE","FALSE",6,"HeadNeckSubtypeCancerOropharynx",FALSE,"overall",TRUE,22,NA,5,"80;89","Male",365,2000-01-01,2019-12-31,NA,NA,"CPRDAurum"
1,"157",1653591,3181659983,209,2000-01-01,2019-12-31,8710910.28884326,2.39929000609365,2.08501561057729,2.74756072007848,"FALSE","FALSE",6,"HeadNeckSubtypeCancerOropharynx",FALSE,"overall",TRUE,20,NA,5,"70;79","Female",365,2000-01-01,2019-12-31,NA,NA,"CPRDAurum"
1,"158",2797131,5360343194,1127,2000-01-01,2019-12-31,14675819.8329911,7.6792984162051,7.23744653860318,8.14106994638314,"FALSE","FALSE",6,"HeadNeckSubtypeCancerOropharynx",FALSE,"overall",TRUE,13,NA,5,"50;59","Male",365,2000-01-01,2019-12-31,NA,NA,"CPRDAurum"
1,"159",3420886,6192842567,387,2000-01-01,2019-12-31,16955078.8966461,2.28250191201736,2.06073168817125,2.52163418113005,"FALSE","FALSE",6,"HeadNeckSubtypeCancerOropharynx",FALSE,"overall",TRUE,10,NA,5,"40;49","Male",365,2000-01-01,2019-12-31,NA,NA,"CPRDAurum"
1,"16",4336629,6045578918,NA,2000-01-01,2019-12-31,16551892.9993155,NA,NA,NA,"FALSE","TRUE",1,"HeadNeckSubtypeCancerHypopharynx",FALSE,"overall",TRUE,4,NA,5,"18;29","Male",365,2000-01-01,2019-12-31,NA,NA,"CPRDAurum"
1,"160",8292713,11936583328,50,2000-01-01,2019-12-31,32680584.0602327,0.152996041649214,0.113556611072384,0.201706207400834,"FALSE","FALSE",6,"HeadNeckSubtypeCancerOropharynx",FALSE,"overall",TRUE,9,NA,5,"30;39","Both",365,2000-01-01,2019-12-31,NA,NA,"CPRDAurum"
1,"161",4204753,6096296726,33,2000-01-01,2019-12-31,16690750.78987,0.197714293475813,0.136097422211328,0.277664377430504,"FALSE","FALSE",6,"HeadNeckSubtypeCancerOropharynx",FALSE,"overall",TRUE,7,NA,5,"30;39","Male",365,2000-01-01,2019-12-31,NA,NA,"CPRDAurum"
1,"162",11844104,32086171612,3167,2000-01-01,2019-12-31,87847150.2039699,3.60512548517127,3.48064910555281,3.73291634431266,"FALSE","FALSE",6,"HeadNeckSubtypeCancerOropharynx",FALSE,"overall",TRUE,1,NA,5,"18;150","Male",365,2000-01-01,2019-12-31,NA,NA,"CPRDAurum"
1,"163",4901827,5621055490,23,2000-01-01,2019-12-31,15389611.1978097,0.14945146894467,0.0947394112147534,0.224250583404893,"FALSE","FALSE",7,"HeadNeckSubtypeCancerSalivaryGland",FALSE,"overall",TRUE,5,NA,5,"18;29","Female",365,2000-01-01,2019-12-31,NA,NA,"CPRDAurum"
1,"164",4173725,8230845568,330,2000-01-01,2019-12-31,22534827.0171116,1.46439996965328,1.31064637263323,1.63123471010121,"FALSE","FALSE",7,"HeadNeckSubtypeCancerSalivaryGland",FALSE,"overall",TRUE,18,NA,5,"60;69","Both",365,2000-01-01,2019-12-31,NA,NA,"CPRDAurum"
1,"165",12495995,32266287496,706,2000-01-01,2019-12-31,88340280.6187543,0.799182428508292,0.741310740957112,0.860371953194001,"FALSE","FALSE",7,"HeadNeckSubtypeCancerSalivaryGland",FALSE,"overall",TRUE,2,NA,5,"18;150","Female",365,2000-01-01,2019-12-31,NA,NA,"CPRDAurum"
1,"166",2098746,4095887637,190,2000-01-01,2019-12-31,11213929.1909651,1.69432138159995,1.46195873169686,1.9531210116753,"FALSE","FALSE",7,"HeadNeckSubtypeCancerSalivaryGland",FALSE,"overall",TRUE,16,NA,5,"60;69","Male",365,2000-01-01,2019-12-31,NA,NA,"CPRDAurum"
1,"167",5439382,10475422908,255,2000-01-01,2019-12-31,28680144.8542094,0.889116848245531,0.783327740842994,1.00520960608395,"FALSE","FALSE",7,"HeadNeckSubtypeCancerSalivaryGland",FALSE,"overall",TRUE,15,NA,5,"50;59","Both",365,2000-01-01,2019-12-31,NA,NA,"CPRDAurum"
1,"168",9238442,11666604907,36,2000-01-01,2019-12-31,31941423.4277892,0.112706310917502,0.0789381145593498,0.156033041551542,"FALSE","FALSE",7,"HeadNeckSubtypeCancerSalivaryGland",FALSE,"overall",TRUE,6,NA,5,"18;29","Both",365,2000-01-01,2019-12-31,NA,NA,"CPRDAurum"
1,"169",465208,586837218,31,2000-01-01,2019-12-31,1606672.73921971,1.92945328835636,1.31096989853523,2.73870492908335,"FALSE","FALSE",7,"HeadNeckSubtypeCancerSalivaryGland",FALSE,"overall",TRUE,26,NA,5,"90;150","Female",365,2000-01-01,2019-12-31,NA,NA,"CPRDAurum"
1,"17",3125450,5954154664,277,2000-01-01,2019-12-31,16301587.0335387,1.69922106007289,1.50498800587056,1.9115668376301,"FALSE","FALSE",1,"HeadNeckSubtypeCancerHypopharynx",FALSE,"overall",TRUE,21,NA,5,"70;79","Both",365,2000-01-01,2019-12-31,NA,NA,"CPRDAurum"
1,"170",6516157,12026243325,163,2000-01-01,2019-12-31,32926059.7535934,0.495048606543972,0.421966802978527,0.577151084820564,"FALSE","FALSE",7,"HeadNeckSubtypeCancerSalivaryGland",FALSE,"overall",TRUE,12,NA,5,"40;49","Both",365,2000-01-01,2019-12-31,NA,NA,"CPRDAurum"
1,"171",667487,830283313,69,2000-01-01,2019-12-31,2273191.8220397,3.03537956326481,2.3617064796878,3.8414671057848,"FALSE","FALSE",7,"HeadNeckSubtypeCancerSalivaryGland",FALSE,"overall",TRUE,27,NA,5,"90;150","Both",365,2000-01-01,2019-12-31,NA,NA,"CPRDAurum"
1,"172",1164183,1954839341,112,2000-01-01,2019-12-31,5352058.42847365,2.09265278951637,1.72308383335155,2.51800508333705,"FALSE","FALSE",7,"HeadNeckSubtypeCancerSalivaryGland",FALSE,"overall",TRUE,23,NA,5,"80;89","Female",365,2000-01-01,2019-12-31,NA,NA,"CPRDAurum"
1,"173",1954168,3236615017,259,2000-01-01,2019-12-31,8861368.97193703,2.92279895826733,2.5776483531275,3.30129243949851,"FALSE","FALSE",7,"HeadNeckSubtypeCancerSalivaryGland",FALSE,"overall",TRUE,24,NA,5,"80;89","Both",365,2000-01-01,2019-12-31,NA,NA,"CPRDAurum"
1,"174",3095218,5833101019,80,2000-01-01,2019-12-31,15970160.2162902,0.500934235577654,0.397209694404218,0.623456018092268,"FALSE","FALSE",7,"HeadNeckSubtypeCancerSalivaryGland",FALSE,"overall",TRUE,11,NA,5,"40;49","Female",365,2000-01-01,2019-12-31,NA,NA,"CPRDAurum"
1,"175",4087928,5840183544,51,2000-01-01,2019-12-31,15989551.1129363,0.318958297451756,0.237485402623772,0.41937125628469,"FALSE","FALSE",7,"HeadNeckSubtypeCancerSalivaryGland",FALSE,"overall",TRUE,8,NA,5,"30;39","Female",365,2000-01-01,2019-12-31,NA,NA,"CPRDAurum"
1,"176",1471676,2772031269,222,2000-01-01,2019-12-31,7589407.99178645,2.92512934131696,2.55297344845798,3.33627927407375,"FALSE","FALSE",7,"HeadNeckSubtypeCancerSalivaryGland",FALSE,"overall",TRUE,19,NA,5,"70;79","Male",365,2000-01-01,2019-12-31,NA,NA,"CPRDAurum"
1,"177",202279,243446095,38,2000-01-01,2019-12-31,666519.082819986,5.70126212129219,4.03455239892342,7.82542769797132,"FALSE","FALSE",7,"HeadNeckSubtypeCancerSalivaryGland",FALSE,"overall",TRUE,25,NA,5,"90;150","Male",365,2000-01-01,2019-12-31,NA,NA,"CPRDAurum"
1,"178",4336615,6045549417,13,2000-01-01,2019-12-31,16551812.2299795,0.0785412486522397,0.0418199070580708,0.134307927188142,"FALSE","FALSE",7,"HeadNeckSubtypeCancerSalivaryGland",FALSE,"overall",TRUE,4,NA,5,"18;29","Male",365,2000-01-01,2019-12-31,NA,NA,"CPRDAurum"
1,"179",3125294,5953684107,381,2000-01-01,2019-12-31,16300298.7186858,2.33738047734819,2.10854300559086,2.58427978468576,"FALSE","FALSE",7,"HeadNeckSubtypeCancerSalivaryGland",FALSE,"overall",TRUE,21,NA,5,"70;79","Both",365,2000-01-01,2019-12-31,NA,NA,"CPRDAurum"
1,"18",2642006,5113916079,69,2000-01-01,2019-12-31,14001139.1622177,0.492817042960317,0.383441075292772,0.623691508835871,"FALSE","FALSE",1,"HeadNeckSubtypeCancerHypopharynx",FALSE,"overall",TRUE,14,NA,5,"50;59","Female",365,2000-01-01,2019-12-31,NA,NA,"CPRDAurum"
1,"180",2641912,5113660115,110,2000-01-01,2019-12-31,14000438.3709788,0.785689684031728,0.645741366783184,0.946968541368291,"FALSE","FALSE",7,"HeadNeckSubtypeCancerSalivaryGland",FALSE,"overall",TRUE,14,NA,5,"50;59","Female",365,2000-01-01,2019-12-31,NA,NA,"CPRDAurum"
1,"181",24340387,64356141143,1573,2000-01-01,2019-12-31,176197511.685147,0.892748135291969,0.849170441440061,0.937982450536732,"FALSE","FALSE",7,"HeadNeckSubtypeCancerSalivaryGland",FALSE,"overall",TRUE,3,NA,5,"18;150","Both",365,2000-01-01,2019-12-31,NA,NA,"CPRDAurum"
1,"182",2074979,4134957931,140,2000-01-01,2019-12-31,11320897.8261465,1.23665103377808,1.04029356188738,1.4592967177852,"FALSE","FALSE",7,"HeadNeckSubtypeCancerSalivaryGland",FALSE,"overall",TRUE,17,NA,5,"60;69","Female",365,2000-01-01,2019-12-31,NA,NA,"CPRDAurum"
1,"183",789985,1281775676,147,2000-01-01,2019-12-31,3509310.54346338,4.18885698998083,3.53908696274239,4.92337638783694,"FALSE","FALSE",7,"HeadNeckSubtypeCancerSalivaryGland",FALSE,"overall",TRUE,22,NA,5,"80;89","Male",365,2000-01-01,2019-12-31,NA,NA,"CPRDAurum"
1,"184",1653618,3181652838,159,2000-01-01,2019-12-31,8710890.72689938,1.82530128071754,1.55260974649833,2.13210055968822,"FALSE","FALSE",7,"HeadNeckSubtypeCancerSalivaryGland",FALSE,"overall",TRUE,20,NA,5,"70;79","Female",365,2000-01-01,2019-12-31,NA,NA,"CPRDAurum"
1,"185",2797470,5361762793,145,2000-01-01,2019-12-31,14679706.4832307,0.987758169181656,0.833530639362378,1.16224945235167,"FALSE","FALSE",7,"HeadNeckSubtypeCancerSalivaryGland",FALSE,"overall",TRUE,13,NA,5,"50;59","Male",365,2000-01-01,2019-12-31,NA,NA,"CPRDAurum"
1,"186",3420939,6193142306,83,2000-01-01,2019-12-31,16955899.5373032,0.489505141366277,0.38988811270297,0.606815271409838,"FALSE","FALSE",7,"HeadNeckSubtypeCancerSalivaryGland",FALSE,"overall",TRUE,10,NA,5,"40;49","Male",365,2000-01-01,2019-12-31,NA,NA,"CPRDAurum"
1,"187",8292659,11936441998,80,2000-01-01,2019-12-31,32680197.119781,0.244796565047574,0.194108451544785,0.304670515304731,"FALSE","FALSE",7,"HeadNeckSubtypeCancerSalivaryGland",FALSE,"overall",TRUE,9,NA,5,"30;39","Both",365,2000-01-01,2019-12-31,NA,NA,"CPRDAurum"
1,"188",4204731,6096258454,29,2000-01-01,2019-12-31,16690646.0068446,0.17375001535655,0.116363112186211,0.249534004984031,"FALSE","FALSE",7,"HeadNeckSubtypeCancerSalivaryGland",FALSE,"overall",TRUE,7,NA,5,"30;39","Male",365,2000-01-01,2019-12-31,NA,NA,"CPRDAurum"
1,"189",11844392,32089853647,867,2000-01-01,2019-12-31,87857231.0663929,0.98682827750947,0.922225787075558,1.05476279250527,"FALSE","FALSE",7,"HeadNeckSubtypeCancerSalivaryGland",FALSE,"overall",TRUE,1,NA,5,"18;150","Male",365,2000-01-01,2019-12-31,NA,NA,"CPRDAurum"
1,"19",24340707,64358551893,1081,2000-01-01,2019-12-31,176204111.958932,0.613493060963269,0.577461845626812,0.651183704960877,"FALSE","FALSE",1,"HeadNeckSubtypeCancerHypopharynx",FALSE,"overall",TRUE,3,NA,5,"18;150","Both",365,2000-01-01,2019-12-31,NA,NA,"CPRDAurum"
1,"190",4901844,5621091448,8,2000-01-01,2019-12-31,15389709.6454483,0.0519827870980405,0.0224424778395349,0.102426813652429,"FALSE","FALSE",8,"HeadNeckSubtypeCancerTongueIncidence",FALSE,"overall",TRUE,5,NA,5,"18;29","Female",365,2000-01-01,2019-12-31,NA,NA,"CPRDAurum"
1,"191",4173032,8228898761,1323,2000-01-01,2019-12-31,22529496.9500342,5.87230155619604,5.56009719166458,6.19747177684029,"FALSE","FALSE",8,"HeadNeckSubtypeCancerTongueIncidence",FALSE,"overall",TRUE,18,NA,5,"60;69","Both",365,2000-01-01,2019-12-31,NA,NA,"CPRDAurum"
1,"192",12495919,32265234518,1475,2000-01-01,2019-12-31,88337397.7221081,1.66973449301739,1.58559995499782,1.75717423062056,"FALSE","FALSE",8,"HeadNeckSubtypeCancerTongueIncidence",FALSE,"overall",TRUE,2,NA,5,"18;150","Female",365,2000-01-01,2019-12-31,NA,NA,"CPRDAurum"
1,"193",2098203,4094413587,914,2000-01-01,2019-12-31,11209893.4620123,8.15351192317153,7.63342032080553,8.69971051815082,"FALSE","FALSE",8,"HeadNeckSubtypeCancerTongueIncidence",FALSE,"overall",TRUE,16,NA,5,"60;69","Male",365,2000-01-01,2019-12-31,NA,NA,"CPRDAurum"
1,"194",5439068,10474088334,1199,2000-01-01,2019-12-31,28676490.9897331,4.18112523052166,3.94778152381908,4.42466017683284,"FALSE","FALSE",8,"HeadNeckSubtypeCancerTongueIncidence",FALSE,"overall",TRUE,15,NA,5,"50;59","Both",365,2000-01-01,2019-12-31,NA,NA,"CPRDAurum"
1,"195",9238465,11666653049,19,2000-01-01,2019-12-31,31941555.2334018,0.0594836408595766,0.0358130375330145,0.0928910735710149,"FALSE","FALSE",8,"HeadNeckSubtypeCancerTongueIncidence",FALSE,"overall",TRUE,6,NA,5,"18;29","Both",365,2000-01-01,2019-12-31,NA,NA,"CPRDAurum"
1,"196",465189,586801414,50,2000-01-01,2019-12-31,1606574.71321013,3.11221131447376,2.30994322469508,4.10306262897809,"FALSE","FALSE",8,"HeadNeckSubtypeCancerTongueIncidence",FALSE,"overall",TRUE,26,NA,5,"90;150","Female",365,2000-01-01,2019-12-31,NA,NA,"CPRDAurum"
1,"197",6516147,12026025050,448,2000-01-01,2019-12-31,32925462.1492129,1.36064908662401,1.23755439334082,1.49267390509851,"FALSE","FALSE",8,"HeadNeckSubtypeCancerTongueIncidence",FALSE,"overall",TRUE,12,NA,5,"40;49","Both",365,2000-01-01,2019-12-31,NA,NA,"CPRDAurum"
1,"198",667476,830294391,73,2000-01-01,2019-12-31,2273222.15195072,3.21130074935072,2.51714716370315,4.03772856534135,"FALSE","FALSE",8,"HeadNeckSubtypeCancerTongueIncidence",FALSE,"overall",TRUE,27,NA,5,"90;150","Both",365,2000-01-01,2019-12-31,NA,NA,"CPRDAurum"
1,"199",1164127,1954690548,189,2000-01-01,2019-12-31,5351651.05544148,3.53162039232412,3.04605504724056,4.07258560879993,"FALSE","FALSE",8,"HeadNeckSubtypeCancerTongueIncidence",FALSE,"overall",TRUE,23,NA,5,"80;89","Female",365,2000-01-01,2019-12-31,NA,NA,"CPRDAurum"
1,"2",4173852,8231196977,373,2000-01-01,2019-12-31,22535789.1225188,1.65514505825439,1.49141738718393,1.83193932455544,"FALSE","FALSE",1,"HeadNeckSubtypeCancerHypopharynx",FALSE,"overall",TRUE,18,NA,5,"60;69","Both",365,2000-01-01,2019-12-31,NA,NA,"CPRDAurum"
1,"20",2075080,4135261480,67,2000-01-01,2019-12-31,11321728.8980151,0.591782408884093,0.45862323849058,0.751542740461786,"FALSE","FALSE",1,"HeadNeckSubtypeCancerHypopharynx",FALSE,"overall",TRUE,17,NA,5,"60;69","Female",365,2000-01-01,2019-12-31,NA,NA,"CPRDAurum"
1,"200",1954052,3236349172,398,2000-01-01,2019-12-31,8860641.12799452,4.49177428868605,4.06126862744681,4.95549499367351,"FALSE","FALSE",8,"HeadNeckSubtypeCancerTongueIncidence",FALSE,"overall",TRUE,24,NA,5,"80;89","Both",365,2000-01-01,2019-12-31,NA,NA,"CPRDAurum"
1,"201",3095254,5833109702,167,2000-01-01,2019-12-31,15970183.9890486,1.04569866016897,0.893112556269715,1.21687722752903,"FALSE","FALSE",8,"HeadNeckSubtypeCancerTongueIncidence",FALSE,"overall",TRUE,11,NA,5,"40;49","Female",365,2000-01-01,2019-12-31,NA,NA,"CPRDAurum"
1,"202",4087941,5840247365,44,2000-01-01,2019-12-31,15989725.8453114,0.275176700499226,0.199943811841645,0.36941187642456,"FALSE","FALSE",8,"HeadNeckSubtypeCancerTongueIncidence",FALSE,"overall",TRUE,8,NA,5,"30;39","Female",365,2000-01-01,2019-12-31,NA,NA,"CPRDAurum"
1,"203",1471305,2771286306,558,2000-01-01,2019-12-31,7587368.39425051,7.35432854984129,6.75670358616057,7.99064328826691,"FALSE","FALSE",8,"HeadNeckSubtypeCancerTongueIncidence",FALSE,"overall",TRUE,19,NA,5,"70;79","Male",365,2000-01-01,2019-12-31,NA,NA,"CPRDAurum"
1,"204",202287,243492977,23,2000-01-01,2019-12-31,666647.438740589,3.45009950738743,2.18706713470449,5.17684324416378,"FALSE","FALSE",8,"HeadNeckSubtypeCancerTongueIncidence",FALSE,"overall",TRUE,25,NA,5,"90;150","Male",365,2000-01-01,2019-12-31,NA,NA,"CPRDAurum"
1,"205",4336621,6045561601,11,2000-01-01,2019-12-31,16551845.5879535,0.0664578456918778,0.0331755171231983,0.118911443492602,"FALSE","FALSE",8,"HeadNeckSubtypeCancerTongueIncidence",FALSE,"overall",TRUE,4,NA,5,"18;29","Male",365,2000-01-01,2019-12-31,NA,NA,"CPRDAurum"
1,"206",3124786,5952704089,853,2000-01-01,2019-12-31,16297615.5756331,5.23389446782225,4.88850609348022,5.59724678164063,"FALSE","FALSE",8,"HeadNeckSubtypeCancerTongueIncidence",FALSE,"overall",TRUE,21,NA,5,"70;79","Both",365,2000-01-01,2019-12-31,NA,NA,"CPRDAurum"
1,"207",2641848,5113391084,313,2000-01-01,2019-12-31,13999701.8042437,2.2357619067652,1.99490924913726,2.49768097082255,"FALSE","FALSE",8,"HeadNeckSubtypeCancerTongueIncidence",FALSE,"overall",TRUE,14,NA,5,"50;59","Female",365,2000-01-01,2019-12-31,NA,NA,"CPRDAurum"
1,"208",24339984,64351505737,4418,2000-01-01,2019-12-31,176184820.635181,2.50759400501827,2.43419083981996,2.5826482875824,"FALSE","FALSE",8,"HeadNeckSubtypeCancerTongueIncidence",FALSE,"overall",TRUE,3,NA,5,"18;150","Both",365,2000-01-01,2019-12-31,NA,NA,"CPRDAurum"
1,"209",2074829,4134485174,409,2000-01-01,2019-12-31,11319603.4880219,3.61320076655329,3.27147207014796,3.98092340136753,"FALSE","FALSE",8,"HeadNeckSubtypeCancerTongueIncidence",FALSE,"overall",TRUE,17,NA,5,"60;69","Female",365,2000-01-01,2019-12-31,NA,NA,"CPRDAurum"
1,"21",790048,1281940504,68,2000-01-01,2019-12-31,3509761.81793292,1.93745340930424,1.50450838238709,2.45618385599741,"FALSE","FALSE",1,"HeadNeckSubtypeCancerHypopharynx",FALSE,"overall",TRUE,22,NA,5,"80;89","Male",365,2000-01-01,2019-12-31,NA,NA,"CPRDAurum"
1,"210",789925,1281658624,209,2000-01-01,2019-12-31,3508990.07255305,5.95612970338036,5.17595762856122,6.82069611224055,"FALSE","FALSE",8,"HeadNeckSubtypeCancerTongueIncidence",FALSE,"overall",TRUE,22,NA,5,"80;89","Male",365,2000-01-01,2019-12-31,NA,NA,"CPRDAurum"
1,"211",1653481,3181417783,295,2000-01-01,2019-12-31,8710247.18138262,3.38681548131649,3.01132028315093,3.79618882009244,"FALSE","FALSE",8,"HeadNeckSubtypeCancerTongueIncidence",FALSE,"overall",TRUE,20,NA,5,"70;79","Female",365,2000-01-01,2019-12-31,NA,NA,"CPRDAurum"
1,"212",2797220,5360697250,886,2000-01-01,2019-12-31,14676789.1854894,6.03674270170732,5.64573790144538,6.44769102813207,"FALSE","FALSE",8,"HeadNeckSubtypeCancerTongueIncidence",FALSE,"overall",TRUE,13,NA,5,"50;59","Male",365,2000-01-01,2019-12-31,NA,NA,"CPRDAurum"
1,"213",3420893,6192915348,281,2000-01-01,2019-12-31,16955278.1601643,1.65730103243129,1.46917187484329,1.86284216328728,"FALSE","FALSE",8,"HeadNeckSubtypeCancerTongueIncidence",FALSE,"overall",TRUE,10,NA,5,"40;49","Male",365,2000-01-01,2019-12-31,NA,NA,"CPRDAurum"
1,"214",8292669,11936492891,105,2000-01-01,2019-12-31,32680336.4572211,0.321294121734169,0.26278675996098,0.388946123719451,"FALSE","FALSE",8,"HeadNeckSubtypeCancerTongueIncidence",FALSE,"overall",TRUE,9,NA,5,"30;39","Both",365,2000-01-01,2019-12-31,NA,NA,"CPRDAurum"
1,"215",4204728,6096245526,61,2000-01-01,2019-12-31,16690610.6119097,0.365474945275359,0.279559374105151,0.469467856729724,"FALSE","FALSE",8,"HeadNeckSubtypeCancerTongueIncidence",FALSE,"overall",TRUE,7,NA,5,"30;39","Male",365,2000-01-01,2019-12-31,NA,NA,"CPRDAurum"
1,"216",11844065,32086271219,2943,2000-01-01,2019-12-31,87847422.9130732,3.3501267338396,3.23017259719022,3.47339607643032,"FALSE","FALSE",8,"HeadNeckSubtypeCancerTongueIncidence",FALSE,"overall",TRUE,1,NA,5,"18;150","Male",365,2000-01-01,2019-12-31,NA,NA,"CPRDAurum"
1,"22",1653758,3182073195,56,2000-01-01,2019-12-31,8712041.60164271,0.642788482431499,0.485555511748864,0.834714310752063,"FALSE","FALSE",1,"HeadNeckSubtypeCancerHypopharynx",FALSE,"overall",TRUE,20,NA,5,"70;79","Female",365,2000-01-01,2019-12-31,NA,NA,"CPRDAurum"
1,"23",2797520,5361880209,180,2000-01-01,2019-12-31,14680027.9507187,1.22615570354679,1.05356679933967,1.41895252244114,"FALSE","FALSE",1,"HeadNeckSubtypeCancerHypopharynx",FALSE,"overall",TRUE,13,NA,5,"50;59","Male",365,2000-01-01,2019-12-31,NA,NA,"CPRDAurum"
1,"24",3420982,6193254433,45,2000-01-01,2019-12-31,16956206.5242984,0.265389548868224,0.193576958037155,0.355112096627699,"FALSE","FALSE",1,"HeadNeckSubtypeCancerHypopharynx",FALSE,"overall",TRUE,10,NA,5,"40;49","Male",365,2000-01-01,2019-12-31,NA,NA,"CPRDAurum"
1,"25",8292730,11936640479,10,2000-01-01,2019-12-31,32680740.5311431,0.0305990618250236,0.0146734395187975,0.0562727641513898,"FALSE","FALSE",1,"HeadNeckSubtypeCancerHypopharynx",FALSE,"overall",TRUE,9,NA,5,"30;39","Both",365,2000-01-01,2019-12-31,NA,NA,"CPRDAurum"
1,"26",4204764,6096325566,7,2000-01-01,2019-12-31,16690829.7494867,0.0419391971823048,0.0168617324228978,0.0864107751272579,"FALSE","FALSE",1,"HeadNeckSubtypeCancerHypopharynx",FALSE,"overall",TRUE,7,NA,5,"30;39","Male",365,2000-01-01,2019-12-31,NA,NA,"CPRDAurum"
1,"27",11844499,32090507811,836,2000-01-01,2019-12-31,87859022.0698152,0.951524362900024,0.888108310116955,1.01827306124325,"FALSE","FALSE",1,"HeadNeckSubtypeCancerHypopharynx",FALSE,"overall",TRUE,1,NA,5,"18;150","Male",365,2000-01-01,2019-12-31,NA,NA,"CPRDAurum"
1,"28",4901843,5621092205,7,2000-01-01,2019-12-31,15389711.7180014,0.0454849325852679,0.0182873019526929,0.0937163452180339,"FALSE","FALSE",2,"HeadNeckSubtypeCancerLarynx",FALSE,"overall",TRUE,5,NA,5,"18;29","Female",365,2000-01-01,2019-12-31,NA,NA,"CPRDAurum"
1,"29",4172691,8227520998,1762,2000-01-01,2019-12-31,22525724.8405202,7.8221678213455,7.46115569671073,8.19613212666495,"FALSE","FALSE",2,"HeadNeckSubtypeCancerLarynx",FALSE,"overall",TRUE,18,NA,5,"60;69","Both",365,2000-01-01,2019-12-31,NA,NA,"CPRDAurum"
1,"3",12496208,32268044082,245,2000-01-01,2019-12-31,88345089.889117,0.27732158098147,0.243680280555871,0.314309210652511,"FALSE","FALSE",1,"HeadNeckSubtypeCancerHypopharynx",FALSE,"overall",TRUE,2,NA,5,"18;150","Female",365,2000-01-01,2019-12-31,NA,NA,"CPRDAurum"
1,"30",12495911,32265681778,1071,2000-01-01,2019-12-31,88338622.2532512,1.2123802394491,1.14084900650487,1.28722159773827,"FALSE","FALSE",2,"HeadNeckSubtypeCancerLarynx",FALSE,"overall",TRUE,2,NA,5,"18;150","Female",365,2000-01-01,2019-12-31,NA,NA,"CPRDAurum"
1,"31",2097814,4092872063,1459,2000-01-01,2019-12-31,11205672.9993155,13.0201907559601,12.3605886117501,13.7058499319452,"FALSE","FALSE",2,"HeadNeckSubtypeCancerLarynx",FALSE,"overall",TRUE,16,NA,5,"60;69","Male",365,2000-01-01,2019-12-31,NA,NA,"CPRDAurum"
1,"32",5439055,10474277747,1011,2000-01-01,2019-12-31,28677009.5742642,3.5254721988422,3.31147859784728,3.7496655625756,"FALSE","FALSE",2,"HeadNeckSubtypeCancerLarynx",FALSE,"overall",TRUE,15,NA,5,"50;59","Both",365,2000-01-01,2019-12-31,NA,NA,"CPRDAurum"
1,"33",9238467,11666661390,11,2000-01-01,2019-12-31,31941578.0698152,0.034437872718615,0.0171912619822187,0.0616188670149065,"FALSE","FALSE",2,"HeadNeckSubtypeCancerLarynx",FALSE,"overall",TRUE,6,NA,5,"18;29","Both",365,2000-01-01,2019-12-31,NA,NA,"CPRDAurum"
1,"34",465209,586821531,27,2000-01-01,2019-12-31,1606629.79055441,1.68053649687915,1.1074841408004,2.44509237137985,"FALSE","FALSE",2,"HeadNeckSubtypeCancerLarynx",FALSE,"overall",TRUE,26,NA,5,"90;150","Female",365,2000-01-01,2019-12-31,NA,NA,"CPRDAurum"
1,"35",6516156,12026198792,286,2000-01-01,2019-12-31,32925937.8288843,0.868616108936178,0.770854511248613,0.975342506922277,"FALSE","FALSE",2,"HeadNeckSubtypeCancerLarynx",FALSE,"overall",TRUE,12,NA,5,"40;49","Both",365,2000-01-01,2019-12-31,NA,NA,"CPRDAurum"
1,"36",667265,830036391,88,2000-01-01,2019-12-31,2272515.78644764,3.87236033847581,3.10574622592278,4.77085624174837,"FALSE","FALSE",2,"HeadNeckSubtypeCancerLarynx",FALSE,"overall",TRUE,27,NA,5,"90;150","Both",365,2000-01-01,2019-12-31,NA,NA,"CPRDAurum"
1,"37",1164110,1954682281,132,2000-01-01,2019-12-31,5351628.42162902,2.46653895974003,2.06373275042597,2.92500050600314,"FALSE","FALSE",2,"HeadNeckSubtypeCancerLarynx",FALSE,"overall",TRUE,23,NA,5,"80;89","Female",365,2000-01-01,2019-12-31,NA,NA,"CPRDAurum"
1,"38",1953136,3234543585,693,2000-01-01,2019-12-31,8855697.70020534,7.82547037467111,7.25360964516485,8.43043213366196,"FALSE","FALSE",2,"HeadNeckSubtypeCancerLarynx",FALSE,"overall",TRUE,24,NA,5,"80;89","Both",365,2000-01-01,2019-12-31,NA,NA,"CPRDAurum"
1,"39",3095254,5833204058,65,2000-01-01,2019-12-31,15970442.3216975,0.407001876909138,0.314115456032668,0.518757302691074,"FALSE","FALSE",2,"HeadNeckSubtypeCancerLarynx",FALSE,"overall",TRUE,11,NA,5,"40;49","Female",365,2000-01-01,2019-12-31,NA,NA,"CPRDAurum"
1,"4",2098772,4095935497,306,2000-01-01,2019-12-31,11214060.2245038,2.72871728770781,2.43151348848247,3.0522260386684,"FALSE","FALSE",1,"HeadNeckSubtypeCancerHypopharynx",FALSE,"overall",TRUE,16,NA,5,"60;69","Male",365,2000-01-01,2019-12-31,NA,NA,"CPRDAurum"
1,"40",4087954,5840257522,36,2000-01-01,2019-12-31,15989753.6536619,0.225144181578779,0.157688216863434,0.311694448637252,"FALSE","FALSE",2,"HeadNeckSubtypeCancerLarynx",FALSE,"overall",TRUE,8,NA,5,"30;39","Female",365,2000-01-01,2019-12-31,NA,NA,"CPRDAurum"
1,"41",1470247,2768378471,1236,2000-01-01,2019-12-31,7579407.17590691,16.3073439823756,15.410782344051,17.2424583278767,"FALSE","FALSE",2,"HeadNeckSubtypeCancerLarynx",FALSE,"overall",TRUE,19,NA,5,"70;79","Male",365,2000-01-01,2019-12-31,NA,NA,"CPRDAurum"
1,"42",202056,243214860,61,2000-01-01,2019-12-31,665885.995893224,9.16072726806249,7.00723049422181,11.7673374118234,"FALSE","FALSE",2,"HeadNeckSubtypeCancerLarynx",FALSE,"overall",TRUE,25,NA,5,"90;150","Male",365,2000-01-01,2019-12-31,NA,NA,"CPRDAurum"
1,"43",4336624,6045569185,NA,2000-01-01,2019-12-31,16551866.3518138,NA,NA,NA,"FALSE","TRUE",2,"HeadNeckSubtypeCancerLarynx",FALSE,"overall",TRUE,4,NA,5,"18;29","Male",365,2000-01-01,2019-12-31,NA,NA,"CPRDAurum"
1,"44",3123718,5949737179,1543,2000-01-01,2019-12-31,16289492.6187543,9.4723637875837,9.00557248281948,9.95707561958446,"FALSE","FALSE",2,"HeadNeckSubtypeCancerLarynx",FALSE,"overall",TRUE,21,NA,5,"70;79","Both",365,2000-01-01,2019-12-31,NA,NA,"CPRDAurum"
1,"45",2641907,5113616538,194,2000-01-01,2019-12-31,14000319.063655,1.38568270564366,1.19754410225887,1.5949915701479,"FALSE","FALSE",2,"HeadNeckSubtypeCancerLarynx",FALSE,"overall",TRUE,14,NA,5,"50;59","Female",365,2000-01-01,2019-12-31,NA,NA,"CPRDAurum"
1,"46",24339067,64345525401,5453,2000-01-01,2019-12-31,176168447.367556,3.09533295064065,3.0137162034683,3.17860013604517,"FALSE","FALSE",2,"HeadNeckSubtypeCancerLarynx",FALSE,"overall",TRUE,3,NA,5,"18;150","Both",365,2000-01-01,2019-12-31,NA,NA,"CPRDAurum"
1,"47",2074877,4134648935,303,2000-01-01,2019-12-31,11320051.8412047,2.67666618713784,2.38373389515892,2.99565953412575,"FALSE","FALSE",2,"HeadNeckSubtypeCancerLarynx",FALSE,"overall",TRUE,17,NA,5,"60;69","Female",365,2000-01-01,2019-12-31,NA,NA,"CPRDAurum"
1,"48",789026,1279861304,561,2000-01-01,2019-12-31,3504069.27857632,16.0099574352003,14.712371291335,17.3913154977974,"FALSE","FALSE",2,"HeadNeckSubtypeCancerLarynx",FALSE,"overall",TRUE,22,NA,5,"80;89","Male",365,2000-01-01,2019-12-31,NA,NA,"CPRDAurum"
1,"49",1653471,3181358708,307,2000-01-01,2019-12-31,8710085.44284737,3.52464969505099,3.14136293321646,3.94180252429956,"FALSE","FALSE",2,"HeadNeckSubtypeCancerLarynx",FALSE,"overall",TRUE,20,NA,5,"70;79","Female",365,2000-01-01,2019-12-31,NA,NA,"CPRDAurum"
1,"5",5439526,10475796288,249,2000-01-01,2019-12-31,28681167.1129363,0.868165507419993,0.763672053660821,0.982964757194218,"FALSE","FALSE",1,"HeadNeckSubtypeCancerHypopharynx",FALSE,"overall",TRUE,15,NA,5,"50;59","Both",365,2000-01-01,2019-12-31,NA,NA,"CPRDAurum"
1,"50",2797148,5360661209,817,2000-01-01,2019-12-31,14676690.5106092,5.56665005240401,5.19143616136042,5.96181679059582,"FALSE","FALSE",2,"HeadNeckSubtypeCancerLarynx",FALSE,"overall",TRUE,13,NA,5,"50;59","Male",365,2000-01-01,2019-12-31,NA,NA,"CPRDAurum"
1,"51",3420902,6192994734,221,2000-01-01,2019-12-31,16955495.5071869,1.30341221762776,1.13722091921232,1.48705840149694,"FALSE","FALSE",2,"HeadNeckSubtypeCancerLarynx",FALSE,"overall",TRUE,10,NA,5,"40;49","Male",365,2000-01-01,2019-12-31,NA,NA,"CPRDAurum"
1,"52",8292697,11936549319,59,2000-01-01,2019-12-31,32680490.9486653,0.180535843518011,0.137432248797131,0.23287808461055,"FALSE","FALSE",2,"HeadNeckSubtypeCancerLarynx",FALSE,"overall",TRUE,9,NA,5,"30;39","Both",365,2000-01-01,2019-12-31,NA,NA,"CPRDAurum"
1,"53",4204743,6096291797,23,2000-01-01,2019-12-31,16690737.2950034,0.137800982625767,0.0873540022789131,0.206769133591027,"FALSE","FALSE",2,"HeadNeckSubtypeCancerLarynx",FALSE,"overall",TRUE,7,NA,5,"30;39","Male",365,2000-01-01,2019-12-31,NA,NA,"CPRDAurum"
1,"54",11843156,32079843623,4382,2000-01-01,2019-12-31,87829825.1143053,4.98919358463607,4.84255391303374,5.13914543219294,"FALSE","FALSE",2,"HeadNeckSubtypeCancerLarynx",FALSE,"overall",TRUE,1,NA,5,"18;150","Male",365,2000-01-01,2019-12-31,NA,NA,"CPRDAurum"
1,"55",4901849,5621099874,NA,2000-01-01,2019-12-31,15389732.7145791,NA,NA,NA,"FALSE","TRUE",3,"HeadNeckSubtypeCancerNasalCavitySinus",FALSE,"overall",TRUE,5,NA,5,"18;29","Female",365,2000-01-01,2019-12-31,NA,NA,"CPRDAurum"
1,"56",4173922,8231497138,129,2000-01-01,2019-12-31,22536610.9185489,0.572401948395113,0.477892745768364,0.680131529805457,"FALSE","FALSE",3,"HeadNeckSubtypeCancerNasalCavitySinus",FALSE,"overall",TRUE,18,NA,5,"60;69","Both",365,2000-01-01,2019-12-31,NA,NA,"CPRDAurum"
1,"57",12496199,32268031354,194,2000-01-01,2019-12-31,88345055.0417522,0.219593501762283,0.189778584851171,0.252763336616376,"FALSE","FALSE",3,"HeadNeckSubtypeCancerNasalCavitySinus",FALSE,"overall",TRUE,2,NA,5,"18;150","Female",365,2000-01-01,2019-12-31,NA,NA,"CPRDAurum"
1,"58",2098837,4096196900,77,2000-01-01,2019-12-31,11214775.9069131,0.686594191797762,0.541849399032468,0.858124935343559,"FALSE","FALSE",3,"HeadNeckSubtypeCancerNasalCavitySinus",FALSE,"overall",TRUE,16,NA,5,"60;69","Male",365,2000-01-01,2019-12-31,NA,NA,"CPRDAurum"
1,"59",5439539,10475921664,80,2000-01-01,2019-12-31,28681510.3737166,0.278925338859808,0.221170446620278,0.347146728572148,"FALSE","FALSE",3,"HeadNeckSubtypeCancerNasalCavitySinus",FALSE,"overall",TRUE,15,NA,5,"50;59","Both",365,2000-01-01,2019-12-31,NA,NA,"CPRDAurum"
1,"6",9238479,11666679522,NA,2000-01-01,2019-12-31,31941627.7125257,NA,NA,NA,"FALSE","TRUE",1,"HeadNeckSubtypeCancerHypopharynx",FALSE,"overall",TRUE,6,NA,5,"18;29","Both",365,2000-01-01,2019-12-31,NA,NA,"CPRDAurum"
1,"60",9238477,11666680264,NA,2000-01-01,2019-12-31,31941629.744011,NA,NA,NA,"FALSE","TRUE",3,"HeadNeckSubtypeCancerNasalCavitySinus",FALSE,"overall",TRUE,6,NA,5,"18;29","Both",365,2000-01-01,2019-12-31,NA,NA,"CPRDAurum"
1,"61",465253,586898948,NA,2000-01-01,2019-12-31,1606841.7467488,NA,NA,NA,"FALSE","TRUE",3,"HeadNeckSubtypeCancerNasalCavitySinus",FALSE,"overall",TRUE,26,NA,5,"90;150","Female",365,2000-01-01,2019-12-31,NA,NA,"CPRDAurum"
1,"62",6516288,12026600330,51,2000-01-01,2019-12-31,32927037.1800137,0.154887910871484,0.115324223162538,0.203648998268528,"FALSE","FALSE",3,"HeadNeckSubtypeCancerNasalCavitySinus",FALSE,"overall",TRUE,12,NA,5,"40;49","Both",365,2000-01-01,2019-12-31,NA,NA,"CPRDAurum"
1,"63",667576,830419941,17,2000-01-01,2019-12-31,2273565.88911704,0.74772409637981,0.435576840636593,1.19717871147676,"FALSE","FALSE",3,"HeadNeckSubtypeCancerNasalCavitySinus",FALSE,"overall",TRUE,27,NA,5,"90;150","Both",365,2000-01-01,2019-12-31,NA,NA,"CPRDAurum"
1,"64",1164305,1955099641,37,2000-01-01,2019-12-31,5352771.09103354,0.691230754514777,0.486690241821566,0.952770542109686,"FALSE","FALSE",3,"HeadNeckSubtypeCancerNasalCavitySinus",FALSE,"overall",TRUE,23,NA,5,"80;89","Female",365,2000-01-01,2019-12-31,NA,NA,"CPRDAurum"
1,"65",1954417,3237123638,75,2000-01-01,2019-12-31,8862761.50034223,0.84623737191962,0.665619374945083,1.06076587353956,"FALSE","FALSE",3,"HeadNeckSubtypeCancerNasalCavitySinus",FALSE,"overall",TRUE,24,NA,5,"80;89","Both",365,2000-01-01,2019-12-31,NA,NA,"CPRDAurum"
1,"66",3095301,5833325151,22,2000-01-01,2019-12-31,15970773.8562628,0.137751621793661,0.0863282079898903,0.208557610839024,"FALSE","FALSE",3,"HeadNeckSubtypeCancerNasalCavitySinus",FALSE,"overall",TRUE,11,NA,5,"40;49","Female",365,2000-01-01,2019-12-31,NA,NA,"CPRDAurum"
1,"67",4087966,5840306937,NA,2000-01-01,2019-12-31,15989888.9445585,NA,NA,NA,"FALSE","TRUE",3,"HeadNeckSubtypeCancerNasalCavitySinus",FALSE,"overall",TRUE,8,NA,5,"30;39","Female",365,2000-01-01,2019-12-31,NA,NA,"CPRDAurum"
1,"68",1471782,2772321635,68,2000-01-01,2019-12-31,7590202.9705681,0.895891720731026,0.695694976239485,1.13575623063447,"FALSE","FALSE",3,"HeadNeckSubtypeCancerNasalCavitySinus",FALSE,"overall",TRUE,19,NA,5,"70;79","Male",365,2000-01-01,2019-12-31,NA,NA,"CPRDAurum"
1,"69",202323,243520993,13,2000-01-01,2019-12-31,666724.142368241,1.94983189806556,1.03820336645028,3.33427192829635,"FALSE","FALSE",3,"HeadNeckSubtypeCancerNasalCavitySinus",FALSE,"overall",TRUE,25,NA,5,"90;150","Male",365,2000-01-01,2019-12-31,NA,NA,"CPRDAurum"
1,"7",465263,586908537,6,2000-01-01,2019-12-31,1606868,0.373397192550975,0.137030188757935,0.812728489366811,"FALSE","FALSE",1,"HeadNeckSubtypeCancerHypopharynx",FALSE,"overall",TRUE,26,NA,5,"90;150","Female",365,2000-01-01,2019-12-31,NA,NA,"CPRDAurum"
1,"70",4336628,6045580390,NA,2000-01-01,2019-12-31,16551897.0294319,NA,NA,NA,"FALSE","TRUE",3,"HeadNeckSubtypeCancerNasalCavitySinus",FALSE,"overall",TRUE,4,NA,5,"18;29","Male",365,2000-01-01,2019-12-31,NA,NA,"CPRDAurum"
1,"71",3125548,5954400578,121,2000-01-01,2019-12-31,16302260.3093771,0.742228364065566,0.615881415566584,0.886868183354128,"FALSE","FALSE",3,"HeadNeckSubtypeCancerNasalCavitySinus",FALSE,"overall",TRUE,21,NA,5,"70;79","Both",365,2000-01-01,2019-12-31,NA,NA,"CPRDAurum"
1,"72",2641999,5113921622,22,2000-01-01,2019-12-31,14001154.3381246,0.157129901354597,0.098472472620971,0.237896558974628,"FALSE","FALSE",3,"HeadNeckSubtypeCancerNasalCavitySinus",FALSE,"overall",TRUE,14,NA,5,"50;59","Female",365,2000-01-01,2019-12-31,NA,NA,"CPRDAurum"
1,"73",24340754,64359267047,488,2000-01-01,2019-12-31,176206069.943874,0.276948461625323,0.252918514669509,0.302645986671303,"FALSE","FALSE",3,"HeadNeckSubtypeCancerNasalCavitySinus",FALSE,"overall",TRUE,3,NA,5,"18;150","Both",365,2000-01-01,2019-12-31,NA,NA,"CPRDAurum"
1,"74",2075085,4135300238,52,2000-01-01,2019-12-31,11321835.0116359,0.45928950516023,0.343019370628065,0.602297080559736,"FALSE","FALSE",3,"HeadNeckSubtypeCancerNasalCavitySinus",FALSE,"overall",TRUE,17,NA,5,"60;69","Female",365,2000-01-01,2019-12-31,NA,NA,"CPRDAurum"
1,"75",790112,1282023997,38,2000-01-01,2019-12-31,3509990.40930869,1.08262404077293,0.766129205763057,1.48598608078625,"FALSE","FALSE",3,"HeadNeckSubtypeCancerNasalCavitySinus",FALSE,"overall",TRUE,22,NA,5,"80;89","Male",365,2000-01-01,2019-12-31,NA,NA,"CPRDAurum"
1,"76",1653766,3182078943,53,2000-01-01,2019-12-31,8712057.33880904,0.608352286249361,0.455697608365198,0.795739768841802,"FALSE","FALSE",3,"HeadNeckSubtypeCancerNasalCavitySinus",FALSE,"overall",TRUE,20,NA,5,"70;79","Female",365,2000-01-01,2019-12-31,NA,NA,"CPRDAurum"
1,"77",2797540,5362000042,58,2000-01-01,2019-12-31,14680356.0355921,0.395085785790078,0.300005201328031,0.51073999542594,"FALSE","FALSE",3,"HeadNeckSubtypeCancerNasalCavitySinus",FALSE,"overall",TRUE,13,NA,5,"50;59","Male",365,2000-01-01,2019-12-31,NA,NA,"CPRDAurum"
1,"78",3420987,6193275179,29,2000-01-01,2019-12-31,16956263.3237509,0.171028247475842,0.114540301519991,0.245625092294058,"FALSE","FALSE",3,"HeadNeckSubtypeCancerNasalCavitySinus",FALSE,"overall",TRUE,10,NA,5,"40;49","Male",365,2000-01-01,2019-12-31,NA,NA,"CPRDAurum"
1,"79",8292724,11936623494,14,2000-01-01,2019-12-31,32680694.0287474,0.0428387475115582,0.0234203418983937,0.0718761391700343,"FALSE","FALSE",3,"HeadNeckSubtypeCancerNasalCavitySinus",FALSE,"overall",TRUE,9,NA,5,"30;39","Both",365,2000-01-01,2019-12-31,NA,NA,"CPRDAurum"
1,"8",6516287,12026604918,55,2000-01-01,2019-12-31,32927049.7412731,0.167035918590238,0.125834313420138,0.217420207818447,"FALSE","FALSE",1,"HeadNeckSubtypeCancerHypopharynx",FALSE,"overall",TRUE,12,NA,5,"40;49","Both",365,2000-01-01,2019-12-31,NA,NA,"CPRDAurum"
1,"80",4204758,6096316557,10,2000-01-01,2019-12-31,16690805.0841889,0.059913227370158,0.0287307213279668,0.110182558296357,"FALSE","FALSE",3,"HeadNeckSubtypeCancerNasalCavitySinus",FALSE,"overall",TRUE,7,NA,5,"30;39","Male",365,2000-01-01,2019-12-31,NA,NA,"CPRDAurum"
1,"81",11844555,32091235693,294,2000-01-01,2019-12-31,87861014.9021218,0.334619398976348,0.297459074152957,0.375138397740324,"FALSE","FALSE",3,"HeadNeckSubtypeCancerNasalCavitySinus",FALSE,"overall",TRUE,1,NA,5,"18;150","Male",365,2000-01-01,2019-12-31,NA,NA,"CPRDAurum"
1,"82",4901842,5621077805,10,2000-01-01,2019-12-31,15389672.29295,0.0649786415827774,0.0311597843336091,0.119498035383394,"FALSE","FALSE",4,"HeadNeckSubtypeCancerNasopharynx",FALSE,"overall",TRUE,5,NA,5,"18;29","Female",365,2000-01-01,2019-12-31,NA,NA,"CPRDAurum"
1,"83",4173858,8231342452,181,2000-01-01,2019-12-31,22536187.4113621,0.80315271033265,0.69040482388226,0.92906311682985,"FALSE","FALSE",4,"HeadNeckSubtypeCancerNasopharynx",FALSE,"overall",TRUE,18,NA,5,"60;69","Both",365,2000-01-01,2019-12-31,NA,NA,"CPRDAurum"
1,"84",12496175,32267839282,255,2000-01-01,2019-12-31,88344529.1772758,0.288642661152573,0.254299312984244,0.326330983704491,"FALSE","FALSE",4,"HeadNeckSubtypeCancerNasopharynx",FALSE,"overall",TRUE,2,NA,5,"18;150","Female",365,2000-01-01,2019-12-31,NA,NA,"CPRDAurum"
1,"85",2098791,4096092216,129,2000-01-01,2019-12-31,11214489.2977413,1.15029758890565,0.960372120944274,1.36679069850736,"FALSE","FALSE",4,"HeadNeckSubtypeCancerNasopharynx",FALSE,"overall",TRUE,16,NA,5,"60;69","Male",365,2000-01-01,2019-12-31,NA,NA,"CPRDAurum"
1,"86",5439464,10475670072,203,2000-01-01,2019-12-31,28680821.5523614,0.707790045795554,0.613767934441295,0.812140876964864,"FALSE","FALSE",4,"HeadNeckSubtypeCancerNasopharynx",FALSE,"overall",TRUE,15,NA,5,"50;59","Both",365,2000-01-01,2019-12-31,NA,NA,"CPRDAurum"
1,"87",9238446,11666600704,19,2000-01-01,2019-12-31,31941411.9206023,0.0594839077471868,0.0358131982167901,0.0928914903490781,"FALSE","FALSE",4,"HeadNeckSubtypeCancerNasopharynx",FALSE,"overall",TRUE,6,NA,5,"18;29","Both",365,2000-01-01,2019-12-31,NA,NA,"CPRDAurum"
1,"88",465265,586908865,NA,2000-01-01,2019-12-31,1606868.89801506,NA,NA,NA,"FALSE","TRUE",4,"HeadNeckSubtypeCancerNasopharynx",FALSE,"overall",TRUE,26,NA,5,"90;150","Female",365,2000-01-01,2019-12-31,NA,NA,"CPRDAurum"
1,"89",6516211,12026413761,120,2000-01-01,2019-12-31,32926526.3819302,0.364447796916273,0.302163442544425,0.43579023096739,"FALSE","FALSE",4,"HeadNeckSubtypeCancerNasopharynx",FALSE,"overall",TRUE,12,NA,5,"40;49","Both",365,2000-01-01,2019-12-31,NA,NA,"CPRDAurum"
1,"9",667577,830419752,13,2000-01-01,2019-12-31,2273565.37166324,0.571789145015423,0.304453638205265,0.977776851953725,"FALSE","FALSE",1,"HeadNeckSubtypeCancerHypopharynx",FALSE,"overall",TRUE,27,NA,5,"90;150","Both",365,2000-01-01,2019-12-31,NA,NA,"CPRDAurum"
1,"90",667589,830433780,13,2000-01-01,2019-12-31,2273603.77823409,0.571779486137955,0.304448495259807,0.977760334979091,"FALSE","FALSE",4,"HeadNeckSubtypeCancerNasopharynx",FALSE,"overall",TRUE,27,NA,5,"90;150","Both",365,2000-01-01,2019-12-31,NA,NA,"CPRDAurum"
1,"91",1164318,1955133264,22,2000-01-01,2019-12-31,5352863.14579055,0.410995002128919,0.257568379701092,0.622251372395324,"FALSE","FALSE",4,"HeadNeckSubtypeCancerNasopharynx",FALSE,"overall",TRUE,23,NA,5,"80;89","Female",365,2000-01-01,2019-12-31,NA,NA,"CPRDAurum"
1,"92",1954422,3237165410,49,2000-01-01,2019-12-31,8862875.86584531,0.552867948752733,0.409014752068534,0.730920748225325,"FALSE","FALSE",4,"HeadNeckSubtypeCancerNasopharynx",FALSE,"overall",TRUE,24,NA,5,"80;89","Both",365,2000-01-01,2019-12-31,NA,NA,"CPRDAurum"
1,"93",3095280,5833277512,33,2000-01-01,2019-12-31,15970643.4277892,0.206629120167942,0.142233978708736,0.290184108603474,"FALSE","FALSE",4,"HeadNeckSubtypeCancerNasopharynx",FALSE,"overall",TRUE,11,NA,5,"40;49","Female",365,2000-01-01,2019-12-31,NA,NA,"CPRDAurum"
1,"94",4087949,5840267003,23,2000-01-01,2019-12-31,15989779.6112252,0.143841882497577,0.0911834146032205,0.215833449452958,"FALSE","FALSE",4,"HeadNeckSubtypeCancerNasopharynx",FALSE,"overall",TRUE,8,NA,5,"30;39","Female",365,2000-01-01,2019-12-31,NA,NA,"CPRDAurum"
1,"95",1471753,2772264166,93,2000-01-01,2019-12-31,7590045.62902122,1.22528907658218,0.988966422497373,1.50106189862293,"FALSE","FALSE",4,"HeadNeckSubtypeCancerNasopharynx",FALSE,"overall",TRUE,19,NA,5,"70;79","Male",365,2000-01-01,2019-12-31,NA,NA,"CPRDAurum"
1,"96",202324,243524915,10,2000-01-01,2019-12-31,666734.880219028,1.49984653520975,0.719234712087825,2.75827117908941,"FALSE","FALSE",4,"HeadNeckSubtypeCancerNasopharynx",FALSE,"overall",TRUE,25,NA,5,"90;150","Male",365,2000-01-01,2019-12-31,NA,NA,"CPRDAurum"
1,"97",4336604,6045522899,9,2000-01-01,2019-12-31,16551739.6276523,0.054374949113893,0.024863689194959,0.103220590921309,"FALSE","FALSE",4,"HeadNeckSubtypeCancerNasopharynx",FALSE,"overall",TRUE,4,NA,5,"18;29","Male",365,2000-01-01,2019-12-31,NA,NA,"CPRDAurum"
1,"98",3125512,5954337015,142,2000-01-01,2019-12-31,16302086.2833676,0.871054155472589,0.733681652690289,1.02667887422339,"FALSE","FALSE",4,"HeadNeckSubtypeCancerNasopharynx",FALSE,"overall",TRUE,21,NA,5,"70;79","Both",365,2000-01-01,2019-12-31,NA,NA,"CPRDAurum"
1,"99",2641982,5113851748,63,2000-01-01,2019-12-31,14000963.0335387,0.449969047479708,0.345768570915594,0.575705878901375,"FALSE","FALSE",4,"HeadNeckSubtypeCancerNasopharynx",FALSE,"overall",TRUE,14,NA,5,"50;59","Female",365,2000-01-01,2019-12-31,NA,NA,"CPRDAurum"
