"result_id","analysis_id","n_persons","person_days","n_events","incidence_start_date","incidence_end_date","person_years","incidence_100000_pys","incidence_100000_pys_95CI_lower","incidence_100000_pys_95CI_upper","cohort_obscured","result_obscured","outcome_cohort_id","outcome_cohort_name","analysis_repeated_events","analysis_interval","analysis_complete_database_intervals","denominator_cohort_id","analysis_outcome_washout","analysis_min_cell_count","denominator_age_group","denominator_sex","denominator_days_prior_history","denominator_start_date","denominator_end_date","denominator_strata_cohort_definition_id","denominator_strata_cohort_name","database_name"
1,"1",1830245,2563471735,252,2000-01-01,2019-12-31,7018403.10746064,3.59056036168856,3.16089342813342,4.06233743033295,"FALSE","FALSE",1,"IncidentBreastCancer",FALSE,"overall",TRUE,5,NA,5,"18;29","Female",365,2000-01-01,2019-12-31,NA,NA,"CPRDGold"
1,"10",546514,856416360,8681,2000-01-01,2019-12-31,2344740.20533881,370.232914513683,362.485167183734,378.104547977773,"FALSE","FALSE",1,"IncidentBreastCancer",FALSE,"overall",TRUE,23,NA,5,"80;89","Female",365,2000-01-01,2019-12-31,NA,NA,"CPRDGold"
1,"100",10383442,28321187054,10882,2000-01-01,2019-12-31,77539184.2683094,14.0341945852112,13.7717357690673,14.3003982015319,"FALSE","FALSE",4,"IncidentHeadNeckCancer",FALSE,"overall",TRUE,3,NA,5,"18;150","Both",365,2000-01-01,2019-12-31,NA,NA,"CPRDGold"
1,"101",1028766,1937011860,887,2000-01-01,2019-12-31,5303249.44558522,16.7255945454046,15.6428646483548,17.8635179788062,"FALSE","FALSE",4,"IncidentHeadNeckCancer",FALSE,"overall",TRUE,17,NA,5,"60;69","Female",365,2000-01-01,2019-12-31,NA,NA,"CPRDGold"
1,"102",364783,552198079,669,2000-01-01,2019-12-31,1511835.94524298,44.2508330421048,40.960738085847,47.734863157158,"FALSE","FALSE",4,"IncidentHeadNeckCancer",FALSE,"overall",TRUE,22,NA,5,"80;89","Male",365,2000-01-01,2019-12-31,NA,NA,"CPRDGold"
1,"103",804099,1452494003,722,2000-01-01,2019-12-31,3976711.84941821,18.1557031874368,16.8553603230481,19.5297396042929,"FALSE","FALSE",4,"IncidentHeadNeckCancer",FALSE,"overall",TRUE,20,NA,5,"70;79","Female",365,2000-01-01,2019-12-31,NA,NA,"CPRDGold"
1,"104",1318715,2392632702,1901,2000-01-01,2019-12-31,6550671.32648871,29.0199264358295,27.7299171552102,30.3544610572981,"FALSE","FALSE",4,"IncidentHeadNeckCancer",FALSE,"overall",TRUE,13,NA,5,"50;59","Male",365,2000-01-01,2019-12-31,NA,NA,"CPRDGold"
1,"105",1516020,2671141595,658,2000-01-01,2019-12-31,7313187.11841205,8.99744515415702,8.32301572744601,9.71197054919405,"FALSE","FALSE",4,"IncidentHeadNeckCancer",FALSE,"overall",TRUE,10,NA,5,"40;49","Male",365,2000-01-01,2019-12-31,NA,NA,"CPRDGold"
1,"106",3306664,4882922412,222,2000-01-01,2019-12-31,13368712.9691992,1.66059366007391,1.44932104812078,1.89400315825642,"FALSE","FALSE",4,"IncidentHeadNeckCancer",FALSE,"overall",TRUE,9,NA,5,"30;39","Both",365,2000-01-01,2019-12-31,NA,NA,"CPRDGold"
1,"107",1672742,2465865953,117,2000-01-01,2019-12-31,6751173.0403833,1.73303216048744,1.43326481428309,2.07699355895484,"FALSE","FALSE",4,"IncidentHeadNeckCancer",FALSE,"overall",TRUE,7,NA,5,"30;39","Male",365,2000-01-01,2019-12-31,NA,NA,"CPRDGold"
1,"108",5052908,13925524631,7518,2000-01-01,2019-12-31,38126008.5722108,19.7188226135995,19.2755758570872,20.1696903877111,"FALSE","FALSE",4,"IncidentHeadNeckCancer",FALSE,"overall",TRUE,1,NA,5,"18;150","Male",365,2000-01-01,2019-12-31,NA,NA,"CPRDGold"
1,"109",1830306,2563681950,NA,2000-01-01,2019-12-31,7018978.64476386,NA,NA,NA,"FALSE","TRUE",5,"IncidentLiverCancer",FALSE,"overall",TRUE,5,NA,5,"18;29","Female",365,2000-01-01,2019-12-31,NA,NA,"CPRDGold"
1,"11",911951,1409836881,8762,2000-01-01,2019-12-31,3859923.01437372,226.999346032855,222.270895894785,231.803050506398,"FALSE","FALSE",1,"IncidentBreastCancer",FALSE,"overall",TRUE,24,NA,5,"80;89","Both",365,2000-01-01,2019-12-31,NA,NA,"CPRDGold"
1,"110",2051520,3829479568,896,2000-01-01,2019-12-31,10484543.6495551,8.54591320279372,7.99543345632091,9.12430915588741,"FALSE","FALSE",5,"IncidentLiverCancer",FALSE,"overall",TRUE,18,NA,5,"60;69","Both",365,2000-01-01,2019-12-31,NA,NA,"CPRDGold"
1,"111",5330953,14401277492,989,2000-01-01,2019-12-31,39428548.91718,2.50833476544471,2.35442313547567,2.66966570139534,"FALSE","FALSE",5,"IncidentLiverCancer",FALSE,"overall",TRUE,2,NA,5,"18;150","Female",365,2000-01-01,2019-12-31,NA,NA,"CPRDGold"
1,"112",1022262,1890911676,672,2000-01-01,2019-12-31,5177034.02053388,12.9804053312112,12.0174139715179,14.0000294604164,"FALSE","FALSE",5,"IncidentLiverCancer",FALSE,"overall",TRUE,16,NA,5,"60;69","Male",365,2000-01-01,2019-12-31,NA,NA,"CPRDGold"
1,"113",2591813,4737530386,478,2000-01-01,2019-12-31,12970651.2963723,3.68524285387032,3.36223491091217,4.03090832635991,"FALSE","FALSE",5,"IncidentLiverCancer",FALSE,"overall",TRUE,15,NA,5,"50;59","Both",365,2000-01-01,2019-12-31,NA,NA,"CPRDGold"
1,"114",3490121,5195849826,12,2000-01-01,2019-12-31,14225461.5359343,0.0843557867678834,0.0435878659758014,0.147352583220072,"FALSE","FALSE",5,"IncidentLiverCancer",FALSE,"overall",TRUE,6,NA,5,"18;29","Both",365,2000-01-01,2019-12-31,NA,NA,"CPRDGold"
1,"115",204888,226937336,28,2000-01-01,2019-12-31,621320.563997262,4.50653038422906,2.99455671258605,6.51319114289713,"FALSE","FALSE",5,"IncidentLiverCancer",FALSE,"overall",TRUE,26,NA,5,"90;150","Female",365,2000-01-01,2019-12-31,NA,NA,"CPRDGold"
1,"116",2931115,5250995994,121,2000-01-01,2019-12-31,14376443.5154004,0.841654612772496,0.69838268035615,1.00566986331882,"FALSE","FALSE",5,"IncidentLiverCancer",FALSE,"overall",TRUE,12,NA,5,"40;49","Both",365,2000-01-01,2019-12-31,NA,NA,"CPRDGold"
1,"117",288517,311849014,57,2000-01-01,2019-12-31,853796.06844627,6.67606728427879,5.05638816555895,8.64961952066078,"FALSE","FALSE",5,"IncidentLiverCancer",FALSE,"overall",TRUE,27,NA,5,"90;150","Both",365,2000-01-01,2019-12-31,NA,NA,"CPRDGold"
1,"118",557056,879732495,245,2000-01-01,2019-12-31,2408576.30390144,10.1719841552516,8.93804205207969,11.5286675465067,"FALSE","FALSE",5,"IncidentLiverCancer",FALSE,"overall",TRUE,23,NA,5,"80;89","Female",365,2000-01-01,2019-12-31,NA,NA,"CPRDGold"
1,"119",922501,1433195891,667,2000-01-01,2019-12-31,3923876.49828884,16.9984962648766,15.7327837672289,18.3389317450743,"FALSE","FALSE",5,"IncidentLiverCancer",FALSE,"overall",TRUE,24,NA,5,"80;89","Both",365,2000-01-01,2019-12-31,NA,NA,"CPRDGold"
1,"12",1411136,2561954902,10110,2000-01-01,2019-12-31,7014250.24503765,144.13514840239,141.339089420552,146.972609366087,"FALSE","FALSE",1,"IncidentBreastCancer",FALSE,"overall",TRUE,11,NA,5,"40;49","Female",365,2000-01-01,2019-12-31,NA,NA,"CPRDGold"
1,"120",1414921,2579073149,34,2000-01-01,2019-12-31,7061117.45106092,0.481510189224959,0.333459803604237,0.672862226474715,"FALSE","FALSE",5,"IncidentLiverCancer",FALSE,"overall",TRUE,11,NA,5,"40;49","Female",365,2000-01-01,2019-12-31,NA,NA,"CPRDGold"
1,"121",1633966,2417205980,8,2000-01-01,2019-12-31,6617949.29500342,0.120883367994977,0.0521888582518479,0.238188425409886,"FALSE","FALSE",5,"IncidentLiverCancer",FALSE,"overall",TRUE,8,NA,5,"30;39","Female",365,2000-01-01,2019-12-31,NA,NA,"CPRDGold"
1,"122",703903,1242815708,776,2000-01-01,2019-12-31,3402643.96440794,22.805794791258,21.229225431852,24.4684531560521,"FALSE","FALSE",5,"IncidentLiverCancer",FALSE,"overall",TRUE,19,NA,5,"70;79","Male",365,2000-01-01,2019-12-31,NA,NA,"CPRDGold"
1,"123",83629,84911678,29,2000-01-01,2019-12-31,232475.504449008,12.474432550962,8.35432325809105,17.9153659811596,"FALSE","FALSE",5,"IncidentLiverCancer",FALSE,"overall",TRUE,25,NA,5,"90;150","Male",365,2000-01-01,2019-12-31,NA,NA,"CPRDGold"
1,"124",1659815,2632167876,10,2000-01-01,2019-12-31,7206482.89117043,0.13876394561697,0.0665427056242355,0.255191836569127,"FALSE","FALSE",5,"IncidentLiverCancer",FALSE,"overall",TRUE,4,NA,5,"18;29","Male",365,2000-01-01,2019-12-31,NA,NA,"CPRDGold"
1,"125",1508492,2696622682,1093,2000-01-01,2019-12-31,7382950.53251198,14.8043792950637,13.9396139557307,15.7087469439061,"FALSE","FALSE",5,"IncidentLiverCancer",FALSE,"overall",TRUE,21,NA,5,"70;79","Both",365,2000-01-01,2019-12-31,NA,NA,"CPRDGold"
1,"126",1272404,2342271716,131,2000-01-01,2019-12-31,6412790.46132786,2.04279245969429,1.70797440710189,2.42406116004262,"FALSE","FALSE",5,"IncidentLiverCancer",FALSE,"overall",TRUE,14,NA,5,"50;59","Female",365,2000-01-01,2019-12-31,NA,NA,"CPRDGold"
1,"127",10384857,28338756480,3348,2000-01-01,2019-12-31,77587286.7351129,4.3151399422308,4.17019719529015,4.46383485150319,"FALSE","FALSE",5,"IncidentLiverCancer",FALSE,"overall",TRUE,3,NA,5,"18;150","Both",365,2000-01-01,2019-12-31,NA,NA,"CPRDGold"
1,"128",1029258,1938567892,224,2000-01-01,2019-12-31,5307509.62902122,4.22043511282916,3.68580156459303,4.8108222784206,"FALSE","FALSE",5,"IncidentLiverCancer",FALSE,"overall",TRUE,17,NA,5,"60;69","Female",365,2000-01-01,2019-12-31,NA,NA,"CPRDGold"
1,"129",365445,553463396,422,2000-01-01,2019-12-31,1515300.19438741,27.8492671988736,25.2552285065515,30.6374370401664,"FALSE","FALSE",5,"IncidentLiverCancer",FALSE,"overall",TRUE,22,NA,5,"80;89","Male",365,2000-01-01,2019-12-31,NA,NA,"CPRDGold"
1,"13",1633194,2414254139,2521,2000-01-01,2019-12-31,6609867.59479808,38.1399470389393,36.6655093289687,39.6584668488312,"FALSE","FALSE",1,"IncidentBreastCancer",FALSE,"overall",TRUE,8,NA,5,"30;39","Female",365,2000-01-01,2019-12-31,NA,NA,"CPRDGold"
1,"130",804589,1453806974,317,2000-01-01,2019-12-31,3980306.56810404,7.96421066005974,7.11152316081027,8.89098515419625,"FALSE","FALSE",5,"IncidentLiverCancer",FALSE,"overall",TRUE,20,NA,5,"70;79","Female",365,2000-01-01,2019-12-31,NA,NA,"CPRDGold"
1,"131",1319409,2395258670,347,2000-01-01,2019-12-31,6557860.83504449,5.29135961753976,4.74920262406201,5.87844737734398,"FALSE","FALSE",5,"IncidentLiverCancer",FALSE,"overall",TRUE,13,NA,5,"50;59","Male",365,2000-01-01,2019-12-31,NA,NA,"CPRDGold"
1,"132",1516194,2671922845,87,2000-01-01,2019-12-31,7315326.06433949,1.18928396676813,0.952567704063257,1.46697737925388,"FALSE","FALSE",5,"IncidentLiverCancer",FALSE,"overall",TRUE,10,NA,5,"40;49","Male",365,2000-01-01,2019-12-31,NA,NA,"CPRDGold"
1,"133",3306771,4883233119,24,2000-01-01,2019-12-31,13369563.6386037,0.179512216320222,0.115016864202551,0.267099948502753,"FALSE","FALSE",5,"IncidentLiverCancer",FALSE,"overall",TRUE,9,NA,5,"30;39","Both",365,2000-01-01,2019-12-31,NA,NA,"CPRDGold"
1,"134",1672805,2466027139,16,2000-01-01,2019-12-31,6751614.34360027,0.236980360336578,0.135454751829986,0.384841258330902,"FALSE","FALSE",5,"IncidentLiverCancer",FALSE,"overall",TRUE,7,NA,5,"30;39","Male",365,2000-01-01,2019-12-31,NA,NA,"CPRDGold"
1,"135",5053904,13937478988,2359,2000-01-01,2019-12-31,38158737.8179329,6.18207030655866,5.93509180075833,6.43668644350745,"FALSE","FALSE",5,"IncidentLiverCancer",FALSE,"overall",TRUE,1,NA,5,"18;150","Male",365,2000-01-01,2019-12-31,NA,NA,"CPRDGold"
1,"136",1830305,2563679406,5,2000-01-01,2019-12-31,7018971.67967146,0.0712355061138249,0.0231299749337985,0.166239908234946,"FALSE","FALSE",6,"IncidentLungCancer",FALSE,"overall",TRUE,5,NA,5,"18;29","Female",365,2000-01-01,2019-12-31,NA,NA,"CPRDGold"
1,"137",2050116,3824574011,10619,2000-01-01,2019-12-31,10471112.9664613,101.412333474124,99.4925509516513,103.359847555085,"FALSE","FALSE",6,"IncidentLungCancer",FALSE,"overall",TRUE,18,NA,5,"60;69","Both",365,2000-01-01,2019-12-31,NA,NA,"CPRDGold"
1,"138",5330050,14392284723,17955,2000-01-01,2019-12-31,39403928.0574949,45.5665231491682,44.9024283724241,46.2379816885472,"FALSE","FALSE",6,"IncidentLungCancer",FALSE,"overall",TRUE,2,NA,5,"18;150","Female",365,2000-01-01,2019-12-31,NA,NA,"CPRDGold"
1,"139",1021535,1888510063,5853,2000-01-01,2019-12-31,5170458.76249144,113.200786794007,110.319079965477,116.138718646096,"FALSE","FALSE",6,"IncidentLungCancer",FALSE,"overall",TRUE,16,NA,5,"60;69","Male",365,2000-01-01,2019-12-31,NA,NA,"CPRDGold"
1,"14",703943,1242899785,145,2000-01-01,2019-12-31,3402874.15468857,4.2611038025081,3.5957795012079,5.01384419324186,"FALSE","FALSE",1,"IncidentBreastCancer",FALSE,"overall",TRUE,19,NA,5,"70;79","Male",365,2000-01-01,2019-12-31,NA,NA,"CPRDGold"
1,"140",2591333,4735885217,4091,2000-01-01,2019-12-31,12966147.0691307,31.5513928554743,30.5918843355665,32.5333412994325,"FALSE","FALSE",6,"IncidentLungCancer",FALSE,"overall",TRUE,15,NA,5,"50;59","Both",365,2000-01-01,2019-12-31,NA,NA,"CPRDGold"
1,"141",3490123,5195836004,21,2000-01-01,2019-12-31,14225423.6933607,0.147623019550561,0.0913809758098329,0.225657466708183,"FALSE","FALSE",6,"IncidentLungCancer",FALSE,"overall",TRUE,6,NA,5,"18;29","Both",365,2000-01-01,2019-12-31,NA,NA,"CPRDGold"
1,"142",204706,226713694,535,2000-01-01,2019-12-31,620708.265571526,86.1918601176337,79.0420212277947,93.8147725913034,"FALSE","FALSE",6,"IncidentLungCancer",FALSE,"overall",TRUE,26,NA,5,"90;150","Female",365,2000-01-01,2019-12-31,NA,NA,"CPRDGold"
1,"143",2931014,5250674348,915,2000-01-01,2019-12-31,14375562.8966461,6.36496815170606,5.95918144243519,6.79111266215279,"FALSE","FALSE",6,"IncidentLungCancer",FALSE,"overall",TRUE,12,NA,5,"40;49","Both",365,2000-01-01,2019-12-31,NA,NA,"CPRDGold"
1,"144",288161,311453525,1037,2000-01-01,2019-12-31,852713.278576318,121.611803879889,114.321746961873,129.244836771911,"FALSE","FALSE",6,"IncidentLungCancer",FALSE,"overall",TRUE,27,NA,5,"90;150","Both",365,2000-01-01,2019-12-31,NA,NA,"CPRDGold"
1,"145",556097,877892053,3800,2000-01-01,2019-12-31,2403537.44832307,158.100303477744,153.113055621903,163.208629820226,"FALSE","FALSE",6,"IncidentLungCancer",FALSE,"overall",TRUE,23,NA,5,"80;89","Female",365,2000-01-01,2019-12-31,NA,NA,"CPRDGold"
1,"146",920563,1429632941,8242,2000-01-01,2019-12-31,3914121.67282683,210.570868484206,206.049108287341,215.166849256405,"FALSE","FALSE",6,"IncidentLungCancer",FALSE,"overall",TRUE,24,NA,5,"80;89","Both",365,2000-01-01,2019-12-31,NA,NA,"CPRDGold"
1,"147",1414862,2578873185,477,2000-01-01,2019-12-31,7060569.97946612,6.75582851508071,6.16308063026563,7.39020017066226,"FALSE","FALSE",6,"IncidentLungCancer",FALSE,"overall",TRUE,11,NA,5,"40;49","Female",365,2000-01-01,2019-12-31,NA,NA,"CPRDGold"
1,"148",1633961,2417180362,54,2000-01-01,2019-12-31,6617879.15674196,0.815971381783053,0.612982815366426,1.06466565382856,"FALSE","FALSE",6,"IncidentLungCancer",FALSE,"overall",TRUE,8,NA,5,"30;39","Female",365,2000-01-01,2019-12-31,NA,NA,"CPRDGold"
1,"149",702609,1239441325,8025,2000-01-01,2019-12-31,3393405.4072553,236.488100798156,231.341968144103,241.71984739429,"FALSE","FALSE",6,"IncidentLungCancer",FALSE,"overall",TRUE,19,NA,5,"70;79","Male",365,2000-01-01,2019-12-31,NA,NA,"CPRDGold"
1,"15",83622,84900117,15,2000-01-01,2019-12-31,232443.852156057,6.45317131895119,3.61179100023985,10.6435247230698,"FALSE","FALSE",1,"IncidentBreastCancer",FALSE,"overall",TRUE,25,NA,5,"90;150","Male",365,2000-01-01,2019-12-31,NA,NA,"CPRDGold"
1,"150",83455,84739831,502,2000-01-01,2019-12-31,232005.013004791,216.374634969475,197.85822358095,236.157294533469,"FALSE","FALSE",6,"IncidentLungCancer",FALSE,"overall",TRUE,25,NA,5,"90;150","Male",365,2000-01-01,2019-12-31,NA,NA,"CPRDGold"
1,"151",1659818,2632156598,16,2000-01-01,2019-12-31,7206452.01368925,0.222023264286041,0.126905479093861,0.360551871409177,"FALSE","FALSE",6,"IncidentLungCancer",FALSE,"overall",TRUE,4,NA,5,"18;29","Male",365,2000-01-01,2019-12-31,NA,NA,"CPRDGold"
1,"152",1506076,2689959374,14354,2000-01-01,2019-12-31,7364707.38945927,194.90251602588,191.726950154193,198.117492504637,"FALSE","FALSE",6,"IncidentLungCancer",FALSE,"overall",TRUE,21,NA,5,"70;79","Both",365,2000-01-01,2019-12-31,NA,NA,"CPRDGold"
1,"153",1272176,2341364026,1989,2000-01-01,2019-12-31,6410305.34154689,31.028163153302,29.6793989479659,32.422419874757,"FALSE","FALSE",6,"IncidentLungCancer",FALSE,"overall",TRUE,14,NA,5,"50;59","Female",365,2000-01-01,2019-12-31,NA,NA,"CPRDGold"
1,"154",10382751,28321203612,39386,2000-01-01,2019-12-31,77539229.6016427,50.7949333548261,50.2945097605586,51.2990960117233,"FALSE","FALSE",6,"IncidentLungCancer",FALSE,"overall",TRUE,3,NA,5,"18;150","Both",365,2000-01-01,2019-12-31,NA,NA,"CPRDGold"
1,"155",1028581,1936063948,4766,2000-01-01,2019-12-31,5300654.20396988,89.9134298636297,87.3786695325999,92.5030602520999,"FALSE","FALSE",6,"IncidentLungCancer",FALSE,"overall",TRUE,17,NA,5,"60;69","Female",365,2000-01-01,2019-12-31,NA,NA,"CPRDGold"
1,"156",364466,551740888,4442,2000-01-01,2019-12-31,1510584.22450376,294.058413158606,285.473747154027,302.835652235871,"FALSE","FALSE",6,"IncidentLungCancer",FALSE,"overall",TRUE,22,NA,5,"80;89","Male",365,2000-01-01,2019-12-31,NA,NA,"CPRDGold"
1,"157",803467,1450518049,6329,2000-01-01,2019-12-31,3971301.98220397,159.368389217472,155.466000123029,163.343968473524,"FALSE","FALSE",6,"IncidentLungCancer",FALSE,"overall",TRUE,20,NA,5,"70;79","Female",365,2000-01-01,2019-12-31,NA,NA,"CPRDGold"
1,"158",1319157,2394521191,2102,2000-01-01,2019-12-31,6555841.72758385,32.0630071216605,30.7068315806329,33.463656192484,"FALSE","FALSE",6,"IncidentLungCancer",FALSE,"overall",TRUE,13,NA,5,"50;59","Male",365,2000-01-01,2019-12-31,NA,NA,"CPRDGold"
1,"159",1516152,2671801163,438,2000-01-01,2019-12-31,7314992.91718001,5.98770231166338,5.44000804089348,6.57559898676467,"FALSE","FALSE",6,"IncidentLungCancer",FALSE,"overall",TRUE,10,NA,5,"40;49","Male",365,2000-01-01,2019-12-31,NA,NA,"CPRDGold"
1,"16",1659822,2632178141,5,2000-01-01,2019-12-31,7206510.99520876,0.0693817022318323,0.0225280498593257,0.16191374837394,"FALSE","FALSE",1,"IncidentBreastCancer",FALSE,"overall",TRUE,4,NA,5,"18;29","Male",365,2000-01-01,2019-12-31,NA,NA,"CPRDGold"
1,"160",3306758,4883188192,107,2000-01-01,2019-12-31,13369440.6351814,0.800332661027208,0.655891929885862,0.967120097311013,"FALSE","FALSE",6,"IncidentLungCancer",FALSE,"overall",TRUE,9,NA,5,"30;39","Both",365,2000-01-01,2019-12-31,NA,NA,"CPRDGold"
1,"161",1672797,2466007830,53,2000-01-01,2019-12-31,6751561.47843943,0.785003590195413,0.588021557074438,1.026804023789,"FALSE","FALSE",6,"IncidentLungCancer",FALSE,"overall",TRUE,7,NA,5,"30;39","Male",365,2000-01-01,2019-12-31,NA,NA,"CPRDGold"
1,"162",5052701,13928918889,21431,2000-01-01,2019-12-31,38135301.5441478,56.197274263559,55.4473725423939,56.9547830929132,"FALSE","FALSE",6,"IncidentLungCancer",FALSE,"overall",TRUE,1,NA,5,"18;150","Male",365,2000-01-01,2019-12-31,NA,NA,"CPRDGold"
1,"163",1830305,2563681867,NA,2000-01-01,2019-12-31,7018978.41752225,NA,NA,NA,"FALSE","TRUE",7,"IncidentPancreaticCancer",FALSE,"overall",TRUE,5,NA,5,"18;29","Female",365,2000-01-01,2019-12-31,NA,NA,"CPRDGold"
1,"164",2051404,3829184689,2232,2000-01-01,2019-12-31,10483736.3148528,21.2901196001831,20.4159477747115,22.1920962677516,"FALSE","FALSE",7,"IncidentPancreaticCancer",FALSE,"overall",TRUE,18,NA,5,"60;69","Both",365,2000-01-01,2019-12-31,NA,NA,"CPRDGold"
1,"165",5330834,14400369232,4476,2000-01-01,2019-12-31,39426062.2368241,11.352896399122,11.0227148186491,11.6904561517448,"FALSE","FALSE",7,"IncidentPancreaticCancer",FALSE,"overall",TRUE,2,NA,5,"18;150","Female",365,2000-01-01,2019-12-31,NA,NA,"CPRDGold"
1,"166",1022223,1890831558,1233,2000-01-01,2019-12-31,5176814.66940452,23.8177350115922,22.5066898799785,25.185226055404,"FALSE","FALSE",7,"IncidentPancreaticCancer",FALSE,"overall",TRUE,16,NA,5,"60;69","Male",365,2000-01-01,2019-12-31,NA,NA,"CPRDGold"
1,"167",2591770,4737403271,1009,2000-01-01,2019-12-31,12970303.2744695,7.77930923162062,7.30665036613795,8.27451974546621,"FALSE","FALSE",7,"IncidentPancreaticCancer",FALSE,"overall",TRUE,15,NA,5,"50;59","Both",365,2000-01-01,2019-12-31,NA,NA,"CPRDGold"
1,"168",3490128,5195861661,NA,2000-01-01,2019-12-31,14225493.9383984,NA,NA,NA,"FALSE","TRUE",7,"IncidentPancreaticCancer",FALSE,"overall",TRUE,6,NA,5,"18;29","Both",365,2000-01-01,2019-12-31,NA,NA,"CPRDGold"
1,"169",204849,226883984,256,2000-01-01,2019-12-31,621174.494182067,41.212252337741,36.3180079200914,46.5822059534101,"FALSE","FALSE",7,"IncidentPancreaticCancer",FALSE,"overall",TRUE,26,NA,5,"90;150","Female",365,2000-01-01,2019-12-31,NA,NA,"CPRDGold"
1,"17",1491206,2653038634,13379,2000-01-01,2019-12-31,7263623.91238877,184.19180510132,181.083773189885,187.339800094946,"FALSE","FALSE",1,"IncidentBreastCancer",FALSE,"overall",TRUE,21,NA,5,"70;79","Both",365,2000-01-01,2019-12-31,NA,NA,"CPRDGold"
1,"170",2931104,5250943350,276,2000-01-01,2019-12-31,14376299.3839836,1.91982646318209,1.69999160082944,2.16020044960615,"FALSE","FALSE",7,"IncidentPancreaticCancer",FALSE,"overall",TRUE,12,NA,5,"40;49","Both",365,2000-01-01,2019-12-31,NA,NA,"CPRDGold"
1,"171",288475,311785837,377,2000-01-01,2019-12-31,853623.099247091,44.1646905212054,39.8185343552825,48.8557758094923,"FALSE","FALSE",7,"IncidentPancreaticCancer",FALSE,"overall",TRUE,27,NA,5,"90;150","Both",365,2000-01-01,2019-12-31,NA,NA,"CPRDGold"
1,"172",556949,879491840,1199,2000-01-01,2019-12-31,2407917.42642026,49.7940663099273,47.0151177341386,52.6943849076295,"FALSE","FALSE",7,"IncidentPancreaticCancer",FALSE,"overall",TRUE,23,NA,5,"80;89","Female",365,2000-01-01,2019-12-31,NA,NA,"CPRDGold"
1,"173",922377,1432916224,2046,2000-01-01,2019-12-31,3923110.81177276,52.1524906678703,49.9169279243696,54.4623797066743,"FALSE","FALSE",7,"IncidentPancreaticCancer",FALSE,"overall",TRUE,24,NA,5,"80;89","Both",365,2000-01-01,2019-12-31,NA,NA,"CPRDGold"
1,"174",1414916,2579029344,120,2000-01-01,2019-12-31,7060997.51950719,1.69947659191892,1.40903498905184,2.03215742496631,"FALSE","FALSE",7,"IncidentPancreaticCancer",FALSE,"overall",TRUE,11,NA,5,"40;49","Female",365,2000-01-01,2019-12-31,NA,NA,"CPRDGold"
1,"175",1633966,2417204648,13,2000-01-01,2019-12-31,6617945.64818617,0.196435581237555,0.104593673913006,0.335910826409578,"FALSE","FALSE",7,"IncidentPancreaticCancer",FALSE,"overall",TRUE,8,NA,5,"30;39","Female",365,2000-01-01,2019-12-31,NA,NA,"CPRDGold"
1,"176",703831,1242683320,1461,2000-01-01,2019-12-31,3402281.50581793,42.9417729691584,40.7678153800427,45.2015508625615,"FALSE","FALSE",7,"IncidentPancreaticCancer",FALSE,"overall",TRUE,19,NA,5,"70;79","Male",365,2000-01-01,2019-12-31,NA,NA,"CPRDGold"
1,"177",83626,84901853,121,2000-01-01,2019-12-31,232448.605065024,52.0545175851462,43.1934584140246,62.1985061218114,"FALSE","FALSE",7,"IncidentPancreaticCancer",FALSE,"overall",TRUE,25,NA,5,"90;150","Male",365,2000-01-01,2019-12-31,NA,NA,"CPRDGold"
1,"178",1659823,2632179794,NA,2000-01-01,2019-12-31,7206515.52087611,NA,NA,NA,"FALSE","TRUE",7,"IncidentPancreaticCancer",FALSE,"overall",TRUE,4,NA,5,"18;29","Male",365,2000-01-01,2019-12-31,NA,NA,"CPRDGold"
1,"179",1508316,2696220217,2898,2000-01-01,2019-12-31,7381848.64339493,39.2584586869449,37.8420036725797,40.7143680723449,"FALSE","FALSE",7,"IncidentPancreaticCancer",FALSE,"overall",TRUE,21,NA,5,"70;79","Both",365,2000-01-01,2019-12-31,NA,NA,"CPRDGold"
1,"18",1260994,2299917509,18228,2000-01-01,2019-12-31,6296830.96235455,289.478947568636,285.291627103885,293.712347670745,"FALSE","FALSE",1,"IncidentBreastCancer",FALSE,"overall",TRUE,14,NA,5,"50;59","Female",365,2000-01-01,2019-12-31,NA,NA,"CPRDGold"
1,"180",1272381,2342187521,452,2000-01-01,2019-12-31,6412559.94798084,7.04866704820942,6.41375183118293,7.72943107760983,"FALSE","FALSE",7,"IncidentPancreaticCancer",FALSE,"overall",TRUE,14,NA,5,"50;59","Female",365,2000-01-01,2019-12-31,NA,NA,"CPRDGold"
1,"181",10384645,28337544903,8875,2000-01-01,2019-12-31,77583969.6180698,11.439218750587,11.2024510452444,11.6797303901048,"FALSE","FALSE",7,"IncidentPancreaticCancer",FALSE,"overall",TRUE,3,NA,5,"18;150","Both",365,2000-01-01,2019-12-31,NA,NA,"CPRDGold"
1,"182",1029181,1938353131,999,2000-01-01,2019-12-31,5306921.64544832,18.8244723917646,17.6751058566369,20.0289588246802,"FALSE","FALSE",7,"IncidentPancreaticCancer",FALSE,"overall",TRUE,17,NA,5,"60;69","Female",365,2000-01-01,2019-12-31,NA,NA,"CPRDGold"
1,"183",365428,553424384,847,2000-01-01,2019-12-31,1515193.3853525,55.900455228225,52.198725082459,59.7954155757045,"FALSE","FALSE",7,"IncidentPancreaticCancer",FALSE,"overall",TRUE,22,NA,5,"80;89","Male",365,2000-01-01,2019-12-31,NA,NA,"CPRDGold"
1,"184",804485,1453536897,1437,2000-01-01,2019-12-31,3979567.137577,36.1094548809379,34.266383879948,38.0259022021558,"FALSE","FALSE",7,"IncidentPancreaticCancer",FALSE,"overall",TRUE,20,NA,5,"70;79","Female",365,2000-01-01,2019-12-31,NA,NA,"CPRDGold"
1,"185",1319389,2395215750,557,2000-01-01,2019-12-31,6557743.32648871,8.49377556071932,7.80295107277873,9.22936502874508,"FALSE","FALSE",7,"IncidentPancreaticCancer",FALSE,"overall",TRUE,13,NA,5,"50;59","Male",365,2000-01-01,2019-12-31,NA,NA,"CPRDGold"
1,"186",1516188,2671914006,156,2000-01-01,2019-12-31,7315301.86447639,2.13251623637771,1.81100555761936,2.4946515320618,"FALSE","FALSE",7,"IncidentPancreaticCancer",FALSE,"overall",TRUE,10,NA,5,"40;49","Male",365,2000-01-01,2019-12-31,NA,NA,"CPRDGold"
1,"187",3306771,4883229654,33,2000-01-01,2019-12-31,13369554.1519507,0.24682947258331,0.169906051574767,0.346640349726302,"FALSE","FALSE",7,"IncidentPancreaticCancer",FALSE,"overall",TRUE,9,NA,5,"30;39","Both",365,2000-01-01,2019-12-31,NA,NA,"CPRDGold"
1,"188",1672805,2466025006,20,2000-01-01,2019-12-31,6751608.50376454,0.296225706642328,0.180942357344806,0.457496578562752,"FALSE","FALSE",7,"IncidentPancreaticCancer",FALSE,"overall",TRUE,7,NA,5,"30;39","Male",365,2000-01-01,2019-12-31,NA,NA,"CPRDGold"
1,"189",5053811,13937175671,4399,2000-01-01,2019-12-31,38157907.3812457,11.5284099729276,11.1902237175444,11.8742199426029,"FALSE","FALSE",7,"IncidentPancreaticCancer",FALSE,"overall",TRUE,1,NA,5,"18;150","Male",365,2000-01-01,2019-12-31,NA,NA,"CPRDGold"
1,"19",10369617,28149694254,74992,2000-01-01,2019-12-31,77069662.5708419,97.3041758565738,96.6089842372086,98.0031275581023,"FALSE","FALSE",1,"IncidentBreastCancer",FALSE,"overall",TRUE,3,NA,5,"18;150","Both",365,2000-01-01,2019-12-31,NA,NA,"CPRDGold"
1,"190",1830306,2563682232,NA,2000-01-01,2019-12-31,7018979.41683778,NA,NA,NA,"FALSE","TRUE",8,"IncidentProstateCancer",FALSE,"overall",TRUE,5,NA,5,"18;29","Female",365,2000-01-01,2019-12-31,NA,NA,"CPRDGold"
1,"191",2046256,3802387617,17800,2000-01-01,2019-12-31,10410369.9301848,170.983357165714,168.480627922335,173.513959034725,"FALSE","FALSE",8,"IncidentProstateCancer",FALSE,"overall",TRUE,18,NA,5,"60;69","Both",365,2000-01-01,2019-12-31,NA,NA,"CPRDGold"
1,"192",5331011,14401782133,NA,2000-01-01,2019-12-31,39429930.5489391,NA,NA,NA,"FALSE","TRUE",8,"IncidentProstateCancer",FALSE,"overall",TRUE,2,NA,5,"18;150","Female",365,2000-01-01,2019-12-31,NA,NA,"CPRDGold"
1,"193",1016953,1863682379,17800,2000-01-01,2019-12-31,5102484.26830938,348.849679175939,343.74347288727,354.012752733273,"FALSE","FALSE",8,"IncidentProstateCancer",FALSE,"overall",TRUE,16,NA,5,"60;69","Male",365,2000-01-01,2019-12-31,NA,NA,"CPRDGold"
1,"194",2591112,4732270581,5184,2000-01-01,2019-12-31,12956250.7351129,40.0115751538426,38.9297199035634,41.1158743202103,"FALSE","FALSE",8,"IncidentProstateCancer",FALSE,"overall",TRUE,15,NA,5,"50;59","Both",365,2000-01-01,2019-12-31,NA,NA,"CPRDGold"
1,"195",3490128,5195855180,6,2000-01-01,2019-12-31,14225476.1943874,0.0421778499222913,0.0154785275614155,0.0918034225643092,"FALSE","FALSE",8,"IncidentProstateCancer",FALSE,"overall",TRUE,6,NA,5,"18;29","Both",365,2000-01-01,2019-12-31,NA,NA,"CPRDGold"
1,"196",204899,226946021,NA,2000-01-01,2019-12-31,621344.342231348,NA,NA,NA,"FALSE","TRUE",8,"IncidentProstateCancer",FALSE,"overall",TRUE,26,NA,5,"90;150","Female",365,2000-01-01,2019-12-31,NA,NA,"CPRDGold"
1,"197",2931087,5250775455,392,2000-01-01,2019-12-31,14375839.7125257,2.72679723646648,2.46351072355546,3.01055862038868,"FALSE","FALSE",8,"IncidentProstateCancer",FALSE,"overall",TRUE,12,NA,5,"40;49","Both",365,2000-01-01,2019-12-31,NA,NA,"CPRDGold"
1,"198",284880,307915119,1339,2000-01-01,2019-12-31,843025.650924025,158.83265218945,150.438140685513,167.573651607301,"FALSE","FALSE",8,"IncidentProstateCancer",FALSE,"overall",TRUE,27,NA,5,"90;150","Both",365,2000-01-01,2019-12-31,NA,NA,"CPRDGold"
1,"199",557098,879811891,NA,2000-01-01,2019-12-31,2408793.67830253,NA,NA,NA,"FALSE","TRUE",8,"IncidentProstateCancer",FALSE,"overall",TRUE,23,NA,5,"80;89","Female",365,2000-01-01,2019-12-31,NA,NA,"CPRDGold"
1,"2",2034712,3775355625,19438,2000-01-01,2019-12-31,10336360.3696099,188.054588897172,185.420100226113,190.717146711442,"FALSE","FALSE",1,"IncidentBreastCancer",FALSE,"overall",TRUE,18,NA,5,"60;69","Both",365,2000-01-01,2019-12-31,NA,NA,"CPRDGold"
1,"20",1012411,1884324525,19326,2000-01-01,2019-12-31,5158999.38398357,374.607526800618,369.344454717585,379.926837465516,"FALSE","FALSE",1,"IncidentBreastCancer",FALSE,"overall",TRUE,17,NA,5,"60;69","Female",365,2000-01-01,2019-12-31,NA,NA,"CPRDGold"
1,"200",908440,1403815438,10776,2000-01-01,2019-12-31,3843437.2019165,280.374035892316,275.105049426785,285.718572791563,"FALSE","FALSE",8,"IncidentProstateCancer",FALSE,"overall",TRUE,24,NA,5,"80;89","Both",365,2000-01-01,2019-12-31,NA,NA,"CPRDGold"
1,"201",1414929,2579101328,NA,2000-01-01,2019-12-31,7061194.60095825,NA,NA,NA,"FALSE","TRUE",8,"IncidentProstateCancer",FALSE,"overall",TRUE,11,NA,5,"40;49","Female",365,2000-01-01,2019-12-31,NA,NA,"CPRDGold"
1,"202",1633969,2417214319,NA,2000-01-01,2019-12-31,6617972.12594114,NA,NA,NA,"FALSE","TRUE",8,"IncidentProstateCancer",FALSE,"overall",TRUE,8,NA,5,"30;39","Female",365,2000-01-01,2019-12-31,NA,NA,"CPRDGold"
1,"203",689557,1195509504,22112,2000-01-01,2019-12-31,3273126.63655031,675.562007075437,666.686689573955,684.525952066106,"FALSE","FALSE",8,"IncidentProstateCancer",FALSE,"overall",TRUE,19,NA,5,"70;79","Male",365,2000-01-01,2019-12-31,NA,NA,"CPRDGold"
1,"204",79981,80969098,1339,2000-01-01,2019-12-31,221681.308692676,604.020252269576,572.096999170207,637.261154569448,"FALSE","FALSE",8,"IncidentProstateCancer",FALSE,"overall",TRUE,25,NA,5,"90;150","Male",365,2000-01-01,2019-12-31,NA,NA,"CPRDGold"
1,"205",1659822,2632172948,6,2000-01-01,2019-12-31,7206496.77754962,0.0832582069375481,0.0305542945686232,0.181218065110399,"FALSE","FALSE",8,"IncidentProstateCancer",FALSE,"overall",TRUE,4,NA,5,"18;29","Male",365,2000-01-01,2019-12-31,NA,NA,"CPRDGold"
1,"206",1494203,2649468241,22112,2000-01-01,2019-12-31,7253848.70910335,304.83128180286,300.82650595394,308.876048697531,"FALSE","FALSE",8,"IncidentProstateCancer",FALSE,"overall",TRUE,21,NA,5,"70;79","Both",365,2000-01-01,2019-12-31,NA,NA,"CPRDGold"
1,"207",1272428,2342362367,NA,2000-01-01,2019-12-31,6413038.65023956,NA,NA,NA,"FALSE","TRUE",8,"IncidentProstateCancer",FALSE,"overall",TRUE,14,NA,5,"50;59","Female",365,2000-01-01,2019-12-31,NA,NA,"CPRDGold"
1,"208",10377172,28225724008,57616,2000-01-01,2019-12-31,77277820.6926762,74.5569679418514,73.9494083451732,75.1682781440336,"FALSE","FALSE",8,"IncidentProstateCancer",FALSE,"overall",TRUE,3,NA,5,"18;150","Both",365,2000-01-01,2019-12-31,NA,NA,"CPRDGold"
1,"209",1029303,1938705238,NA,2000-01-01,2019-12-31,5307885.66187543,NA,NA,NA,"FALSE","TRUE",8,"IncidentProstateCancer",FALSE,"overall",TRUE,17,NA,5,"60;69","Female",365,2000-01-01,2019-12-31,NA,NA,"CPRDGold"
1,"21",365437,553420521,81,2000-01-01,2019-12-31,1515182.80903491,5.34588958619408,4.24540798711394,6.64445264160924,"FALSE","FALSE",1,"IncidentBreastCancer",FALSE,"overall",TRUE,22,NA,5,"80;89","Male",365,2000-01-01,2019-12-31,NA,NA,"CPRDGold"
1,"210",351342,524003547,10776,2000-01-01,2019-12-31,1434643.52361396,751.127358303931,737.011643657965,765.445473994326,"FALSE","FALSE",8,"IncidentProstateCancer",FALSE,"overall",TRUE,22,NA,5,"80;89","Male",365,2000-01-01,2019-12-31,NA,NA,"CPRDGold"
1,"211",804646,1453958737,NA,2000-01-01,2019-12-31,3980722.07255305,NA,NA,NA,"FALSE","TRUE",8,"IncidentProstateCancer",FALSE,"overall",TRUE,20,NA,5,"70;79","Female",365,2000-01-01,2019-12-31,NA,NA,"CPRDGold"
1,"212",1318684,2389908214,5184,2000-01-01,2019-12-31,6543212.08487337,79.2271430721983,77.0849554585459,81.4137720092477,"FALSE","FALSE",8,"IncidentProstateCancer",FALSE,"overall",TRUE,13,NA,5,"50;59","Male",365,2000-01-01,2019-12-31,NA,NA,"CPRDGold"
1,"213",1516158,2671674127,392,2000-01-01,2019-12-31,7314645.11156742,5.35911167282865,4.84166145475956,5.91680218407697,"FALSE","FALSE",8,"IncidentProstateCancer",FALSE,"overall",TRUE,10,NA,5,"40;49","Male",365,2000-01-01,2019-12-31,NA,NA,"CPRDGold"
1,"214",3306774,4883236377,7,2000-01-01,2019-12-31,13369572.5585216,0.0523576948280093,0.0210505088266718,0.107876862170209,"FALSE","FALSE",8,"IncidentProstateCancer",FALSE,"overall",TRUE,9,NA,5,"30;39","Both",365,2000-01-01,2019-12-31,NA,NA,"CPRDGold"
1,"215",1672805,2466022058,7,2000-01-01,2019-12-31,6751600.43258042,0.103679121267617,0.0416843840156612,0.213618615404201,"FALSE","FALSE",8,"IncidentProstateCancer",FALSE,"overall",TRUE,7,NA,5,"30;39","Male",365,2000-01-01,2019-12-31,NA,NA,"CPRDGold"
1,"216",5046161,13823941875,57616,2000-01-01,2019-12-31,37847890.1437372,152.230414380269,150.98989921829,153.478587528427,"FALSE","FALSE",8,"IncidentProstateCancer",FALSE,"overall",TRUE,1,NA,5,"18;150","Male",365,2000-01-01,2019-12-31,NA,NA,"CPRDGold"
1,"217",1830305,2563679721,7,2000-01-01,2019-12-31,7018972.54209446,0.0997296963055394,0.0400965103459439,0.205481290533709,"FALSE","FALSE",9,"IncidentStomachCancer",FALSE,"overall",TRUE,5,NA,5,"18;29","Female",365,2000-01-01,2019-12-31,NA,NA,"CPRDGold"
1,"218",2051386,3829064490,1229,2000-01-01,2019-12-31,10483407.2279261,11.7232877945077,11.0769459827108,12.3975036094961,"FALSE","FALSE",9,"IncidentStomachCancer",FALSE,"overall",TRUE,18,NA,5,"60;69","Both",365,2000-01-01,2019-12-31,NA,NA,"CPRDGold"
1,"219",5330798,14399954938,2474,2000-01-01,2019-12-31,39424927.9616701,6.27521755373982,6.0303554846898,6.52747076349645,"FALSE","FALSE",9,"IncidentStomachCancer",FALSE,"overall",TRUE,2,NA,5,"18;150","Female",365,2000-01-01,2019-12-31,NA,NA,"CPRDGold"
1,"22",787263,1410138849,13234,2000-01-01,2019-12-31,3860749.75770021,342.783159504316,336.967607838742,348.673899005185,"FALSE","FALSE",1,"IncidentBreastCancer",FALSE,"overall",TRUE,20,NA,5,"70;79","Female",365,2000-01-01,2019-12-31,NA,NA,"CPRDGold"
1,"220",1022187,1890668664,853,2000-01-01,2019-12-31,5176368.6899384,16.478733473101,15.3912902698646,17.6227355107919,"FALSE","FALSE",9,"IncidentStomachCancer",FALSE,"overall",TRUE,16,NA,5,"60;69","Male",365,2000-01-01,2019-12-31,NA,NA,"CPRDGold"
1,"221",2591771,4737403282,546,2000-01-01,2019-12-31,12970303.3045859,4.20961628404597,3.86387730838249,4.57799145658203,"FALSE","FALSE",9,"IncidentStomachCancer",FALSE,"overall",TRUE,15,NA,5,"50;59","Both",365,2000-01-01,2019-12-31,NA,NA,"CPRDGold"
1,"222",3490126,5195852742,20,2000-01-01,2019-12-31,14225469.5195072,0.140592899043327,0.0858777952365762,0.217134329804143,"FALSE","FALSE",9,"IncidentStomachCancer",FALSE,"overall",TRUE,6,NA,5,"18;29","Both",365,2000-01-01,2019-12-31,NA,NA,"CPRDGold"
1,"223",204801,226833775,182,2000-01-01,2019-12-31,621037.029431896,29.3058209695624,25.2027082868776,33.8865435725901,"FALSE","FALSE",9,"IncidentStomachCancer",FALSE,"overall",TRUE,26,NA,5,"90;150","Female",365,2000-01-01,2019-12-31,NA,NA,"CPRDGold"
1,"224",2931091,5250955204,211,2000-01-01,2019-12-31,14376331.8384668,1.46769010600762,1.2763237341285,1.67965334308356,"FALSE","FALSE",9,"IncidentStomachCancer",FALSE,"overall",TRUE,12,NA,5,"40;49","Both",365,2000-01-01,2019-12-31,NA,NA,"CPRDGold"
1,"225",288352,311669812,329,2000-01-01,2019-12-31,853305.440109514,38.5559477925953,34.5018184491206,42.9555447087947,"FALSE","FALSE",9,"IncidentStomachCancer",FALSE,"overall",TRUE,27,NA,5,"90;150","Both",365,2000-01-01,2019-12-31,NA,NA,"CPRDGold"
1,"226",556869,879239284,809,2000-01-01,2019-12-31,2407225.96577687,33.6071482902486,31.3309184343872,36.0050362296669,"FALSE","FALSE",9,"IncidentStomachCancer",FALSE,"overall",TRUE,23,NA,5,"80;89","Female",365,2000-01-01,2019-12-31,NA,NA,"CPRDGold"
1,"227",922000,1432130325,1897,2000-01-01,2019-12-31,3920959.137577,48.3810193740573,46.2281198407809,50.6083071414596,"FALSE","FALSE",9,"IncidentStomachCancer",FALSE,"overall",TRUE,24,NA,5,"80;89","Both",365,2000-01-01,2019-12-31,NA,NA,"CPRDGold"
1,"228",1414913,2579034394,101,2000-01-01,2019-12-31,7061011.34565366,1.4303899973503,1.16507614512866,1.73805351242457,"FALSE","FALSE",9,"IncidentStomachCancer",FALSE,"overall",TRUE,11,NA,5,"40;49","Female",365,2000-01-01,2019-12-31,NA,NA,"CPRDGold"
1,"229",1633958,2417191368,32,2000-01-01,2019-12-31,6617909.28952772,0.483536394955387,0.330738536200858,0.682609115705246,"FALSE","FALSE",9,"IncidentStomachCancer",FALSE,"overall",TRUE,8,NA,5,"30;39","Female",365,2000-01-01,2019-12-31,NA,NA,"CPRDGold"
1,"23",1319411,2395286981,60,2000-01-01,2019-12-31,6557938.34633812,0.914921684701463,0.698181631664375,1.17768556713816,"FALSE","FALSE",1,"IncidentBreastCancer",FALSE,"overall",TRUE,13,NA,5,"50;59","Male",365,2000-01-01,2019-12-31,NA,NA,"CPRDGold"
1,"230",703676,1242039978,1592,2000-01-01,2019-12-31,3400520.13141684,46.8163674519018,44.5446297488134,49.173938461341,"FALSE","FALSE",9,"IncidentStomachCancer",FALSE,"overall",TRUE,19,NA,5,"70;79","Male",365,2000-01-01,2019-12-31,NA,NA,"CPRDGold"
1,"231",83551,84836037,147,2000-01-01,2019-12-31,232268.410677618,63.2888474033741,53.4715640252257,74.3865970274181,"FALSE","FALSE",9,"IncidentStomachCancer",FALSE,"overall",TRUE,25,NA,5,"90;150","Male",365,2000-01-01,2019-12-31,NA,NA,"CPRDGold"
1,"232",1659821,2632173021,13,2000-01-01,2019-12-31,7206496.97741273,0.180392776695054,0.0960515561541096,0.308477142054391,"FALSE","FALSE",9,"IncidentStomachCancer",FALSE,"overall",TRUE,4,NA,5,"18;29","Male",365,2000-01-01,2019-12-31,NA,NA,"CPRDGold"
1,"233",1508129,2695402376,2373,2000-01-01,2019-12-31,7379609.51676934,32.1561729602037,30.8752657645682,33.476572277811,"FALSE","FALSE",9,"IncidentStomachCancer",FALSE,"overall",TRUE,21,NA,5,"70;79","Both",365,2000-01-01,2019-12-31,NA,NA,"CPRDGold"
1,"234",1272384,2342218172,186,2000-01-01,2019-12-31,6412643.86584531,2.9005197215249,2.49864236601185,3.34863958383269,"FALSE","FALSE",9,"IncidentStomachCancer",FALSE,"overall",TRUE,14,NA,5,"50;59","Female",365,2000-01-01,2019-12-31,NA,NA,"CPRDGold"
1,"235",10384435,28335682236,6664,2000-01-01,2019-12-31,77578869.9137577,8.58996787064337,8.38495182576309,8.79873015445978,"FALSE","FALSE",9,"IncidentStomachCancer",FALSE,"overall",TRUE,3,NA,5,"18;150","Both",365,2000-01-01,2019-12-31,NA,NA,"CPRDGold"
1,"236",1029199,1938395826,376,2000-01-01,2019-12-31,5307038.53798768,7.08493065027886,6.38681481273473,7.83852866811277,"FALSE","FALSE",9,"IncidentStomachCancer",FALSE,"overall",TRUE,17,NA,5,"60;69","Female",365,2000-01-01,2019-12-31,NA,NA,"CPRDGold"
1,"237",365131,552891041,1088,2000-01-01,2019-12-31,1513733.17180014,71.8752829275814,67.667354693975,76.2763684762033,"FALSE","FALSE",9,"IncidentStomachCancer",FALSE,"overall",TRUE,22,NA,5,"80;89","Male",365,2000-01-01,2019-12-31,NA,NA,"CPRDGold"
1,"238",804453,1453362398,781,2000-01-01,2019-12-31,3979089.3853525,19.6276063280949,18.2750185814547,21.0538086750953,"FALSE","FALSE",9,"IncidentStomachCancer",FALSE,"overall",TRUE,20,NA,5,"70;79","Female",365,2000-01-01,2019-12-31,NA,NA,"CPRDGold"
1,"239",1319387,2395185110,360,2000-01-01,2019-12-31,6557659.43874059,5.48976358658141,4.93725425679939,6.08719068060904,"FALSE","FALSE",9,"IncidentStomachCancer",FALSE,"overall",TRUE,13,NA,5,"50;59","Male",365,2000-01-01,2019-12-31,NA,NA,"CPRDGold"
1,"24",1516185,2671931830,26,2000-01-01,2019-12-31,7315350.66392882,0.355417001787804,0.232170185625453,0.520768256140779,"FALSE","FALSE",1,"IncidentBreastCancer",FALSE,"overall",TRUE,10,NA,5,"40;49","Male",365,2000-01-01,2019-12-31,NA,NA,"CPRDGold"
1,"240",1516178,2671920810,110,2000-01-01,2019-12-31,7315320.49281314,1.50369351702456,1.23585319578568,1.8123573281181,"FALSE","FALSE",9,"IncidentStomachCancer",FALSE,"overall",TRUE,10,NA,5,"40;49","Male",365,2000-01-01,2019-12-31,NA,NA,"CPRDGold"
1,"241",3306759,4883204005,59,2000-01-01,2019-12-31,13369483.9288159,0.441303496186824,0.335940668075371,0.569249357475509,"FALSE","FALSE",9,"IncidentStomachCancer",FALSE,"overall",TRUE,9,NA,5,"30;39","Both",365,2000-01-01,2019-12-31,NA,NA,"CPRDGold"
1,"242",1672801,2466012637,27,2000-01-01,2019-12-31,6751574.63928816,0.39990670980491,0.263541041644187,0.581843266851655,"FALSE","FALSE",9,"IncidentStomachCancer",FALSE,"overall",TRUE,7,NA,5,"30;39","Male",365,2000-01-01,2019-12-31,NA,NA,"CPRDGold"
1,"243",5053637,13935727298,4190,2000-01-01,2019-12-31,38153941.9520876,10.9818272650875,10.6517982316378,11.3194817551086,"FALSE","FALSE",9,"IncidentStomachCancer",FALSE,"overall",TRUE,1,NA,5,"18;150","Male",365,2000-01-01,2019-12-31,NA,NA,"CPRDGold"
1,"25",3305997,4880272005,2529,2000-01-01,2019-12-31,13361456.550308,18.9275771730269,18.1970100797072,19.6799513029431,"FALSE","FALSE",1,"IncidentBreastCancer",FALSE,"overall",TRUE,9,NA,5,"30;39","Both",365,2000-01-01,2019-12-31,NA,NA,"CPRDGold"
1,"26",1672803,2466017866,8,2000-01-01,2019-12-31,6751588.95550992,0.1184906257285,0.0511558419730196,0.233473769272181,"FALSE","FALSE",1,"IncidentBreastCancer",FALSE,"overall",TRUE,7,NA,5,"30;39","Male",365,2000-01-01,2019-12-31,NA,NA,"CPRDGold"
1,"27",5053917,13937666341,452,2000-01-01,2019-12-31,38159250.7624914,1.18450962995398,1.07781382724002,1.29891020286172,"FALSE","FALSE",1,"IncidentBreastCancer",FALSE,"overall",TRUE,1,NA,5,"18;150","Male",365,2000-01-01,2019-12-31,NA,NA,"CPRDGold"
1,"28",1830297,2563627246,63,2000-01-01,2019-12-31,7018828.8733744,0.897585639094117,0.689729450152743,1.14840194484096,"FALSE","FALSE",2,"IncidentColorectalCancer",FALSE,"overall",TRUE,5,NA,5,"18;29","Female",365,2000-01-01,2019-12-31,NA,NA,"CPRDGold"
1,"29",2047002,3811712156,11883,2000-01-01,2019-12-31,10435899.1266256,113.86656631897,111.828358325422,115.932594476022,"FALSE","FALSE",2,"IncidentColorectalCancer",FALSE,"overall",TRUE,18,NA,5,"60;69","Both",365,2000-01-01,2019-12-31,NA,NA,"CPRDGold"
1,"3",5315700,14212027913,74540,2000-01-01,2019-12-31,38910411.8083504,191.568262929572,190.195463603952,192.948509859377,"FALSE","FALSE",1,"IncidentBreastCancer",FALSE,"overall",TRUE,2,NA,5,"18;150","Female",365,2000-01-01,2019-12-31,NA,NA,"CPRDGold"
1,"30",5328233,14366416374,21138,2000-01-01,2019-12-31,39333104.3778234,53.7409907871852,53.0189294689238,54.4704276732761,"FALSE","FALSE",2,"IncidentColorectalCancer",FALSE,"overall",TRUE,2,NA,5,"18;150","Female",365,2000-01-01,2019-12-31,NA,NA,"CPRDGold"
1,"31",1019664,1880517555,7106,2000-01-01,2019-12-31,5148576.46817249,138.018732826985,134.828140527402,141.265766199203,"FALSE","FALSE",2,"IncidentColorectalCancer",FALSE,"overall",TRUE,16,NA,5,"60;69","Male",365,2000-01-01,2019-12-31,NA,NA,"CPRDGold"
1,"32",2589980,4730238918,5606,2000-01-01,2019-12-31,12950688.3449692,43.2872743955552,42.1614702264098,44.4355281031338,"FALSE","FALSE",2,"IncidentColorectalCancer",FALSE,"overall",TRUE,15,NA,5,"50;59","Both",365,2000-01-01,2019-12-31,NA,NA,"CPRDGold"
1,"33",3490101,5195763753,115,2000-01-01,2019-12-31,14225225.8809035,0.808423015302559,0.667436110019914,0.97038939679862,"FALSE","FALSE",2,"IncidentColorectalCancer",FALSE,"overall",TRUE,6,NA,5,"18;29","Both",365,2000-01-01,2019-12-31,NA,NA,"CPRDGold"
1,"34",203295,224806971,1105,2000-01-01,2019-12-31,615487.942505133,179.53235533786,169.101613507646,190.438111989922,"FALSE","FALSE",2,"IncidentColorectalCancer",FALSE,"overall",TRUE,26,NA,5,"90;150","Female",365,2000-01-01,2019-12-31,NA,NA,"CPRDGold"
1,"35",2930628,5248930921,1735,2000-01-01,2019-12-31,14370789.6536619,12.0731013522134,11.5116305540147,12.6548755043244,"FALSE","FALSE",2,"IncidentColorectalCancer",FALSE,"overall",TRUE,12,NA,5,"40;49","Both",365,2000-01-01,2019-12-31,NA,NA,"CPRDGold"
1,"36",285703,308383758,1698,2000-01-01,2019-12-31,844308.714579055,201.111272533361,191.658266973528,210.909886920957,"FALSE","FALSE",2,"IncidentColorectalCancer",FALSE,"overall",TRUE,27,NA,5,"90;150","Both",365,2000-01-01,2019-12-31,NA,NA,"CPRDGold"
1,"37",553312,870243164,5299,2000-01-01,2019-12-31,2382595.93155373,222.404476135592,216.456150363452,228.474842833162,"FALSE","FALSE",2,"IncidentColorectalCancer",FALSE,"overall",TRUE,23,NA,5,"80;89","Female",365,2000-01-01,2019-12-31,NA,NA,"CPRDGold"
1,"38",914406,1413840145,10697,2000-01-01,2019-12-31,3870883.35386721,276.345191061186,271.132866125169,281.632531643785,"FALSE","FALSE",2,"IncidentColorectalCancer",FALSE,"overall",TRUE,24,NA,5,"80;89","Both",365,2000-01-01,2019-12-31,NA,NA,"CPRDGold"
1,"39",1414674,2577990125,839,2000-01-01,2019-12-31,7058152.29295003,11.8869636864881,11.0961289051179,12.7192819842798,"FALSE","FALSE",2,"IncidentColorectalCancer",FALSE,"overall",TRUE,11,NA,5,"40;49","Female",365,2000-01-01,2019-12-31,NA,NA,"CPRDGold"
1,"4",1022301,1891031100,112,2000-01-01,2019-12-31,5177360.98562628,2.1632642636073,1.78122510268429,2.60296903511806,"FALSE","FALSE",1,"IncidentBreastCancer",FALSE,"overall",TRUE,16,NA,5,"60;69","Male",365,2000-01-01,2019-12-31,NA,NA,"CPRDGold"
1,"40",1633892,2416952922,216,2000-01-01,2019-12-31,6617256.45995893,3.26419266514782,2.84336957276892,3.72975189562115,"FALSE","FALSE",2,"IncidentColorectalCancer",FALSE,"overall",TRUE,8,NA,5,"30;39","Female",365,2000-01-01,2019-12-31,NA,NA,"CPRDGold"
1,"41",699286,1228071907,8857,2000-01-01,2019-12-31,3362277.63723477,263.422624649291,257.964822999776,268.966817239695,"FALSE","FALSE",2,"IncidentColorectalCancer",FALSE,"overall",TRUE,19,NA,5,"70;79","Male",365,2000-01-01,2019-12-31,NA,NA,"CPRDGold"
1,"42",82408,83576787,593,2000-01-01,2019-12-31,228820.772073922,259.154793782633,238.713404539558,280.878544000501,"FALSE","FALSE",2,"IncidentColorectalCancer",FALSE,"overall",TRUE,25,NA,5,"90;150","Male",365,2000-01-01,2019-12-31,NA,NA,"CPRDGold"
1,"43",1659804,2632136507,52,2000-01-01,2019-12-31,7206397.00752909,0.721581116689401,0.538911291729919,0.946257632900717,"FALSE","FALSE",2,"IncidentColorectalCancer",FALSE,"overall",TRUE,4,NA,5,"18;29","Male",365,2000-01-01,2019-12-31,NA,NA,"CPRDGold"
1,"44",1500436,2670814334,15278,2000-01-01,2019-12-31,7312291.1266256,208.935882549446,205.635805319493,212.275649463772,"FALSE","FALSE",2,"IncidentColorectalCancer",FALSE,"overall",TRUE,21,NA,5,"70;79","Both",365,2000-01-01,2019-12-31,NA,NA,"CPRDGold"
1,"45",1271538,2338858918,2418,2000-01-01,2019-12-31,6403446.72963723,37.7609138030103,36.2706693803798,39.2966677386583,"FALSE","FALSE",2,"IncidentColorectalCancer",FALSE,"overall",TRUE,14,NA,5,"50;59","Female",365,2000-01-01,2019-12-31,NA,NA,"CPRDGold"
1,"46",10379006,28262410358,47453,2000-01-01,2019-12-31,77378262.4449008,61.3260087531562,60.7754601798002,61.8803036004595,"FALSE","FALSE",2,"IncidentColorectalCancer",FALSE,"overall",TRUE,3,NA,5,"18;150","Both",365,2000-01-01,2019-12-31,NA,NA,"CPRDGold"
1,"47",1027338,1931194601,4777,2000-01-01,2019-12-31,5287322.65845311,90.3481839218336,87.8040808167034,92.9472951266908,"FALSE","FALSE",2,"IncidentColorectalCancer",FALSE,"overall",TRUE,17,NA,5,"60;69","Female",365,2000-01-01,2019-12-31,NA,NA,"CPRDGold"
1,"48",361094,543596981,5398,2000-01-01,2019-12-31,1488287.42231348,362.698758255245,353.08695927277,372.505923975438,"FALSE","FALSE",2,"IncidentColorectalCancer",FALSE,"overall",TRUE,22,NA,5,"80;89","Male",365,2000-01-01,2019-12-31,NA,NA,"CPRDGold"
1,"49",801150,1442742427,6421,2000-01-01,2019-12-31,3950013.48939083,162.556406889391,158.604398484682,166.581997677936,"FALSE","FALSE",2,"IncidentColorectalCancer",FALSE,"overall",TRUE,20,NA,5,"70;79","Female",365,2000-01-01,2019-12-31,NA,NA,"CPRDGold"
1,"5",2580405,4695204490,18288,2000-01-01,2019-12-31,12854769.3086927,142.266263678752,140.211744914822,144.343354181706,"FALSE","FALSE",1,"IncidentBreastCancer",FALSE,"overall",TRUE,15,NA,5,"50;59","Both",365,2000-01-01,2019-12-31,NA,NA,"CPRDGold"
1,"50",1318442,2391380000,3188,2000-01-01,2019-12-31,6547241.61533196,48.6922613720948,47.0165320409465,50.4124616242687,"FALSE","FALSE",2,"IncidentColorectalCancer",FALSE,"overall",TRUE,13,NA,5,"50;59","Male",365,2000-01-01,2019-12-31,NA,NA,"CPRDGold"
1,"51",1515954,2670940796,896,2000-01-01,2019-12-31,7312637.36071184,12.2527612925794,11.4635072047043,13.0820404319386,"FALSE","FALSE",2,"IncidentColorectalCancer",FALSE,"overall",TRUE,10,NA,5,"40;49","Male",365,2000-01-01,2019-12-31,NA,NA,"CPRDGold"
1,"52",3306627,4882726373,441,2000-01-01,2019-12-31,13368176.2436687,3.29887930830401,2.99813476685586,3.62162120918819,"FALSE","FALSE",2,"IncidentColorectalCancer",FALSE,"overall",TRUE,9,NA,5,"30;39","Both",365,2000-01-01,2019-12-31,NA,NA,"CPRDGold"
1,"53",1672735,2465773451,225,2000-01-01,2019-12-31,6750919.78370979,3.33287918104038,2.91158612784762,3.79800309063416,"FALSE","FALSE",2,"IncidentColorectalCancer",FALSE,"overall",TRUE,7,NA,5,"30;39","Male",365,2000-01-01,2019-12-31,NA,NA,"CPRDGold"
1,"54",5050773,13895993984,26315,2000-01-01,2019-12-31,38045158.0670773,69.1678030450132,68.3345954060381,70.0086341028941,"FALSE","FALSE",2,"IncidentColorectalCancer",FALSE,"overall",TRUE,1,NA,5,"18;150","Male",365,2000-01-01,2019-12-31,NA,NA,"CPRDGold"
1,"55",1830306,2563675898,NA,2000-01-01,2019-12-31,7018962.0752909,NA,NA,NA,"FALSE","TRUE",3,"IncidentEsophagealCancer",FALSE,"overall",TRUE,5,NA,5,"18;29","Female",365,2000-01-01,2019-12-31,NA,NA,"CPRDGold"
1,"56",2050963,3827534094,3565,2000-01-01,2019-12-31,10479217.2320329,34.0197165595777,32.9120501150071,35.1551587423503,"FALSE","FALSE",3,"IncidentEsophagealCancer",FALSE,"overall",TRUE,18,NA,5,"60;69","Both",365,2000-01-01,2019-12-31,NA,NA,"CPRDGold"
1,"57",5330737,14399172389,4299,2000-01-01,2019-12-31,39422785.4592745,10.9048611099311,10.5812951143535,11.2358066448417,"FALSE","FALSE",3,"IncidentEsophagealCancer",FALSE,"overall",TRUE,2,NA,5,"18;150","Female",365,2000-01-01,2019-12-31,NA,NA,"CPRDGold"
1,"58",1021848,1889481213,2671,2000-01-01,2019-12-31,5173117.62628337,51.6323074973067,49.6925903066694,53.6283391934188,"FALSE","FALSE",3,"IncidentEsophagealCancer",FALSE,"overall",TRUE,16,NA,5,"60;69","Male",365,2000-01-01,2019-12-31,NA,NA,"CPRDGold"
1,"59",2591586,4736701783,1758,2000-01-01,2019-12-31,12968382.7049966,13.5560465787508,12.9296989648373,14.2048919783162,"FALSE","FALSE",3,"IncidentEsophagealCancer",FALSE,"overall",TRUE,15,NA,5,"50;59","Both",365,2000-01-01,2019-12-31,NA,NA,"CPRDGold"
1,"6",3490067,5195649876,257,2000-01-01,2019-12-31,14224914.1026694,1.80668929277943,1.5925368078772,2.04161425616593,"FALSE","FALSE",1,"IncidentBreastCancer",FALSE,"overall",TRUE,6,NA,5,"18;29","Both",365,2000-01-01,2019-12-31,NA,NA,"CPRDGold"
1,"60",3490124,5195853723,12,2000-01-01,2019-12-31,14225472.2053388,0.0843557234992622,0.0435878332839816,0.147352472702524,"FALSE","FALSE",3,"IncidentEsophagealCancer",FALSE,"overall",TRUE,6,NA,5,"18;29","Both",365,2000-01-01,2019-12-31,NA,NA,"CPRDGold"
1,"61",204811,226851280,300,2000-01-01,2019-12-31,621084.955509925,48.3025707415008,42.990781351924,54.0893999399415,"FALSE","FALSE",3,"IncidentEsophagealCancer",FALSE,"overall",TRUE,26,NA,5,"90;150","Female",365,2000-01-01,2019-12-31,NA,NA,"CPRDGold"
1,"62",2931069,5250841746,408,2000-01-01,2019-12-31,14376021.2073922,2.83805925237649,2.56932121808703,3.12726518370958,"FALSE","FALSE",3,"IncidentEsophagealCancer",FALSE,"overall",TRUE,12,NA,5,"40;49","Both",365,2000-01-01,2019-12-31,NA,NA,"CPRDGold"
1,"63",288373,311676556,520,2000-01-01,2019-12-31,853323.904175223,60.9381733543026,55.8123946010912,66.4081362631666,"FALSE","FALSE",3,"IncidentEsophagealCancer",FALSE,"overall",TRUE,27,NA,5,"90;150","Both",365,2000-01-01,2019-12-31,NA,NA,"CPRDGold"
1,"64",556793,879195275,1235,2000-01-01,2019-12-31,2407105.47570157,51.3064347394269,48.4845320164765,54.2497313054421,"FALSE","FALSE",3,"IncidentEsophagealCancer",FALSE,"overall",TRUE,23,NA,5,"80;89","Female",365,2000-01-01,2019-12-31,NA,NA,"CPRDGold"
1,"65",921832,1431967682,2848,2000-01-01,2019-12-31,3920513.84531143,72.6435388923812,69.999845303817,75.361524278342,"FALSE","FALSE",3,"IncidentEsophagealCancer",FALSE,"overall",TRUE,24,NA,5,"80;89","Both",365,2000-01-01,2019-12-31,NA,NA,"CPRDGold"
1,"66",1414914,2579032317,101,2000-01-01,2019-12-31,7061005.65913758,1.43039114930176,1.16507708341204,1.73805491215001,"FALSE","FALSE",3,"IncidentEsophagealCancer",FALSE,"overall",TRUE,11,NA,5,"40;49","Female",365,2000-01-01,2019-12-31,NA,NA,"CPRDGold"
1,"67",1633964,2417203802,16,2000-01-01,2019-12-31,6617943.33196441,0.241766953831723,0.138190703590188,0.392614386286206,"FALSE","FALSE",3,"IncidentEsophagealCancer",FALSE,"overall",TRUE,8,NA,5,"30;39","Female",365,2000-01-01,2019-12-31,NA,NA,"CPRDGold"
1,"68",703360,1241236640,2988,2000-01-01,2019-12-31,3398320.7118412,87.9257802122245,84.8011058985642,91.1361494148319,"FALSE","FALSE",3,"IncidentEsophagealCancer",FALSE,"overall",TRUE,19,NA,5,"70;79","Male",365,2000-01-01,2019-12-31,NA,NA,"CPRDGold"
1,"69",83562,84825276,220,2000-01-01,2019-12-31,232238.948665298,94.7300189155883,82.625013251228,108.109448554849,"FALSE","FALSE",3,"IncidentEsophagealCancer",FALSE,"overall",TRUE,25,NA,5,"90;150","Male",365,2000-01-01,2019-12-31,NA,NA,"CPRDGold"
1,"7",200849,221549894,2188,2000-01-01,2019-12-31,606570.551676934,360.716489442329,345.75885601415,376.154725263204,"FALSE","FALSE",1,"IncidentBreastCancer",FALSE,"overall",TRUE,26,NA,5,"90;150","Female",365,2000-01-01,2019-12-31,NA,NA,"CPRDGold"
1,"70",1659818,2632177825,8,2000-01-01,2019-12-31,7206510.13004791,0.111010736898067,0.047926556882888,0.218735406399665,"FALSE","FALSE",3,"IncidentEsophagealCancer",FALSE,"overall",TRUE,4,NA,5,"18;29","Male",365,2000-01-01,2019-12-31,NA,NA,"CPRDGold"
1,"71",1507713,2694334189,4288,2000-01-01,2019-12-31,7376684.98015058,58.1290920181394,56.4021074659133,59.8955148687627,"FALSE","FALSE",3,"IncidentEsophagealCancer",FALSE,"overall",TRUE,21,NA,5,"70;79","Both",365,2000-01-01,2019-12-31,NA,NA,"CPRDGold"
1,"72",1272360,2342063387,449,2000-01-01,2019-12-31,6412220.08761123,7.00225497355422,6.3694666602972,7.68089689281175,"FALSE","FALSE",3,"IncidentEsophagealCancer",FALSE,"overall",TRUE,14,NA,5,"50;59","Female",365,2000-01-01,2019-12-31,NA,NA,"CPRDGold"
1,"73",10384135,28332121951,13457,2000-01-01,2019-12-31,77569122.384668,17.3483979015081,17.0565090248811,17.6440289159538,"FALSE","FALSE",3,"IncidentEsophagealCancer",FALSE,"overall",TRUE,3,NA,5,"18;150","Both",365,2000-01-01,2019-12-31,NA,NA,"CPRDGold"
1,"74",1029115,1938052881,894,2000-01-01,2019-12-31,5306099.60574949,16.848534072585,15.7620529856177,17.9901766402314,"FALSE","FALSE",3,"IncidentEsophagealCancer",FALSE,"overall",TRUE,17,NA,5,"60;69","Female",365,2000-01-01,2019-12-31,NA,NA,"CPRDGold"
1,"75",365039,552772407,1613,2000-01-01,2019-12-31,1513408.36960986,106.580618449719,101.442215696229,111.91187196817,"FALSE","FALSE",3,"IncidentEsophagealCancer",FALSE,"overall",TRUE,22,NA,5,"80;89","Male",365,2000-01-01,2019-12-31,NA,NA,"CPRDGold"
1,"76",804353,1453097549,1300,2000-01-01,2019-12-31,3978364.26830938,32.6767463290243,30.9243769487692,34.5025473345426,"FALSE","FALSE",3,"IncidentEsophagealCancer",FALSE,"overall",TRUE,20,NA,5,"70;79","Female",365,2000-01-01,2019-12-31,NA,NA,"CPRDGold"
1,"77",1319226,2394638396,1309,2000-01-01,2019-12-31,6556162.61738535,19.9659477104617,18.8988623773971,21.0775908873209,"FALSE","FALSE",3,"IncidentEsophagealCancer",FALSE,"overall",TRUE,13,NA,5,"50;59","Male",365,2000-01-01,2019-12-31,NA,NA,"CPRDGold"
1,"78",1516155,2671809429,307,2000-01-01,2019-12-31,7315015.54825462,4.19684685527772,3.74046225531777,4.69355622814399,"FALSE","FALSE",3,"IncidentEsophagealCancer",FALSE,"overall",TRUE,10,NA,5,"40;49","Male",365,2000-01-01,2019-12-31,NA,NA,"CPRDGold"
1,"79",3306765,4883212178,58,2000-01-01,2019-12-31,13369506.3052704,0.43382304982448,0.329420029989351,0.560816892057843,"FALSE","FALSE",3,"IncidentEsophagealCancer",FALSE,"overall",TRUE,9,NA,5,"30;39","Both",365,2000-01-01,2019-12-31,NA,NA,"CPRDGold"
1,"8",2927321,5233886732,10136,2000-01-01,2019-12-31,14329600.9089665,70.7346985055083,69.3642777931811,72.1253851426114,"FALSE","FALSE",1,"IncidentBreastCancer",FALSE,"overall",TRUE,12,NA,5,"40;49","Both",365,2000-01-01,2019-12-31,NA,NA,"CPRDGold"
1,"80",1672801,2466008376,42,2000-01-01,2019-12-31,6751562.97330595,0.622078179023995,0.448339234221136,0.840868981048575,"FALSE","FALSE",3,"IncidentEsophagealCancer",FALSE,"overall",TRUE,7,NA,5,"30;39","Male",365,2000-01-01,2019-12-31,NA,NA,"CPRDGold"
1,"81",5053398,13932949562,9158,2000-01-01,2019-12-31,38146336.9253936,24.0075476130544,23.5183405011122,24.504368906282,"FALSE","FALSE",3,"IncidentEsophagealCancer",FALSE,"overall",TRUE,1,NA,5,"18;150","Male",365,2000-01-01,2019-12-31,NA,NA,"CPRDGold"
1,"82",1830276,2563587729,46,2000-01-01,2019-12-31,7018720.68172485,0.655390092952033,0.479827919305311,0.874198539775876,"FALSE","FALSE",4,"IncidentHeadNeckCancer",FALSE,"overall",TRUE,5,NA,5,"18;29","Female",365,2000-01-01,2019-12-31,NA,NA,"CPRDGold"
1,"83",2049802,3824034515,3252,2000-01-01,2019-12-31,10469635.9069131,31.0612520713611,30.0027685967811,32.1475440380758,"FALSE","FALSE",4,"IncidentHeadNeckCancer",FALSE,"overall",TRUE,18,NA,5,"60;69","Both",365,2000-01-01,2019-12-31,NA,NA,"CPRDGold"
1,"84",5330534,14395662423,3364,2000-01-01,2019-12-31,39413175.6960986,8.53521681667736,8.24920126036958,8.8286186360045,"FALSE","FALSE",4,"IncidentHeadNeckCancer",FALSE,"overall",TRUE,2,NA,5,"18;150","Female",365,2000-01-01,2019-12-31,NA,NA,"CPRDGold"
1,"85",1021036,1887022655,2365,2000-01-01,2019-12-31,5166386.46132786,45.7766761682042,43.9501602841902,47.6596028183966,"FALSE","FALSE",4,"IncidentHeadNeckCancer",FALSE,"overall",TRUE,16,NA,5,"60;69","Male",365,2000-01-01,2019-12-31,NA,NA,"CPRDGold"
1,"86",2590830,4733823037,2618,2000-01-01,2019-12-31,12960501.1279945,20.1998362111566,19.4334013073732,20.9887502265691,"FALSE","FALSE",4,"IncidentHeadNeckCancer",FALSE,"overall",TRUE,15,NA,5,"50;59","Both",365,2000-01-01,2019-12-31,NA,NA,"CPRDGold"
1,"87",3490068,5195678075,84,2000-01-01,2019-12-31,14224991.3073238,0.590510026932336,0.471013923961346,0.731091594525927,"FALSE","FALSE",4,"IncidentHeadNeckCancer",FALSE,"overall",TRUE,6,NA,5,"18;29","Both",365,2000-01-01,2019-12-31,NA,NA,"CPRDGold"
1,"88",204762,226759934,104,2000-01-01,2019-12-31,620834.863791923,16.7516365567473,13.687300966173,20.2974114928635,"FALSE","FALSE",4,"IncidentHeadNeckCancer",FALSE,"overall",TRUE,26,NA,5,"90;150","Female",365,2000-01-01,2019-12-31,NA,NA,"CPRDGold"
1,"89",2930846,5249750547,968,2000-01-01,2019-12-31,14373033.6673511,6.73483429040347,6.31719692046596,7.17282684632156,"FALSE","FALSE",4,"IncidentHeadNeckCancer",FALSE,"overall",TRUE,12,NA,5,"40;49","Both",365,2000-01-01,2019-12-31,NA,NA,"CPRDGold"
1,"9",284471,306450011,2203,2000-01-01,2019-12-31,839014.403832991,262.569985680307,251.718880827377,273.768536484622,"FALSE","FALSE",1,"IncidentBreastCancer",FALSE,"overall",TRUE,27,NA,5,"90;150","Both",365,2000-01-01,2019-12-31,NA,NA,"CPRDGold"
1,"90",288247,311518391,190,2000-01-01,2019-12-31,852890.872005476,22.2771759244224,19.2220391089571,25.6799098750025,"FALSE","FALSE",4,"IncidentHeadNeckCancer",FALSE,"overall",TRUE,27,NA,5,"90;150","Both",365,2000-01-01,2019-12-31,NA,NA,"CPRDGold"
1,"91",556727,878953151,473,2000-01-01,2019-12-31,2406442.57631759,19.6555697881559,17.923906268755,21.5093663769987,"FALSE","FALSE",4,"IncidentHeadNeckCancer",FALSE,"overall",TRUE,23,NA,5,"80;89","Female",365,2000-01-01,2019-12-31,NA,NA,"CPRDGold"
1,"92",921510,1431151230,1142,2000-01-01,2019-12-31,3918278.52156057,29.145452364248,27.4793675537441,30.8861408975414,"FALSE","FALSE",4,"IncidentHeadNeckCancer",FALSE,"overall",TRUE,24,NA,5,"80;89","Both",365,2000-01-01,2019-12-31,NA,NA,"CPRDGold"
1,"93",1414826,2578608952,310,2000-01-01,2019-12-31,7059846.54893908,4.39103028445548,3.91577868755387,4.90806036500171,"FALSE","FALSE",4,"IncidentHeadNeckCancer",FALSE,"overall",TRUE,11,NA,5,"40;49","Female",365,2000-01-01,2019-12-31,NA,NA,"CPRDGold"
1,"94",1633922,2417056459,105,2000-01-01,2019-12-31,6617539.92881588,1.58669235289055,1.29775714607052,1.9207878340914,"FALSE","FALSE",4,"IncidentHeadNeckCancer",FALSE,"overall",TRUE,8,NA,5,"30;39","Female",365,2000-01-01,2019-12-31,NA,NA,"CPRDGold"
1,"95",702727,1239814844,1684,2000-01-01,2019-12-31,3394428.04654346,49.610714291464,47.2692625398384,52.0381334982218,"FALSE","FALSE",4,"IncidentHeadNeckCancer",FALSE,"overall",TRUE,19,NA,5,"70;79","Male",365,2000-01-01,2019-12-31,NA,NA,"CPRDGold"
1,"96",83485,84758457,86,2000-01-01,2019-12-31,232056.008213552,37.0600186834454,29.6432312930533,45.7688215873328,"FALSE","FALSE",4,"IncidentHeadNeckCancer",FALSE,"overall",TRUE,25,NA,5,"90;150","Male",365,2000-01-01,2019-12-31,NA,NA,"CPRDGold"
1,"97",1659792,2632090346,38,2000-01-01,2019-12-31,7206270.6255989,0.527318525410526,0.37316197298601,0.723785875234526,"FALSE","FALSE",4,"IncidentHeadNeckCancer",FALSE,"overall",TRUE,4,NA,5,"18;29","Male",365,2000-01-01,2019-12-31,NA,NA,"CPRDGold"
1,"98",1506826,2692308847,2406,2000-01-01,2019-12-31,7371139.89596167,32.6408131436787,31.3494585821788,33.9717033375251,"FALSE","FALSE",4,"IncidentHeadNeckCancer",FALSE,"overall",TRUE,21,NA,5,"70;79","Both",365,2000-01-01,2019-12-31,NA,NA,"CPRDGold"
1,"99",1272115,2341190335,717,2000-01-01,2019-12-31,6409829.80150582,11.1859444353976,10.3820510998314,12.0355598239358,"FALSE","FALSE",4,"IncidentHeadNeckCancer",FALSE,"overall",TRUE,14,NA,5,"50;59","Female",365,2000-01-01,2019-12-31,NA,NA,"CPRDGold"
