"records","n.max","n.start","events","rmean","se(rmean)","median","0.95LCL","0.95UCL","Method","Cancer","Gender","Age","Stratification","GenderAge","Database","CalenderYearGp"
74992,74992,74992,17589,13.722096634461,0.0431878423938278,18.8993839835729,18.113620807666,NA,"Kaplan-Meier","IncidentBreastCancer","Both","All","None",NA,"CPRDGold","2000-2019"
47453,47453,47453,23134,8.37057405748778,0.053591358662505,5.16084873374401,5.00479123887748,5.31416837782341,"Kaplan-Meier","IncidentColorectalCancer","Both","All","None",NA,"CPRDGold","2000-2019"
13457,13457,13457,10576,2.75683154954865,0.0579867338742111,0.802190280629706,0.780287474332649,0.826830937713895,"Kaplan-Meier","IncidentEsophagealCancer","Both","All","None",NA,"CPRDGold","2000-2019"
10882,10882,10882,4859,8.87861059801602,0.109674197914378,6.76249144421629,6.40930869267625,7.20054757015743,"Kaplan-Meier","IncidentHeadNeckCancer","Both","All","None",NA,"CPRDGold","2000-2019"
3348,3348,3348,2612,2.35922741454924,0.103603379787662,0.632443531827515,0.596851471594798,0.687200547570157,"Kaplan-Meier","IncidentLiverCancer","Both","All","None",NA,"CPRDGold","2000-2019"
39385,39385,39385,31979,2.07537371738354,0.0296135825005331,0.596851471594798,0.583162217659138,0.607802874743327,"Kaplan-Meier","IncidentLungCancer","Both","All","None",NA,"CPRDGold","2000-2019"
8875,8875,8875,7668,1.28649995989024,0.0411836418389481,0.353182751540041,0.342231348391513,0.369609856262834,"Kaplan-Meier","IncidentPancreaticCancer","Both","All","None",NA,"CPRDGold","2000-2019"
57616,57616,57616,18406,10.8990259058333,0.0558692704989375,10.715947980835,10.5297741273101,10.8747433264887,"Kaplan-Meier","IncidentProstateCancer","Both","All","None",NA,"CPRDGold","2000-2019"
6664,6664,6664,5299,2.92810726277378,0.0841553413134941,0.728268309377139,0.695414099931554,0.763860369609856,"Kaplan-Meier","IncidentStomachCancer","Both","All","None",NA,"CPRDGold","2000-2019"
452,452,452,151,11.2780867558779,0.519507470395996,10.2943189596167,8.56673511293634,11.8220396988364,"Kaplan-Meier","IncidentBreastCancer","Male","All","Gender",NA,"CPRDGold","2000-2019"
74540,74540,74540,17438,13.7367424207347,0.0433212124923983,18.8993839835729,18.113620807666,NA,"Kaplan-Meier","IncidentBreastCancer","Female","All","Gender",NA,"CPRDGold","2000-2019"
26315,26315,26315,13084,8.17007994227708,0.0697356609125209,4.90896646132786,4.71731690622861,5.08966461327858,"Kaplan-Meier","IncidentColorectalCancer","Male","All","Gender",NA,"CPRDGold","2000-2019"
21138,21138,21138,10050,8.61640114229361,0.0843849214824774,5.58247775496235,5.28952772073922,5.88090349075975,"Kaplan-Meier","IncidentColorectalCancer","Female","All","Gender",NA,"CPRDGold","2000-2019"
9158,9158,9158,7247,2.68039803982164,0.067368701340241,0.835044490075291,0.80766598220397,0.865160848733744,"Kaplan-Meier","IncidentEsophagealCancer","Male","All","Gender",NA,"CPRDGold","2000-2019"
4299,4299,4299,3329,2.94818069926675,0.108694333833552,0.728268309377139,0.695414099931554,0.772073921971253,"Kaplan-Meier","IncidentEsophagealCancer","Female","All","Gender",NA,"CPRDGold","2000-2019"
7518,7518,7518,3426,8.60402288258795,0.13250744855431,6.46954140999316,6.09993155373032,6.95414099931554,"Kaplan-Meier","IncidentHeadNeckCancer","Male","All","Gender",NA,"CPRDGold","2000-2019"
3364,3364,3364,1433,9.43702714684493,0.196705512440951,7.60027378507871,6.75701574264203,8.44900752908966,"Kaplan-Meier","IncidentHeadNeckCancer","Female","All","Gender",NA,"CPRDGold","2000-2019"
2359,2359,2359,1843,2.34682732767546,0.1256019476477,0.673511293634497,0.613278576317591,0.741957563312799,"Kaplan-Meier","IncidentLiverCancer","Male","All","Gender",NA,"CPRDGold","2000-2019"
989,989,989,769,2.35622513533227,0.186238502856232,0.577686516084873,0.511978097193703,0.648870636550308,"Kaplan-Meier","IncidentLiverCancer","Female","All","Gender",NA,"CPRDGold","2000-2019"
21431,21431,21431,17861,1.79354279905884,0.0378586439337636,0.544832306639288,0.531143052703628,0.558521560574949,"Kaplan-Meier","IncidentLungCancer","Male","All","Gender",NA,"CPRDGold","2000-2019"
17954,17954,17954,14118,2.40338380662946,0.0483593461333108,0.673511293634497,0.654346338124572,0.692676249144422,"Kaplan-Meier","IncidentLungCancer","Female","All","Gender",NA,"CPRDGold","2000-2019"
4399,4399,4399,3826,1.29420373191544,0.0582445555400133,0.364134154688569,0.342231348391513,0.383299110198494,"Kaplan-Meier","IncidentPancreaticCancer","Male","All","Gender",NA,"CPRDGold","2000-2019"
4476,4476,4476,3842,1.28051227325112,0.0581303286870701,0.344969199178645,0.32580424366872,0.369609856262834,"Kaplan-Meier","IncidentPancreaticCancer","Female","All","Gender",NA,"CPRDGold","2000-2019"
4190,4190,4190,3370,2.83498540668711,0.101073494887792,0.752908966461328,0.711841204654346,0.796714579055442,"Kaplan-Meier","IncidentStomachCancer","Male","All","Gender",NA,"CPRDGold","2000-2019"
2474,2474,2474,1929,3.07813471764829,0.148004013047615,0.68993839835729,0.621492128678987,0.739219712525667,"Kaplan-Meier","IncidentStomachCancer","Female","All","Gender",NA,"CPRDGold","2000-2019"
257,257,257,39,15.6547639973334,0.631949982128222,NA,NA,NA,"Kaplan-Meier","IncidentBreastCancer","Both",NA,"Age",NA,"CPRDGold","2000-2019"
2529,2529,2529,466,15.0368613089206,0.208544630560898,NA,NA,NA,"Kaplan-Meier","IncidentBreastCancer","Both",NA,"Age",NA,"CPRDGold","2000-2019"
10136,10136,10136,1410,16.243698692146,0.0987876528687643,NA,NA,NA,"Kaplan-Meier","IncidentBreastCancer","Both",NA,"Age",NA,"CPRDGold","2000-2019"
18288,18288,18288,2348,16.4760692170324,0.0724314062706911,NA,NA,NA,"Kaplan-Meier","IncidentBreastCancer","Both",NA,"Age",NA,"CPRDGold","2000-2019"
19438,19438,19438,3333,15.0198973727922,0.0869036269570579,NA,18.4175222450376,NA,"Kaplan-Meier","IncidentBreastCancer","Both",NA,"Age",NA,"CPRDGold","2000-2019"
13379,13379,13379,4239,11.102233137835,0.114018507234088,11.1567419575633,10.7241615331964,11.4962354551677,"Kaplan-Meier","IncidentBreastCancer","Both",NA,"Age",NA,"CPRDGold","2000-2019"
8762,8762,8762,4365,6.28464613028059,0.102263415787306,4.94182067077344,4.71457905544148,5.1006160164271,"Kaplan-Meier","IncidentBreastCancer","Both",NA,"Age",NA,"CPRDGold","2000-2019"
2203,2203,2203,1389,3.21870771266598,0.118677745701777,2.20396988364134,2.05065023956194,2.40109514031485,"Kaplan-Meier","IncidentBreastCancer","Both",NA,"Age",NA,"CPRDGold","2000-2019"
115,115,115,27,14.4883598011957,0.911524844590418,NA,NA,NA,"Kaplan-Meier","IncidentColorectalCancer","Both",NA,"Age",NA,"CPRDGold","2000-2019"
441,441,441,131,12.9151463282675,0.507354794388806,NA,NA,NA,"Kaplan-Meier","IncidentColorectalCancer","Both",NA,"Age",NA,"CPRDGold","2000-2019"
1735,1735,1735,579,12.2643686185158,0.25943941930373,NA,15.0554414784394,NA,"Kaplan-Meier","IncidentColorectalCancer","Both",NA,"Age",NA,"CPRDGold","2000-2019"
5606,5606,5606,1974,11.7374681080569,0.14882708002606,14.2614647501711,12.6981519507187,NA,"Kaplan-Meier","IncidentColorectalCancer","Both",NA,"Age",NA,"CPRDGold","2000-2019"
11883,11883,11883,4697,10.5932774978387,0.113066759055516,9.94387405886379,9.492128678987,10.9486652977413,"Kaplan-Meier","IncidentColorectalCancer","Both",NA,"Age",NA,"CPRDGold","2000-2019"
15278,15278,15278,7741,7.72595443767105,0.0895662099624157,5.36618754277892,5.13894592744695,5.64544832306639,"Kaplan-Meier","IncidentColorectalCancer","Both",NA,"Age",NA,"CPRDGold","2000-2019"
10697,10697,10697,6734,4.52772635517199,0.0702367055951656,2.34360027378508,2.24503764544832,2.46954140999316,"Kaplan-Meier","IncidentColorectalCancer","Both",NA,"Age",NA,"CPRDGold","2000-2019"
1698,1698,1698,1251,2.14755429569169,0.0941566939283772,0.881587953456537,0.766598220396988,0.971937029431896,"Kaplan-Meier","IncidentColorectalCancer","Both",NA,"Age",NA,"CPRDGold","2000-2019"
12,12,12,5,9.26291581108829,3.03225996627947,4.33675564681725,1.04859685147159,NA,"Kaplan-Meier","IncidentEsophagealCancer","Both",NA,"Age",NA,"CPRDGold","2000-2019"
58,58,58,41,4.85492843454843,1.03798084675874,1.27857631759069,1.03490759753593,1.9356605065024,"Kaplan-Meier","IncidentEsophagealCancer","Both",NA,"Age",NA,"CPRDGold","2000-2019"
408,408,408,293,4.61128737948989,0.399985630700734,1.09240246406571,0.97741273100616,1.35523613963039,"Kaplan-Meier","IncidentEsophagealCancer","Both",NA,"Age",NA,"CPRDGold","2000-2019"
1758,1758,1758,1289,4.06509363590096,0.185155720993347,1.11430527036277,1.05407255304586,1.19096509240246,"Kaplan-Meier","IncidentEsophagealCancer","Both",NA,"Age",NA,"CPRDGold","2000-2019"
3565,3565,3565,2676,3.48981838278676,0.128026124513239,1.04312114989733,0.993839835728953,1.09240246406571,"Kaplan-Meier","IncidentEsophagealCancer","Both",NA,"Age",NA,"CPRDGold","2000-2019"
4288,4288,4288,3395,2.50454675451263,0.0948294224725574,0.783025325119781,0.739219712525667,0.824093086926763,"Kaplan-Meier","IncidentEsophagealCancer","Both",NA,"Age",NA,"CPRDGold","2000-2019"
2848,2848,2848,2433,1.18605711696793,0.0546579860544575,0.511978097193703,0.484599589322382,0.542094455852156,"Kaplan-Meier","IncidentEsophagealCancer","Both",NA,"Age",NA,"CPRDGold","2000-2019"
520,520,520,444,0.671706386708297,0.0455698341880054,0.361396303901437,0.328542094455852,0.435318275154004,"Kaplan-Meier","IncidentEsophagealCancer","Both",NA,"Age",NA,"CPRDGold","2000-2019"
84,84,84,10,16.6314000293889,0.95199206010209,NA,NA,NA,"Kaplan-Meier","IncidentHeadNeckCancer","Both",NA,"Age",NA,"CPRDGold","2000-2019"
222,222,222,40,15.3565446255667,0.630106195795116,NA,NA,NA,"Kaplan-Meier","IncidentHeadNeckCancer","Both",NA,"Age",NA,"CPRDGold","2000-2019"
968,968,968,289,12.3855502846373,0.373865003180223,15.7399041752225,13.5523613963039,NA,"Kaplan-Meier","IncidentHeadNeckCancer","Both",NA,"Age",NA,"CPRDGold","2000-2019"
2618,2618,2618,896,11.3122073914775,0.227394469370005,11.3757700205339,10.5763175906913,14.6009582477755,"Kaplan-Meier","IncidentHeadNeckCancer","Both",NA,"Age",NA,"CPRDGold","2000-2019"
3252,3252,3252,1420,8.94372304267164,0.20255181307664,7.49075975359343,6.6694045174538,8.28473648186174,"Kaplan-Meier","IncidentHeadNeckCancer","Both",NA,"Age",NA,"CPRDGold","2000-2019"
2406,2406,2406,1305,6.38339152597545,0.192173436592329,4.46817248459959,4.03011635865845,5.06776180698152,"Kaplan-Meier","IncidentHeadNeckCancer","Both",NA,"Age",NA,"CPRDGold","2000-2019"
1142,1142,1142,751,4.23737248660687,0.206723516147908,2.06981519507187,1.86447638603696,2.49144421629021,"Kaplan-Meier","IncidentHeadNeckCancer","Both",NA,"Age",NA,"CPRDGold","2000-2019"
190,190,190,148,2.01234400579567,0.188310246090043,0.993839835728953,0.769336071184121,1.54688569472964,"Kaplan-Meier","IncidentHeadNeckCancer","Both",NA,"Age",NA,"CPRDGold","2000-2019"
12,12,12,10,3.26990645676477,1.88333341686214,0.286105407255305,0.147843942505133,NA,"Kaplan-Meier","IncidentLiverCancer","Both",NA,"Age",NA,"CPRDGold","2000-2019"
24,24,24,12,7.59783295419468,1.97558843843396,1.84531143052704,0.317590691307324,NA,"Kaplan-Meier","IncidentLiverCancer","Both",NA,"Age",NA,"CPRDGold","2000-2019"
121,121,121,78,5.72540808200376,0.764573951870717,1.16632443531828,0.709103353867214,1.94113620807666,"Kaplan-Meier","IncidentLiverCancer","Both",NA,"Age",NA,"CPRDGold","2000-2019"
478,478,478,347,3.25129291642226,0.327695308001426,0.887063655030801,0.728268309377139,1.06776180698152,"Kaplan-Meier","IncidentLiverCancer","Both",NA,"Age",NA,"CPRDGold","2000-2019"
896,896,896,671,2.85162704068077,0.223712779210884,0.862422997946612,0.766598220396988,0.996577686516085,"Kaplan-Meier","IncidentLiverCancer","Both",NA,"Age",NA,"CPRDGold","2000-2019"
1093,1093,1093,890,1.8067893791561,0.134210697990306,0.588637919233402,0.514715947980835,0.670773442847365,"Kaplan-Meier","IncidentLiverCancer","Both",NA,"Age",NA,"CPRDGold","2000-2019"
667,667,667,559,0.961072141699051,0.0645274026727816,0.344969199178645,0.287474332648871,0.432580424366872,"Kaplan-Meier","IncidentLiverCancer","Both",NA,"Age",NA,"CPRDGold","2000-2019"
57,57,57,45,0.801446890165584,0.17657500102254,0.224503764544832,0.158795345653662,0.566735112936345,"Kaplan-Meier","IncidentLiverCancer","Both",NA,"Age",NA,"CPRDGold","2000-2019"
21,21,21,5,14.0095812241603,2.09785182861768,NA,NA,NA,"Kaplan-Meier","IncidentLungCancer","Both",NA,"Age",NA,"CPRDGold","2000-2019"
107,107,107,73,5.49994437019068,0.861871783562469,0.966461327857632,0.717316906228611,1.97672826830938,"Kaplan-Meier","IncidentLungCancer","Both",NA,"Age",NA,"CPRDGold","2000-2019"
915,915,915,694,3.45438029504867,0.249961158448395,0.783025325119781,0.722792607802875,0.922655715263518,"Kaplan-Meier","IncidentLungCancer","Both",NA,"Age",NA,"CPRDGold","2000-2019"
4091,4091,4091,3181,2.87718953960539,0.107612284737555,0.752908966461328,0.711841204654346,0.796714579055442,"Kaplan-Meier","IncidentLungCancer","Both",NA,"Age",NA,"CPRDGold","2000-2019"
10619,10619,10619,8470,2.52496105860096,0.061599179105109,0.736481861738535,0.709103353867214,0.761122518822724,"Kaplan-Meier","IncidentLungCancer","Both",NA,"Age",NA,"CPRDGold","2000-2019"
14354,14354,14354,11743,1.88345162944536,0.0462202905496315,0.583162217659138,0.566735112936345,0.605065023956194,"Kaplan-Meier","IncidentLungCancer","Both",NA,"Age",NA,"CPRDGold","2000-2019"
8242,8242,8242,6941,1.14544593083763,0.0279480226704272,0.405201916495551,0.388774811772758,0.427104722792608,"Kaplan-Meier","IncidentLungCancer","Both",NA,"Age",NA,"CPRDGold","2000-2019"
1036,1036,1036,872,0.705539569629411,0.0430552618277061,0.284736481861739,0.238193018480493,0.334017796030116,"Kaplan-Meier","IncidentLungCancer","Both",NA,"Age",NA,"CPRDGold","2000-2019"
4,4,4,1,13.1143052703628,3.77945104348363,NA,0.0219028062970568,NA,"Kaplan-Meier","IncidentPancreaticCancer","Both",NA,"Age",NA,"CPRDGold","2000-2019"
33,33,33,21,6.4619429912243,1.43794722442608,1.07323750855578,0.347707049965777,NA,"Kaplan-Meier","IncidentPancreaticCancer","Both",NA,"Age",NA,"CPRDGold","2000-2019"
276,276,276,212,3.05157094708313,0.379389003659347,0.774811772758385,0.678986995208761,0.993839835728953,"Kaplan-Meier","IncidentPancreaticCancer","Both",NA,"Age",NA,"CPRDGold","2000-2019"
1009,1009,1009,840,1.90524243368077,0.14687780589206,0.574948665297741,0.517453798767967,0.643394934976044,"Kaplan-Meier","IncidentPancreaticCancer","Both",NA,"Age",NA,"CPRDGold","2000-2019"
2232,2232,2232,1912,1.49335780583489,0.0886661858099627,0.468172484599589,0.438056125941136,0.49555099247091,"Kaplan-Meier","IncidentPancreaticCancer","Both",NA,"Age",NA,"CPRDGold","2000-2019"
2898,2898,2898,2533,1.09349844759747,0.0558528325785975,0.347707049965777,0.32580424366872,0.372347707049966,"Kaplan-Meier","IncidentPancreaticCancer","Both",NA,"Age",NA,"CPRDGold","2000-2019"
2046,2046,2046,1816,0.814383037955855,0.0671974464450348,0.219028062970568,0.199863107460643,0.235455167693361,"Kaplan-Meier","IncidentPancreaticCancer","Both",NA,"Age",NA,"CPRDGold","2000-2019"
377,377,377,333,0.544215372322147,0.130982725919737,0.15605749486653,0.125941136208077,0.191649555099247,"Kaplan-Meier","IncidentPancreaticCancer","Both",NA,"Age",NA,"CPRDGold","2000-2019"
6,6,6,1,16.4183436002738,3.17169636627814,NA,NA,NA,"Kaplan-Meier","IncidentProstateCancer","Both",NA,"Age",NA,"CPRDGold","2000-2019"
7,7,7,0,19.9644079397673,0,NA,NA,NA,"Kaplan-Meier","IncidentProstateCancer","Both",NA,"Age",NA,"CPRDGold","2000-2019"
392,392,392,40,17.10502832265,0.478826010735335,NA,NA,NA,"Kaplan-Meier","IncidentProstateCancer","Both",NA,"Age",NA,"CPRDGold","2000-2019"
5184,5184,5184,601,16.4271037851427,0.155895207334069,NA,NA,NA,"Kaplan-Meier","IncidentProstateCancer","Both",NA,"Age",NA,"CPRDGold","2000-2019"
17800,17800,17800,3374,13.970918222822,0.104819177347969,16.4517453798768,16.062970568104,17.4127310061602,"Kaplan-Meier","IncidentProstateCancer","Both",NA,"Age",NA,"CPRDGold","2000-2019"
22112,22112,22112,7556,9.93475781221786,0.0830886931158427,9.58247775496235,9.37440109514031,9.84531143052704,"Kaplan-Meier","IncidentProstateCancer","Both",NA,"Age",NA,"CPRDGold","2000-2019"
10776,10776,10776,5925,5.47112482331793,0.0759225664447978,4.27652292950034,4.18069815195072,4.38603696098563,"Kaplan-Meier","IncidentProstateCancer","Both",NA,"Age",NA,"CPRDGold","2000-2019"
1339,1339,1339,909,2.68676859135039,0.082816603977062,1.90554414784394,1.73305954825462,2.13278576317591,"Kaplan-Meier","IncidentProstateCancer","Both",NA,"Age",NA,"CPRDGold","2000-2019"
20,20,20,13,3.51826354258336,0.918780163606386,1.53867214236824,0.793976728268309,NA,"Kaplan-Meier","IncidentStomachCancer","Both",NA,"Age",NA,"CPRDGold","2000-2019"
59,59,59,39,4.52822833205782,1.1064359803763,0.971937029431896,0.744695414099932,2.91581108829569,"Kaplan-Meier","IncidentStomachCancer","Both",NA,"Age",NA,"CPRDGold","2000-2019"
211,211,211,150,4.84253577672492,0.617185691827744,0.91170431211499,0.722792607802875,1.06502395619439,"Kaplan-Meier","IncidentStomachCancer","Both",NA,"Age",NA,"CPRDGold","2000-2019"
546,546,546,386,4.64387251543478,0.364912938778695,1.01848049281314,0.848733744010951,1.21834360027379,"Kaplan-Meier","IncidentStomachCancer","Both",NA,"Age",NA,"CPRDGold","2000-2019"
1229,1229,1229,953,3.75800631728672,0.209913820393763,0.92539356605065,0.835044490075291,1.03490759753593,"Kaplan-Meier","IncidentStomachCancer","Both",NA,"Age",NA,"CPRDGold","2000-2019"
2373,2373,2373,1903,2.96866639233814,0.145055872774857,0.774811772758385,0.717316906228611,0.854209445585216,"Kaplan-Meier","IncidentStomachCancer","Both",NA,"Age",NA,"CPRDGold","2000-2019"
1897,1897,1897,1579,1.59198723025092,0.0760006327045542,0.563997262149213,0.517453798767967,0.613278576317591,"Kaplan-Meier","IncidentStomachCancer","Both",NA,"Age",NA,"CPRDGold","2000-2019"
329,329,329,276,1.24385656023436,0.263897664880453,0.344969199178645,0.268309377138946,0.473648186173854,"Kaplan-Meier","IncidentStomachCancer","Both",NA,"Age",NA,"CPRDGold","2000-2019"
252,252,252,38,15.7041102011249,0.634578389719863,NA,NA,NA,"Kaplan-Meier","IncidentBreastCancer","Female","18-29","Age*Gender","Female_18-29","CPRDGold","2000-2019"
2521,2521,2521,466,15.0147992022564,0.209287734647169,NA,NA,NA,"Kaplan-Meier","IncidentBreastCancer","Female","30-39","Age*Gender","Female_30-39","CPRDGold","2000-2019"
10110,10110,10110,1407,16.2427482125062,0.0990393217099327,NA,NA,NA,"Kaplan-Meier","IncidentBreastCancer","Female","40-49","Age*Gender","Female_40-49","CPRDGold","2000-2019"
18228,18228,18228,2335,16.4821443326943,0.072549329254533,NA,NA,NA,"Kaplan-Meier","IncidentBreastCancer","Female","50-59","Age*Gender","Female_50-59","CPRDGold","2000-2019"
19326,19326,19326,3299,15.0328941495531,0.0871606734520221,NA,18.4175222450376,NA,"Kaplan-Meier","IncidentBreastCancer","Female","60-69","Age*Gender","Female_60-69","CPRDGold","2000-2019"
13234,13234,13234,4190,11.1146207943682,0.114557525705469,11.211498973306,10.7652292950034,11.5154004106776,"Kaplan-Meier","IncidentBreastCancer","Female","70-79","Age*Gender","Female_70-79","CPRDGold","2000-2019"
8681,8681,8681,4322,6.29067155611595,0.102956632168864,4.94182067077344,4.71457905544148,5.1006160164271,"Kaplan-Meier","IncidentBreastCancer","Female","80-89","Age*Gender","Female_80-89","CPRDGold","2000-2019"
2188,2188,2188,1381,3.20531703628898,0.116190303049398,2.20396988364134,2.05065023956194,2.40109514031485,"Kaplan-Meier","IncidentBreastCancer","Female",">=90","Age*Gender","Female_>=90","CPRDGold","2000-2019"
5,5,5,1,12.6036960985626,5.22804069156543,5.21013004791239,5.21013004791239,NA,"Kaplan-Meier","IncidentBreastCancer","Male","18-29","Age*Gender","Male_18-29","CPRDGold","2000-2019"
8,8,8,0,19.9972621492129,0,NA,NA,NA,"Kaplan-Meier","IncidentBreastCancer","Male","30-39","Age*Gender","Male_30-39","CPRDGold","2000-2019"
26,26,26,3,16.801900700258,1.72380207805891,NA,11.4223134839151,NA,"Kaplan-Meier","IncidentBreastCancer","Male","40-49","Age*Gender","Male_40-49","CPRDGold","2000-2019"
60,60,60,13,14.4137502436121,1.32490880995432,NA,11.1759069130732,NA,"Kaplan-Meier","IncidentBreastCancer","Male","50-59","Age*Gender","Male_50-59","CPRDGold","2000-2019"
112,112,112,34,12.871123363647,0.981534974679551,NA,10.5242984257358,NA,"Kaplan-Meier","IncidentBreastCancer","Male","60-69","Age*Gender","Male_60-69","CPRDGold","2000-2019"
145,145,145,49,10.1679860912125,0.90895276116193,8.62422997946612,7.564681724846,11.8220396988364,"Kaplan-Meier","IncidentBreastCancer","Male","70-79","Age*Gender","Male_70-79","CPRDGold","2000-2019"
81,81,81,43,6.00053504177378,0.793595436878462,4.49555099247091,3.47433264887064,9.56605065023956,"Kaplan-Meier","IncidentBreastCancer","Male","80-89","Age*Gender","Male_80-89","CPRDGold","2000-2019"
15,15,15,8,4.88508693565162,2.11608504581648,2.63107460643395,1.74401095140315,NA,"Kaplan-Meier","IncidentBreastCancer","Male",">=90","Age*Gender","Male_>=90","CPRDGold","2000-2019"
63,63,63,12,14.9831558563174,1.2651741648446,NA,NA,NA,"Kaplan-Meier","IncidentColorectalCancer","Female","18-29","Age*Gender","Female_18-29","CPRDGold","2000-2019"
216,216,216,65,13.1206136757414,0.710043746986089,NA,NA,NA,"Kaplan-Meier","IncidentColorectalCancer","Female","30-39","Age*Gender","Female_30-39","CPRDGold","2000-2019"
839,839,839,264,12.7566375580145,0.366130265707617,NA,NA,NA,"Kaplan-Meier","IncidentColorectalCancer","Female","40-49","Age*Gender","Female_40-49","CPRDGold","2000-2019"
2418,2418,2418,818,12.070665656295,0.23005038408846,17.7850787132101,14.2614647501711,NA,"Kaplan-Meier","IncidentColorectalCancer","Female","50-59","Age*Gender","Female_50-59","CPRDGold","2000-2019"
4777,4777,4777,1806,10.9389747406094,0.188467059918232,12.1341546885695,10.8336755646817,13.3196440793977,"Kaplan-Meier","IncidentColorectalCancer","Female","60-69","Age*Gender","Female_60-69","CPRDGold","2000-2019"
6421,6421,6421,3043,8.39499627974473,0.147080861420351,6.54620123203285,6.16290212183436,6.92676249144422,"Kaplan-Meier","IncidentColorectalCancer","Female","70-79","Age*Gender","Female_70-79","CPRDGold","2000-2019"
5299,5299,5299,3230,4.80397130909333,0.103041063770761,2.51334702258727,2.35728952772074,2.7296372347707,"Kaplan-Meier","IncidentColorectalCancer","Female","80-89","Age*Gender","Female_80-89","CPRDGold","2000-2019"
1105,1105,1105,812,2.26547002211356,0.125280387000799,0.840520191649555,0.717316906228611,0.982888432580424,"Kaplan-Meier","IncidentColorectalCancer","Female",">=90","Age*Gender","Female_>=90","CPRDGold","2000-2019"
52,52,52,15,13.8539022948725,1.3246825343608,NA,NA,NA,"Kaplan-Meier","IncidentColorectalCancer","Male","18-29","Age*Gender","Male_18-29","CPRDGold","2000-2019"
225,225,225,66,12.6442663423001,0.729507215738896,NA,10.4640657084189,NA,"Kaplan-Meier","IncidentColorectalCancer","Male","30-39","Age*Gender","Male_30-39","CPRDGold","2000-2019"
896,896,896,315,11.7972400349789,0.365121987657659,NA,11.3593429158111,NA,"Kaplan-Meier","IncidentColorectalCancer","Male","40-49","Age*Gender","Male_40-49","CPRDGold","2000-2019"
3188,3188,3188,1156,11.4876599568045,0.194287697574521,12.0219028062971,10.4613278576318,NA,"Kaplan-Meier","IncidentColorectalCancer","Male","50-59","Age*Gender","Male_50-59","CPRDGold","2000-2019"
7106,7106,7106,2891,10.3437662944708,0.141769492438111,9.10335386721424,8.09308692676249,9.9192334017796,"Kaplan-Meier","IncidentColorectalCancer","Male","60-69","Age*Gender","Male_60-69","CPRDGold","2000-2019"
8857,8857,8857,4698,7.24926271012547,0.111658497352747,4.70910335386721,4.44626967830253,5.04585900068446,"Kaplan-Meier","IncidentColorectalCancer","Male","70-79","Age*Gender","Male_70-79","CPRDGold","2000-2019"
5398,5398,5398,3504,4.25567124598238,0.100796705226206,2.18754277891855,2.04517453798768,2.33812457221081,"Kaplan-Meier","IncidentColorectalCancer","Male","80-89","Age*Gender","Male_80-89","CPRDGold","2000-2019"
593,593,593,439,1.91249987043229,0.123029687700125,0.914442162902122,0.766598220396988,1.07871321013005,"Kaplan-Meier","IncidentColorectalCancer","Male",">=90","Age*Gender","Male_>=90","CPRDGold","2000-2019"
4,4,4,0,19.315537303217,0,NA,NA,NA,"Kaplan-Meier","IncidentEsophagealCancer","Female","18-29","Age*Gender","Female_18-29","CPRDGold","2000-2019"
16,16,16,8,8.21984289951436,2.45438059516124,1.5523613963039,0.887063655030801,NA,"Kaplan-Meier","IncidentEsophagealCancer","Female","30-39","Age*Gender","Female_30-39","CPRDGold","2000-2019"
101,101,101,67,5.39900857197892,0.889810949539582,1.56331279945243,0.947296372347707,2.62833675564682,"Kaplan-Meier","IncidentEsophagealCancer","Female","40-49","Age*Gender","Female_40-49","CPRDGold","2000-2019"
449,449,449,307,4.83237760414074,0.390257072423355,1.2539356605065,1.13347022587269,1.44284736481862,"Kaplan-Meier","IncidentEsophagealCancer","Female","50-59","Age*Gender","Female_50-59","CPRDGold","2000-2019"
894,894,894,654,4.07969271300955,0.270165342720607,1.03764544832307,0.950034223134839,1.16632443531828,"Kaplan-Meier","IncidentEsophagealCancer","Female","60-69","Age*Gender","Female_60-69","CPRDGold","2000-2019"
1300,1300,1300,1009,2.91164919097645,0.200503595144006,0.731006160164271,0.678986995208761,0.82135523613963,"Kaplan-Meier","IncidentEsophagealCancer","Female","70-79","Age*Gender","Female_70-79","CPRDGold","2000-2019"
1235,1235,1235,1031,1.16958303373556,0.0675156538216088,0.498288843258042,0.457221081451061,0.542094455852156,"Kaplan-Meier","IncidentEsophagealCancer","Female","80-89","Age*Gender","Female_80-89","CPRDGold","2000-2019"
300,300,300,253,0.792668810544692,0.16939835615537,0.347707049965777,0.292950034223135,0.418891170431211,"Kaplan-Meier","IncidentEsophagealCancer","Female",">=90","Age*Gender","Female_>=90","CPRDGold","2000-2019"
8,8,8,5,2.02418434861967,0.630619591172264,1.56194387405886,0.982888432580424,NA,"Kaplan-Meier","IncidentEsophagealCancer","Male","18-29","Age*Gender","Male_18-29","CPRDGold","2000-2019"
42,42,42,33,3.60907708779966,1.03673962858747,1.27583846680356,0.950034223134839,1.91649555099247,"Kaplan-Meier","IncidentEsophagealCancer","Male","30-39","Age*Gender","Male_30-39","CPRDGold","2000-2019"
307,307,307,226,4.37304525998757,0.443312734808159,1.04859685147159,0.939082819986311,1.25941136208077,"Kaplan-Meier","IncidentEsophagealCancer","Male","40-49","Age*Gender","Male_40-49","CPRDGold","2000-2019"
1309,1309,1309,982,3.79380375807393,0.209727032021877,1.07049965776865,0.991101984941821,1.15537303216975,"Kaplan-Meier","IncidentEsophagealCancer","Male","50-59","Age*Gender","Male_50-59","CPRDGold","2000-2019"
2671,2671,2671,2022,3.28763980916773,0.142711533910578,1.04312114989733,0.985626283367556,1.1006160164271,"Kaplan-Meier","IncidentEsophagealCancer","Male","60-69","Age*Gender","Male_60-69","CPRDGold","2000-2019"
2988,2988,2988,2386,2.35039001882256,0.101966253410255,0.804928131416838,0.752908966461328,0.856947296372348,"Kaplan-Meier","IncidentEsophagealCancer","Male","70-79","Age*Gender","Male_70-79","CPRDGold","2000-2019"
1613,1613,1613,1402,1.16296467017599,0.0681492611809444,0.525667351129363,0.484599589322382,0.561259411362081,"Kaplan-Meier","IncidentEsophagealCancer","Male","80-89","Age*Gender","Male_80-89","CPRDGold","2000-2019"
220,220,220,191,0.703076057680974,0.0684988176144011,0.39151266255989,0.339493497604381,0.542094455852156,"Kaplan-Meier","IncidentEsophagealCancer","Male",">=90","Age*Gender","Male_>=90","CPRDGold","2000-2019"
46,46,46,5,16.2172692166882,1.52225230367455,NA,NA,NA,"Kaplan-Meier","IncidentHeadNeckCancer","Female","18-29","Age*Gender","Female_18-29","CPRDGold","2000-2019"
105,105,105,12,16.863380036897,0.780912310159332,NA,NA,NA,"Kaplan-Meier","IncidentHeadNeckCancer","Female","30-39","Age*Gender","Female_30-39","CPRDGold","2000-2019"
310,310,310,89,13.2088786020885,0.575228390302639,NA,NA,NA,"Kaplan-Meier","IncidentHeadNeckCancer","Female","40-49","Age*Gender","Female_40-49","CPRDGold","2000-2019"
717,717,717,222,12.1704782106112,0.429567077454904,15.6960985626283,11.7645448323066,NA,"Kaplan-Meier","IncidentHeadNeckCancer","Female","50-59","Age*Gender","Female_50-59","CPRDGold","2000-2019"
887,887,887,350,9.96806876564681,0.388719762033778,8.62696783025325,7.53730321697468,10.0369609856263,"Kaplan-Meier","IncidentHeadNeckCancer","Female","60-69","Age*Gender","Female_60-69","CPRDGold","2000-2019"
722,722,722,371,7.05333212782884,0.36877029067101,5.38261464750171,4.42984257357974,6.32991101984942,"Kaplan-Meier","IncidentHeadNeckCancer","Female","70-79","Age*Gender","Female_70-79","CPRDGold","2000-2019"
473,473,473,302,4.50192023877753,0.345015018473572,2.21492128678987,1.67008898015058,3.10746064339493,"Kaplan-Meier","IncidentHeadNeckCancer","Female","80-89","Age*Gender","Female_80-89","CPRDGold","2000-2019"
104,104,104,82,2.7959882516264,0.542981511601983,0.993839835728953,0.65160848733744,1.65639972621492,"Kaplan-Meier","IncidentHeadNeckCancer","Female",">=90","Age*Gender","Female_>=90","CPRDGold","2000-2019"
38,38,38,5,16.8873527471184,1.17834237362213,NA,NA,NA,"Kaplan-Meier","IncidentHeadNeckCancer","Male","18-29","Age*Gender","Male_18-29","CPRDGold","2000-2019"
117,117,117,28,14.0993162555218,0.916860759783428,NA,NA,NA,"Kaplan-Meier","IncidentHeadNeckCancer","Male","30-39","Age*Gender","Male_30-39","CPRDGold","2000-2019"
658,658,658,200,11.9930696789385,0.467302674349345,14.9787816563997,12.7857631759069,NA,"Kaplan-Meier","IncidentHeadNeckCancer","Male","40-49","Age*Gender","Male_40-49","CPRDGold","2000-2019"
1901,1901,1901,674,10.9884835123759,0.268533111766351,10.6283367556468,9.45379876796714,12.3997262149213,"Kaplan-Meier","IncidentHeadNeckCancer","Male","50-59","Age*Gender","Male_50-59","CPRDGold","2000-2019"
2365,2365,2365,1070,8.54755651618067,0.235557032646864,6.88021902806297,6.09445585215606,7.73169062286105,"Kaplan-Meier","IncidentHeadNeckCancer","Male","60-69","Age*Gender","Male_60-69","CPRDGold","2000-2019"
1684,1684,1684,934,5.98765634239937,0.189406887760092,4.19712525667351,3.76180698151951,4.81587953456537,"Kaplan-Meier","IncidentHeadNeckCancer","Male","70-79","Age*Gender","Male_70-79","CPRDGold","2000-2019"
669,669,669,449,3.99946463562848,0.246627218285689,2.05065023956194,1.82614647501711,2.59822039698836,"Kaplan-Meier","IncidentHeadNeckCancer","Male","80-89","Age*Gender","Male_80-89","CPRDGold","2000-2019"
86,86,86,66,1.93053590624062,0.295080428255547,0.985626283367556,0.731006160164271,1.6974674880219,"Kaplan-Meier","IncidentHeadNeckCancer","Male",">=90","Age*Gender","Male_>=90","CPRDGold","2000-2019"
2,2,2,2,0.386036960985626,0.162620040026475,0.386036960985626,0.15605749486653,NA,"Kaplan-Meier","IncidentLiverCancer","Female","18-29","Age*Gender","Female_18-29","CPRDGold","2000-2019"
8,8,8,4,8.58256331279945,3.2384754112579,1.22108145106092,0.202600958247775,NA,"Kaplan-Meier","IncidentLiverCancer","Female","30-39","Age*Gender","Female_30-39","CPRDGold","2000-2019"
34,34,34,21,6.12957407381695,1.45791350291239,1.04585900068446,0.648870636550308,NA,"Kaplan-Meier","IncidentLiverCancer","Female","40-49","Age*Gender","Female_40-49","CPRDGold","2000-2019"
131,131,131,97,3.43851500934296,0.601319819774055,0.955509924709103,0.68993839835729,1.40177960301164,"Kaplan-Meier","IncidentLiverCancer","Female","50-59","Age*Gender","Female_50-59","CPRDGold","2000-2019"
224,224,224,166,3.03208783767552,0.432576709005375,0.917180013689254,0.711841204654346,1.27310061601643,"Kaplan-Meier","IncidentLiverCancer","Female","60-69","Age*Gender","Female_60-69","CPRDGold","2000-2019"
317,317,317,259,1.67729791983444,0.244886467055717,0.525667351129363,0.37782340862423,0.63791923340178,"Kaplan-Meier","IncidentLiverCancer","Female","70-79","Age*Gender","Female_70-79","CPRDGold","2000-2019"
245,245,245,199,1.03845418618314,0.23346369830611,0.298425735797399,0.232717316906229,0.386036960985626,"Kaplan-Meier","IncidentLiverCancer","Female","80-89","Age*Gender","Female_80-89","CPRDGold","2000-2019"
28,28,28,21,0.90887749421466,0.303265192331821,0.323066392881588,0.0985626283367557,1.25119780971937,"Kaplan-Meier","IncidentLiverCancer","Female",">=90","Age*Gender","Female_>=90","CPRDGold","2000-2019"
10,10,10,8,3.8466803559206,2.21516179172427,0.286105407255305,0.120465434633812,NA,"Kaplan-Meier","IncidentLiverCancer","Male","18-29","Age*Gender","Male_18-29","CPRDGold","2000-2019"
16,16,16,8,7.45139425940247,2.39957403124048,1.84531143052704,0.317590691307324,NA,"Kaplan-Meier","IncidentLiverCancer","Male","30-39","Age*Gender","Male_30-39","CPRDGold","2000-2019"
87,87,87,57,5.55115163204091,0.899045675975578,1.22929500342231,0.662559890485969,2.25325119780972,"Kaplan-Meier","IncidentLiverCancer","Male","40-49","Age*Gender","Male_40-49","CPRDGold","2000-2019"
347,347,347,250,3.12238613689206,0.399066568927305,0.80766598220397,0.709103353867214,1.07871321013005,"Kaplan-Meier","IncidentLiverCancer","Male","50-59","Age*Gender","Male_50-59","CPRDGold","2000-2019"
672,672,672,505,2.77944562165711,0.261983210394414,0.856947296372348,0.741957563312799,1.01300479123888,"Kaplan-Meier","IncidentLiverCancer","Male","60-69","Age*Gender","Male_60-69","CPRDGold","2000-2019"
776,776,776,631,1.84524234239012,0.158812648455228,0.607802874743327,0.536618754277892,0.731006160164271,"Kaplan-Meier","IncidentLiverCancer","Male","70-79","Age*Gender","Male_70-79","CPRDGold","2000-2019"
422,422,422,360,1.02607851711547,0.0823954229712884,0.375085557837098,0.298425735797399,0.539356605065024,"Kaplan-Meier","IncidentLiverCancer","Male","80-89","Age*Gender","Male_80-89","CPRDGold","2000-2019"
29,29,29,24,0.739922112865538,0.214236694167225,0.224503764544832,0.15605749486653,1.06228610540726,"Kaplan-Meier","IncidentLiverCancer","Male",">=90","Age*Gender","Male_>=90","CPRDGold","2000-2019"
5,5,5,3,6.64804928131417,4.31579879977705,2.10540725530459,0.843258042436687,NA,"Kaplan-Meier","IncidentLungCancer","Female","18-29","Age*Gender","Female_18-29","CPRDGold","2000-2019"
54,54,54,31,7.2247769812228,1.34705589405139,2.03422313483915,1.24024640657084,NA,"Kaplan-Meier","IncidentLungCancer","Female","30-39","Age*Gender","Female_30-39","CPRDGold","2000-2019"
477,477,477,361,3.64019075609582,0.353100405267037,0.856947296372348,0.722792607802875,1.13073237508556,"Kaplan-Meier","IncidentLungCancer","Female","40-49","Age*Gender","Female_40-49","CPRDGold","2000-2019"
1989,1989,1989,1502,3.31740960632549,0.162127650424844,0.892539356605065,0.845995893223819,0.97741273100616,"Kaplan-Meier","IncidentLungCancer","Female","50-59","Age*Gender","Female_50-59","CPRDGold","2000-2019"
4766,4766,4766,3686,2.83689802044708,0.0995229566553753,0.832306639288159,0.796714579055442,0.876112251882272,"Kaplan-Meier","IncidentLungCancer","Female","60-69","Age*Gender","Female_60-69","CPRDGold","2000-2019"
6329,6329,6329,4982,2.24966591141174,0.077686946765321,0.648870636550308,0.613278576317591,0.687200547570157,"Kaplan-Meier","IncidentLungCancer","Female","70-79","Age*Gender","Female_70-79","CPRDGold","2000-2019"
3800,3800,3800,3111,1.2953592233205,0.0492772343129256,0.449007529089665,0.418891170431211,0.484599589322382,"Kaplan-Meier","IncidentLungCancer","Female","80-89","Age*Gender","Female_80-89","CPRDGold","2000-2019"
534,534,534,442,0.78930451345402,0.068279022321932,0.295687885010267,0.235455167693361,0.369609856262834,"Kaplan-Meier","IncidentLungCancer","Female",">=90","Age*Gender","Female_>=90","CPRDGold","2000-2019"
16,16,16,2,16.691556219277,1.8143895535028,NA,NA,NA,"Kaplan-Meier","IncidentLungCancer","Male","18-29","Age*Gender","Male_18-29","CPRDGold","2000-2019"
53,53,53,42,3.82581124462778,1.01229784824954,0.678986995208761,0.492813141683778,1.47843942505133,"Kaplan-Meier","IncidentLungCancer","Male","30-39","Age*Gender","Male_30-39","CPRDGold","2000-2019"
438,438,438,333,3.26549419540621,0.347916891614282,0.744695414099932,0.668035592060233,0.845995893223819,"Kaplan-Meier","IncidentLungCancer","Male","40-49","Age*Gender","Male_40-49","CPRDGold","2000-2019"
2102,2102,2102,1679,2.40367298749821,0.124299216701931,0.629705681040383,0.594113620807666,0.676249144421629,"Kaplan-Meier","IncidentLungCancer","Male","50-59","Age*Gender","Male_50-59","CPRDGold","2000-2019"
5853,5853,5853,4784,2.26610901897656,0.0767048993068172,0.665297741273101,0.635181382614648,0.692676249144422,"Kaplan-Meier","IncidentLungCancer","Male","60-69","Age*Gender","Male_60-69","CPRDGold","2000-2019"
8025,8025,8025,6761,1.62842481378997,0.0498152297864435,0.54757015742642,0.522929500342231,0.572210814510609,"Kaplan-Meier","IncidentLungCancer","Male","70-79","Age*Gender","Male_70-79","CPRDGold","2000-2019"
4442,4442,4442,3830,1.02874468576844,0.0325195206096525,0.37782340862423,0.353182751540041,0.402464065708419,"Kaplan-Meier","IncidentLungCancer","Male","80-89","Age*Gender","Male_80-89","CPRDGold","2000-2019"
502,502,502,430,0.610949420557635,0.0491204788985311,0.268309377138946,0.219028062970568,0.328542094455852,"Kaplan-Meier","IncidentLungCancer","Male",">=90","Age*Gender","Male_>=90","CPRDGold","2000-2019"
13,13,13,8,6.78549992102353,2.26042331772998,1.70841889117043,0.347707049965777,NA,"Kaplan-Meier","IncidentPancreaticCancer","Female","30-39","Age*Gender","Female_30-39","CPRDGold","2000-2019"
120,120,120,87,3.70744183127227,0.64007090669919,0.832306639288159,0.654346338124572,1.31964407939767,"Kaplan-Meier","IncidentPancreaticCancer","Female","40-49","Age*Gender","Female_40-49","CPRDGold","2000-2019"
452,452,452,364,1.99782495722012,0.22153822415832,0.665297741273101,0.58590006844627,0.777549623545517,"Kaplan-Meier","IncidentPancreaticCancer","Female","50-59","Age*Gender","Female_50-59","CPRDGold","2000-2019"
999,999,999,875,1.34055845804139,0.12073895859495,0.446269678302533,0.407939767282683,0.498288843258042,"Kaplan-Meier","IncidentPancreaticCancer","Female","60-69","Age*Gender","Female_60-69","CPRDGold","2000-2019"
1437,1437,1437,1242,1.18822286441785,0.0923763514206045,0.366872005475702,0.331279945242984,0.402464065708419,"Kaplan-Meier","IncidentPancreaticCancer","Female","70-79","Age*Gender","Female_70-79","CPRDGold","2000-2019"
1199,1199,1199,1045,0.890639046441975,0.0917067399363881,0.227241615331964,0.20807665982204,0.254620123203285,"Kaplan-Meier","IncidentPancreaticCancer","Female","80-89","Age*Gender","Female_80-89","CPRDGold","2000-2019"
256,256,256,221,0.613444204853988,0.162047929182793,0.172484599589322,0.125941136208077,0.2217659137577,"Kaplan-Meier","IncidentPancreaticCancer","Female",">=90","Age*Gender","Female_>=90","CPRDGold","2000-2019"
4,4,4,1,13.1143052703628,3.77945104348363,NA,0.0219028062970568,NA,"Kaplan-Meier","IncidentPancreaticCancer","Male","18-29","Age*Gender","Male_18-29","CPRDGold","2000-2019"
20,20,20,13,6.34236824093087,1.82798845902675,0.451745379876797,0.328542094455852,NA,"Kaplan-Meier","IncidentPancreaticCancer","Male","30-39","Age*Gender","Male_30-39","CPRDGold","2000-2019"
156,156,156,125,2.5630761153376,0.447677046198973,0.739219712525667,0.605065023956194,0.999315537303217,"Kaplan-Meier","IncidentPancreaticCancer","Male","40-49","Age*Gender","Male_40-49","CPRDGold","2000-2019"
557,557,557,476,1.78376101824155,0.187811003119005,0.490075290896646,0.435318275154004,0.602327173169062,"Kaplan-Meier","IncidentPancreaticCancer","Male","50-59","Age*Gender","Male_50-59","CPRDGold","2000-2019"
1233,1233,1233,1037,1.61732722409641,0.126070905266712,0.48186173853525,0.438056125941136,0.531143052703628,"Kaplan-Meier","IncidentPancreaticCancer","Male","60-69","Age*Gender","Male_60-69","CPRDGold","2000-2019"
1461,1461,1461,1291,1.03028684263447,0.07392187295925,0.334017796030116,0.298425735797399,0.366872005475702,"Kaplan-Meier","IncidentPancreaticCancer","Male","70-79","Age*Gender","Male_70-79","CPRDGold","2000-2019"
847,847,847,771,0.734559363523106,0.0927826026717089,0.194387405886379,0.177960301163587,0.232717316906229,"Kaplan-Meier","IncidentPancreaticCancer","Male","80-89","Age*Gender","Male_80-89","CPRDGold","2000-2019"
121,121,121,112,0.59217786676279,0.241097359468573,0.134154688569473,0.114989733059548,0.191649555099247,"Kaplan-Meier","IncidentPancreaticCancer","Male",">=90","Age*Gender","Male_>=90","CPRDGold","2000-2019"
7,7,7,4,5.39565203220234,3.85813604869949,0.908966461327858,0.235455167693361,NA,"Kaplan-Meier","IncidentStomachCancer","Female","18-29","Age*Gender","Female_18-29","CPRDGold","2000-2019"
32,32,32,18,5.75404972847439,1.72125795878747,1.9192334017796,0.85968514715948,NA,"Kaplan-Meier","IncidentStomachCancer","Female","30-39","Age*Gender","Female_30-39","CPRDGold","2000-2019"
101,101,101,69,5.45073810575297,0.974652136875786,0.881587953456537,0.577686516084873,1.1854893908282,"Kaplan-Meier","IncidentStomachCancer","Female","40-49","Age*Gender","Female_40-49","CPRDGold","2000-2019"
186,186,186,132,4.797646488604,0.634555913707322,1.06228610540726,0.791238877481177,1.59616700889802,"Kaplan-Meier","IncidentStomachCancer","Female","50-59","Age*Gender","Female_50-59","CPRDGold","2000-2019"
376,376,376,283,4.03841872015509,0.385232804503581,0.92539356605065,0.736481861738535,1.20191649555099,"Kaplan-Meier","IncidentStomachCancer","Female","60-69","Age*Gender","Female_60-69","CPRDGold","2000-2019"
781,781,781,611,3.24177333307515,0.265037822342406,0.717316906228611,0.616016427104723,0.848733744010951,"Kaplan-Meier","IncidentStomachCancer","Female","70-79","Age*Gender","Female_70-79","CPRDGold","2000-2019"
809,809,809,666,1.84414092406701,0.133811418669171,0.555783709787817,0.487337440109514,0.659822039698836,"Kaplan-Meier","IncidentStomachCancer","Female","80-89","Age*Gender","Female_80-89","CPRDGold","2000-2019"
182,182,182,146,1.76692994179484,0.514740295041117,0.353182751540041,0.249144421629021,0.498288843258042,"Kaplan-Meier","IncidentStomachCancer","Female",">=90","Age*Gender","Female_>=90","CPRDGold","2000-2019"
13,13,13,9,3.80038259709718,1.10587690730276,1.82888432580424,0.49555099247091,NA,"Kaplan-Meier","IncidentStomachCancer","Male","18-29","Age*Gender","Male_18-29","CPRDGold","2000-2019"
27,27,27,21,3.49531895851451,1.32767679396629,0.744695414099932,0.457221081451061,3.21971252566735,"Kaplan-Meier","IncidentStomachCancer","Male","30-39","Age*Gender","Male_30-39","CPRDGold","2000-2019"
110,110,110,81,4.40612085243824,0.773450976758925,0.92539356605065,0.736481861738535,1.12799452429843,"Kaplan-Meier","IncidentStomachCancer","Male","40-49","Age*Gender","Male_40-49","CPRDGold","2000-2019"
360,360,360,254,4.57941580383447,0.44614188442999,1.01848049281314,0.804928131416838,1.21834360027379,"Kaplan-Meier","IncidentStomachCancer","Male","50-59","Age*Gender","Male_50-59","CPRDGold","2000-2019"
853,853,853,670,3.5778512205169,0.244608453025652,0.92539356605065,0.835044490075291,1.03490759753593,"Kaplan-Meier","IncidentStomachCancer","Male","60-69","Age*Gender","Male_60-69","CPRDGold","2000-2019"
1592,1592,1592,1292,2.85940982004258,0.16713713367594,0.810403832991102,0.725530458590007,0.895277207392197,"Kaplan-Meier","IncidentStomachCancer","Male","70-79","Age*Gender","Male_70-79","CPRDGold","2000-2019"
1088,1088,1088,913,1.45153546123471,0.110532030131204,0.580424366872005,0.511978097193703,0.643394934976044,"Kaplan-Meier","IncidentStomachCancer","Male","80-89","Age*Gender","Male_80-89","CPRDGold","2000-2019"
147,147,147,130,0.926926062850012,0.216386296285354,0.32580424366872,0.246406570841889,0.53388090349076,"Kaplan-Meier","IncidentStomachCancer","Male",">=90","Age*Gender","Male_>=90","CPRDGold","2000-2019"
