"result_id","analysis_id","n_persons","person_days","n_events","incidence_start_date","incidence_end_date","person_years","incidence_100000_pys","incidence_100000_pys_95CI_lower","incidence_100000_pys_95CI_upper","cohort_obscured","result_obscured","outcome_cohort_id","outcome_cohort_name","analysis_repeated_events","analysis_interval","analysis_complete_database_intervals","denominator_cohort_id","analysis_outcome_washout","analysis_min_cell_count","denominator_age_group","denominator_sex","denominator_days_prior_history","denominator_start_date","denominator_end_date","denominator_strata_cohort_definition_id","denominator_strata_cohort_name","database_name"
1,"1",4901661,5620682757,485,2000-01-01,2019-12-31,15388590.7104723,3.15168561647394,2.87739856497094,3.44506804193558,"FALSE","FALSE",1,"IncidentBreastCancer",FALSE,"overall",TRUE,5,NA,5,"18;29","Female",365,2000-01-01,2019-12-31,NA,NA,"CPRDAurum"
1,"10",1131288,1882052593,18696,2000-01-01,2019-12-31,5152779.17316906,362.833324923986,357.650801841535,368.072156758289,"FALSE","FALSE",1,"IncidentBreastCancer",FALSE,"overall",TRUE,23,NA,5,"80;89","Female",365,2000-01-01,2019-12-31,NA,NA,"CPRDAurum"
1,"100",24335457,64311536790,21356,2000-01-01,2019-12-31,176075391.622177,12.1288953574079,11.9667632303492,12.2926750772062,"FALSE","FALSE",4,"IncidentHeadNeckCancer",FALSE,"overall",TRUE,3,NA,5,"18;150","Both",365,2000-01-01,2019-12-31,NA,NA,"CPRDAurum"
1,"101",2073804,4131410321,1675,2000-01-01,2019-12-31,11311184.9993155,14.8083512037099,14.1075964224611,15.5349049355212,"FALSE","FALSE",4,"IncidentHeadNeckCancer",FALSE,"overall",TRUE,17,NA,5,"60;69","Female",365,2000-01-01,2019-12-31,NA,NA,"CPRDAurum"
1,"102",787992,1277864119,1377,2000-01-01,2019-12-31,3498601.28405202,39.3585861377488,37.3069516686366,41.4937000485312,"FALSE","FALSE",4,"IncidentHeadNeckCancer",FALSE,"overall",TRUE,22,NA,5,"80;89","Male",365,2000-01-01,2019-12-31,NA,NA,"CPRDAurum"
1,"103",1652320,3178313176,1404,2000-01-01,2019-12-31,8701747.23066393,16.1346906866298,15.3016610438549,17.0012809416234,"FALSE","FALSE",4,"IncidentHeadNeckCancer",FALSE,"overall",TRUE,20,NA,5,"70;79","Female",365,2000-01-01,2019-12-31,NA,NA,"CPRDAurum"
1,"104",2795694,5355314359,3853,2000-01-01,2019-12-31,14662051.633128,26.2787234447762,25.455441431547,27.1218530047942,"FALSE","FALSE",4,"IncidentHeadNeckCancer",FALSE,"overall",TRUE,13,NA,5,"50;59","Male",365,2000-01-01,2019-12-31,NA,NA,"CPRDAurum"
1,"105",3420413,6191283268,1325,2000-01-01,2019-12-31,16950809.7686516,7.81673570811007,7.40146386020771,8.24924049071304,"FALSE","FALSE",4,"IncidentHeadNeckCancer",FALSE,"overall",TRUE,10,NA,5,"40;49","Male",365,2000-01-01,2019-12-31,NA,NA,"CPRDAurum"
1,"106",8292393,11935757300,470,2000-01-01,2019-12-31,32678322.5188227,1.43826232123537,1.31115643916819,1.57436255659162,"FALSE","FALSE",4,"IncidentHeadNeckCancer",FALSE,"overall",TRUE,9,NA,5,"30;39","Both",365,2000-01-01,2019-12-31,NA,NA,"CPRDAurum"
1,"107",4204580,6095890576,258,2000-01-01,2019-12-31,16689638.8117728,1.54586928398959,1.36297678794445,1.74646588344552,"FALSE","FALSE",4,"IncidentHeadNeckCancer",FALSE,"overall",TRUE,7,NA,5,"30;39","Male",365,2000-01-01,2019-12-31,NA,NA,"CPRDAurum"
1,"108",11840830,32058323878,14932,2000-01-01,2019-12-31,87770907.2635181,17.012470835204,16.7406811109514,17.2875672546713,"FALSE","FALSE",4,"IncidentHeadNeckCancer",FALSE,"overall",TRUE,1,NA,5,"18;150","Male",365,2000-01-01,2019-12-31,NA,NA,"CPRDAurum"
1,"109",4901835,5621067054,14,2000-01-01,2019-12-31,15389642.8583162,0.0909702722076797,0.0497342943352619,0.15263265910776,"FALSE","FALSE",5,"IncidentLiverCancer",FALSE,"overall",TRUE,5,NA,5,"18;29","Female",365,2000-01-01,2019-12-31,NA,NA,"CPRDAurum"
1,"11",1921165,3163530805,18877,2000-01-01,2019-12-31,8661275.3045859,217.947119057688,214.848982952689,221.07875405475,"FALSE","FALSE",1,"IncidentBreastCancer",FALSE,"overall",TRUE,24,NA,5,"80;89","Both",365,2000-01-01,2019-12-31,NA,NA,"CPRDAurum"
1,"110",4173598,8230488854,1929,2000-01-01,2019-12-31,22533850.3874059,8.56045445778815,8.182661342478,8.95119052800909,"FALSE","FALSE",5,"IncidentLiverCancer",FALSE,"overall",TRUE,18,NA,5,"60;69","Both",365,2000-01-01,2019-12-31,NA,NA,"CPRDAurum"
1,"111",12496067,32267065550,2007,2000-01-01,2019-12-31,88342410.8145106,2.27184200826716,2.1735262009152,2.37345873421966,"FALSE","FALSE",5,"IncidentLiverCancer",FALSE,"overall",TRUE,2,NA,5,"18;150","Female",365,2000-01-01,2019-12-31,NA,NA,"CPRDAurum"
1,"112",2098590,4095421276,1495,2000-01-01,2019-12-31,11212652.3641342,13.3331521521353,12.6657730048142,14.0265693611393,"FALSE","FALSE",5,"IncidentLiverCancer",FALSE,"overall",TRUE,16,NA,5,"60;69","Male",365,2000-01-01,2019-12-31,NA,NA,"CPRDAurum"
1,"113",5439374,10475386251,1079,2000-01-01,2019-12-31,28680044.4928131,3.76219778972234,3.54103760815136,3.99355324453224,"FALSE","FALSE",5,"IncidentLiverCancer",FALSE,"overall",TRUE,15,NA,5,"50;59","Both",365,2000-01-01,2019-12-31,NA,NA,"CPRDAurum"
1,"114",9238440,11666601264,32,2000-01-01,2019-12-31,31941413.4537988,0.100183418765378,0.068525384272503,0.141429095317784,"FALSE","FALSE",5,"IncidentLiverCancer",FALSE,"overall",TRUE,6,NA,5,"18;29","Both",365,2000-01-01,2019-12-31,NA,NA,"CPRDAurum"
1,"115",465243,586869820,74,2000-01-01,2019-12-31,1606761.99863107,4.60553585802044,3.61633622732215,5.78182852102835,"FALSE","FALSE",5,"IncidentLiverCancer",FALSE,"overall",TRUE,26,NA,5,"90;150","Female",365,2000-01-01,2019-12-31,NA,NA,"CPRDAurum"
1,"116",6516214,12026396537,316,2000-01-01,2019-12-31,32926479.2251882,0.959713906363439,0.856804400012183,1.07157965438573,"FALSE","FALSE",5,"IncidentLiverCancer",FALSE,"overall",TRUE,12,NA,5,"40;49","Both",365,2000-01-01,2019-12-31,NA,NA,"CPRDAurum"
1,"117",667527,830338729,163,2000-01-01,2019-12-31,2273343.54277892,7.17005577611688,6.111572627479,8.35919021830886,"FALSE","FALSE",5,"IncidentLiverCancer",FALSE,"overall",TRUE,27,NA,5,"90;150","Both",365,2000-01-01,2019-12-31,NA,NA,"CPRDAurum"
1,"118",1164209,1954950062,433,2000-01-01,2019-12-31,5352361.56605065,8.08988695282591,7.34574901637847,8.88897388107112,"FALSE","FALSE",5,"IncidentLiverCancer",FALSE,"overall",TRUE,23,NA,5,"80;89","Female",365,2000-01-01,2019-12-31,NA,NA,"CPRDAurum"
1,"119",1954123,3236583487,1305,2000-01-01,2019-12-31,8861282.64750171,14.7269876372573,13.9387110680364,15.5482315088377,"FALSE","FALSE",5,"IncidentLiverCancer",FALSE,"overall",TRUE,24,NA,5,"80;89","Both",365,2000-01-01,2019-12-31,NA,NA,"CPRDAurum"
1,"12",3084523,5790726243,22064,2000-01-01,2019-12-31,15854144.4024641,139.168657985547,137.338323486585,141.017289890117,"FALSE","FALSE",1,"IncidentBreastCancer",FALSE,"overall",TRUE,11,NA,5,"40;49","Female",365,2000-01-01,2019-12-31,NA,NA,"CPRDAurum"
1,"120",3095279,5833252771,91,2000-01-01,2019-12-31,15970575.6906229,0.569797869299294,0.458765700849783,0.699585519526067,"FALSE","FALSE",5,"IncidentLiverCancer",FALSE,"overall",TRUE,11,NA,5,"40;49","Female",365,2000-01-01,2019-12-31,NA,NA,"CPRDAurum"
1,"121",4087953,5840273812,31,2000-01-01,2019-12-31,15989798.2532512,0.193873615595474,0.131727715669328,0.275188121865777,"FALSE","FALSE",5,"IncidentLiverCancer",FALSE,"overall",TRUE,8,NA,5,"30;39","Female",365,2000-01-01,2019-12-31,NA,NA,"CPRDAurum"
1,"122",1471498,2771520763,1715,2000-01-01,2019-12-31,7588010.30253251,22.6014453278696,21.5443057776264,23.6970388074003,"FALSE","FALSE",5,"IncidentLiverCancer",FALSE,"overall",TRUE,19,NA,5,"70;79","Male",365,2000-01-01,2019-12-31,NA,NA,"CPRDAurum"
1,"123",202284,243468909,89,2000-01-01,2019-12-31,666581.544147844,13.3517047961142,10.7225153126199,16.4304216573787,"FALSE","FALSE",5,"IncidentLiverCancer",FALSE,"overall",TRUE,25,NA,5,"90;150","Male",365,2000-01-01,2019-12-31,NA,NA,"CPRDAurum"
1,"124",4336605,6045534210,18,2000-01-01,2019-12-31,16551770.5954825,0.108749694760225,0.0644519613104783,0.171871402539207,"FALSE","FALSE",5,"IncidentLiverCancer",FALSE,"overall",TRUE,4,NA,5,"18;29","Male",365,2000-01-01,2019-12-31,NA,NA,"CPRDAurum"
1,"125",3125160,5953306218,2377,2000-01-01,2019-12-31,16299264.1149897,14.5834804763607,14.0030469868674,15.1817942059505,"FALSE","FALSE",5,"IncidentLiverCancer",FALSE,"overall",TRUE,21,NA,5,"70;79","Both",365,2000-01-01,2019-12-31,NA,NA,"CPRDAurum"
1,"126",2641962,5113798998,268,2000-01-01,2019-12-31,14000818.6119097,1.91417378818142,1.69183965720647,2.15760399727564,"FALSE","FALSE",5,"IncidentLiverCancer",FALSE,"overall",TRUE,14,NA,5,"50;59","Female",365,2000-01-01,2019-12-31,NA,NA,"CPRDAurum"
1,"127",24340327,64355650744,7281,2000-01-01,2019-12-31,176196169.045859,4.13232594069906,4.0379469483909,4.22835410149474,"FALSE","FALSE",5,"IncidentLiverCancer",FALSE,"overall",TRUE,3,NA,5,"18;150","Both",365,2000-01-01,2019-12-31,NA,NA,"CPRDAurum"
1,"128",2075008,4135067578,434,2000-01-01,2019-12-31,11321198.0232717,3.83351655105647,3.48129208023474,4.21171897234771,"FALSE","FALSE",5,"IncidentLiverCancer",FALSE,"overall",TRUE,17,NA,5,"60;69","Female",365,2000-01-01,2019-12-31,NA,NA,"CPRDAurum"
1,"129",789914,1281633425,872,2000-01-01,2019-12-31,3508921.08145106,24.8509436307812,23.2286744285543,26.5566381893776,"FALSE","FALSE",5,"IncidentLiverCancer",FALSE,"overall",TRUE,22,NA,5,"80;89","Male",365,2000-01-01,2019-12-31,NA,NA,"CPRDAurum"
1,"13",4085576,5832619136,5888,2000-01-01,2019-12-31,15968840.8925394,36.87180578492,35.9359511937124,37.8258649138907,"FALSE","FALSE",1,"IncidentBreastCancer",FALSE,"overall",TRUE,8,NA,5,"30;39","Female",365,2000-01-01,2019-12-31,NA,NA,"CPRDAurum"
1,"130",1653662,3181785455,662,2000-01-01,2019-12-31,8711253.81245722,7.59936530667182,7.03142308129529,8.20096719798526,"FALSE","FALSE",5,"IncidentLiverCancer",FALSE,"overall",TRUE,20,NA,5,"70;79","Female",365,2000-01-01,2019-12-31,NA,NA,"CPRDAurum"
1,"131",2797412,5361587253,811,2000-01-01,2019-12-31,14679225.8809035,5.52481450030036,5.15106952253309,5.91850973246933,"FALSE","FALSE",5,"IncidentLiverCancer",FALSE,"overall",TRUE,13,NA,5,"50;59","Male",365,2000-01-01,2019-12-31,NA,NA,"CPRDAurum"
1,"132",3420935,6193143766,225,2000-01-01,2019-12-31,16955903.5345654,1.32697145593762,1.15923544577805,1.51215853232974,"FALSE","FALSE",5,"IncidentLiverCancer",FALSE,"overall",TRUE,10,NA,5,"40;49","Male",365,2000-01-01,2019-12-31,NA,NA,"CPRDAurum"
1,"133",8292694,11936549404,80,2000-01-01,2019-12-31,32680491.1813826,0.244794362349041,0.19410670494184,0.304667773855736,"FALSE","FALSE",5,"IncidentLiverCancer",FALSE,"overall",TRUE,9,NA,5,"30;39","Both",365,2000-01-01,2019-12-31,NA,NA,"CPRDAurum"
1,"134",4204741,6096275592,49,2000-01-01,2019-12-31,16690692.9281314,0.293576786841562,0.217189723068541,0.388124081317999,"FALSE","FALSE",5,"IncidentLiverCancer",FALSE,"overall",TRUE,7,NA,5,"30;39","Male",365,2000-01-01,2019-12-31,NA,NA,"CPRDAurum"
1,"135",11844260,32088585194,5274,2000-01-01,2019-12-31,87853758.2313484,6.00315809610761,5.8422229143824,6.16740306665411,"FALSE","FALSE",5,"IncidentLiverCancer",FALSE,"overall",TRUE,1,NA,5,"18;150","Male",365,2000-01-01,2019-12-31,NA,NA,"CPRDAurum"
1,"136",4901833,5621068450,23,2000-01-01,2019-12-31,15389646.6803559,0.149451124367646,0.0947391927824784,0.224250066370171,"FALSE","FALSE",6,"IncidentLungCancer",FALSE,"overall",TRUE,5,NA,5,"18;29","Female",365,2000-01-01,2019-12-31,NA,NA,"CPRDAurum"
1,"137",4170276,8218435421,23278,2000-01-01,2019-12-31,22500849.8863792,103.453870042888,102.129093568618,104.791538132843,"FALSE","FALSE",6,"IncidentLungCancer",FALSE,"overall",TRUE,18,NA,5,"60;69","Both",365,2000-01-01,2019-12-31,NA,NA,"CPRDAurum"
1,"138",12493731,32244461302,39721,2000-01-01,2019-12-31,88280523.7563313,44.9940692577181,44.5526634988755,45.4387591152457,"FALSE","FALSE",6,"IncidentLungCancer",FALSE,"overall",TRUE,2,NA,5,"18;150","Female",365,2000-01-01,2019-12-31,NA,NA,"CPRDAurum"
1,"139",2096876,4089494817,12915,2000-01-01,2019-12-31,11196426.6036961,115.34930256888,113.368404109617,117.356128215249,"FALSE","FALSE",6,"IncidentLungCancer",FALSE,"overall",TRUE,16,NA,5,"60;69","Male",365,2000-01-01,2019-12-31,NA,NA,"CPRDAurum"
1,"14",1471532,2771532324,302,2000-01-01,2019-12-31,7588041.95482546,3.97994636558314,3.54368458787167,4.45508795511528,"FALSE","FALSE",1,"IncidentBreastCancer",FALSE,"overall",TRUE,19,NA,5,"70;79","Male",365,2000-01-01,2019-12-31,NA,NA,"CPRDAurum"
1,"140",5438224,10471288721,8981,2000-01-01,2019-12-31,28668826.0670773,31.3267099914969,30.6821311822142,31.9814204725828,"FALSE","FALSE",6,"IncidentLungCancer",FALSE,"overall",TRUE,15,NA,5,"50;59","Both",365,2000-01-01,2019-12-31,NA,NA,"CPRDAurum"
1,"141",9238441,11666609534,45,2000-01-01,2019-12-31,31941436.0958248,0.140882832772451,0.102760904956697,0.188512314588227,"FALSE","FALSE",6,"IncidentLungCancer",FALSE,"overall",TRUE,6,NA,5,"18;29","Both",365,2000-01-01,2019-12-31,NA,NA,"CPRDAurum"
1,"142",464594,586162308,1378,2000-01-01,2019-12-31,1604824.93634497,85.8660635681815,81.3917490148691,90.5223670252746,"FALSE","FALSE",6,"IncidentLungCancer",FALSE,"overall",TRUE,26,NA,5,"90;150","Female",365,2000-01-01,2019-12-31,NA,NA,"CPRDAurum"
1,"143",6515966,12025615892,1880,2000-01-01,2019-12-31,32924341.9356605,5.71006097456351,5.4548366449092,5.97414450357215,"FALSE","FALSE",6,"IncidentLungCancer",FALSE,"overall",TRUE,12,NA,5,"40;49","Both",365,2000-01-01,2019-12-31,NA,NA,"CPRDAurum"
1,"144",666317,828978060,2697,2000-01-01,2019-12-31,2269618.23408624,118.83055746976,114.387709732106,123.401758269285,"FALSE","FALSE",6,"IncidentLungCancer",FALSE,"overall",TRUE,27,NA,5,"90;150","Both",365,2000-01-01,2019-12-31,NA,NA,"CPRDAurum"
1,"145",1161897,1950162061,8862,2000-01-01,2019-12-31,5339252.73374401,165.978282765906,162.540376535693,169.470591746875,"FALSE","FALSE",6,"IncidentLungCancer",FALSE,"overall",TRUE,23,NA,5,"80;89","Female",365,2000-01-01,2019-12-31,NA,NA,"CPRDAurum"
1,"146",1949102,3226727012,19488,2000-01-01,2019-12-31,8834297.08966461,220.5948000413,217.508403183384,223.714038434437,"FALSE","FALSE",6,"IncidentLungCancer",FALSE,"overall",TRUE,24,NA,5,"80;89","Both",365,2000-01-01,2019-12-31,NA,NA,"CPRDAurum"
1,"147",3095146,5832805128,946,2000-01-01,2019-12-31,15969350.110883,5.92384782994588,5.55232261051455,6.31369576386467,"FALSE","FALSE",6,"IncidentLungCancer",FALSE,"overall",TRUE,11,NA,5,"40;49","Female",365,2000-01-01,2019-12-31,NA,NA,"CPRDAurum"
1,"148",4087910,5840189419,145,2000-01-01,2019-12-31,15989567.1978097,0.906841305997716,0.765248050759961,1.0670383137797,"FALSE","FALSE",6,"IncidentLungCancer",FALSE,"overall",TRUE,8,NA,5,"30;39","Female",365,2000-01-01,2019-12-31,NA,NA,"CPRDAurum"
1,"149",1468247,2762465603,18114,2000-01-01,2019-12-31,7563218.6255989,239.50120837034,236.025972092434,243.014808997782,"FALSE","FALSE",6,"IncidentLungCancer",FALSE,"overall",TRUE,19,NA,5,"70;79","Male",365,2000-01-01,2019-12-31,NA,NA,"CPRDAurum"
1,"15",202246,243423592,31,2000-01-01,2019-12-31,666457.472963723,4.65145958408173,3.16044111344046,6.60237558858371,"FALSE","FALSE",1,"IncidentBreastCancer",FALSE,"overall",TRUE,25,NA,5,"90;150","Male",365,2000-01-01,2019-12-31,NA,NA,"CPRDAurum"
1,"150",201723,242815752,1319,2000-01-01,2019-12-31,664793.297741273,198.407535768108,187.843317631782,209.411166073938,"FALSE","FALSE",6,"IncidentLungCancer",FALSE,"overall",TRUE,25,NA,5,"90;150","Male",365,2000-01-01,2019-12-31,NA,NA,"CPRDAurum"
1,"151",4336608,6045541084,22,2000-01-01,2019-12-31,16551789.4154689,0.132916142465173,0.0832978388387686,0.201236637024854,"FALSE","FALSE",6,"IncidentLungCancer",FALSE,"overall",TRUE,4,NA,5,"18;29","Male",365,2000-01-01,2019-12-31,NA,NA,"CPRDAurum"
1,"152",3119104,5936111772,31897,2000-01-01,2019-12-31,16252188.2874743,196.262801265865,194.114806299047,198.428638683406,"FALSE","FALSE",6,"IncidentLungCancer",FALSE,"overall",TRUE,21,NA,5,"70;79","Both",365,2000-01-01,2019-12-31,NA,NA,"CPRDAurum"
1,"153",2641341,5111487163,4221,2000-01-01,2019-12-31,13994489.1526352,30.1618726768971,29.2587489311718,31.0857857261185,"FALSE","FALSE",6,"IncidentLungCancer",FALSE,"overall",TRUE,14,NA,5,"50;59","Female",365,2000-01-01,2019-12-31,NA,NA,"CPRDAurum"
1,"154",24334950,64310173086,88540,2000-01-01,2019-12-31,176071658.004107,50.2863442098869,49.955653441282,50.6186806708186,"FALSE","FALSE",6,"IncidentLungCancer",FALSE,"overall",TRUE,3,NA,5,"18;150","Both",365,2000-01-01,2019-12-31,NA,NA,"CPRDAurum"
1,"155",2073400,4128940604,10363,2000-01-01,2019-12-31,11304423.2826831,91.6720803959523,89.9154831533615,93.4543659834335,"FALSE","FALSE",6,"IncidentLungCancer",FALSE,"overall",TRUE,17,NA,5,"60;69","Female",365,2000-01-01,2019-12-31,NA,NA,"CPRDAurum"
1,"156",787205,1276564951,10626,2000-01-01,2019-12-31,3495044.3559206,304.030476237006,298.276925349227,309.867110467846,"FALSE","FALSE",6,"IncidentLungCancer",FALSE,"overall",TRUE,22,NA,5,"80;89","Male",365,2000-01-01,2019-12-31,NA,NA,"CPRDAurum"
1,"157",1650857,3173646169,13783,2000-01-01,2019-12-31,8688969.66187543,158.62640262718,155.989114532654,161.297096790748,"FALSE","FALSE",6,"IncidentLungCancer",FALSE,"overall",TRUE,20,NA,5,"70;79","Female",365,2000-01-01,2019-12-31,NA,NA,"CPRDAurum"
1,"158",2796883,5359801558,4760,2000-01-01,2019-12-31,14674336.9144422,32.4375815258495,31.5225576897305,33.3724255482582,"FALSE","FALSE",6,"IncidentLungCancer",FALSE,"overall",TRUE,13,NA,5,"50;59","Male",365,2000-01-01,2019-12-31,NA,NA,"CPRDAurum"
1,"159",3420820,6192810764,934,2000-01-01,2019-12-31,16954991.8247776,5.50870215481365,5.16103720171282,5.87362586291217,"FALSE","FALSE",6,"IncidentLungCancer",FALSE,"overall",TRUE,10,NA,5,"40;49","Male",365,2000-01-01,2019-12-31,NA,NA,"CPRDAurum"
1,"16",4336623,6045571243,7,2000-01-01,2019-12-31,16551871.9863107,0.0422912888994632,0.0170032915542574,0.0871362186321322,"FALSE","FALSE",1,"IncidentBreastCancer",FALSE,"overall",TRUE,4,NA,5,"18;29","Male",365,2000-01-01,2019-12-31,NA,NA,"CPRDAurum"
1,"160",8292622,11936406674,274,2000-01-01,2019-12-31,32680100.4079398,0.838430716490181,0.742084954761894,0.943812487426078,"FALSE","FALSE",6,"IncidentLungCancer",FALSE,"overall",TRUE,9,NA,5,"30;39","Both",365,2000-01-01,2019-12-31,NA,NA,"CPRDAurum"
1,"161",4204712,6096217255,129,2000-01-01,2019-12-31,16690533.21013,0.772893222618589,0.645280934802126,0.91835649992057,"FALSE","FALSE",6,"IncidentLungCancer",FALSE,"overall",TRUE,7,NA,5,"30;39","Male",365,2000-01-01,2019-12-31,NA,NA,"CPRDAurum"
1,"162",11841219,32065711784,48819,2000-01-01,2019-12-31,87791134.2477755,55.608120818005,55.115922432936,56.1036210608384,"FALSE","FALSE",6,"IncidentLungCancer",FALSE,"overall",TRUE,1,NA,5,"18;150","Male",365,2000-01-01,2019-12-31,NA,NA,"CPRDAurum"
1,"163",4901841,5621092319,8,2000-01-01,2019-12-31,15389712.0301164,0.051982779043199,0.022442474362026,0.102426797781181,"FALSE","FALSE",7,"IncidentPancreaticCancer",FALSE,"overall",TRUE,5,NA,5,"18;29","Female",365,2000-01-01,2019-12-31,NA,NA,"CPRDAurum"
1,"164",4173304,8229703429,4873,2000-01-01,2019-12-31,22531700.0109514,21.6273072943076,21.0242930459554,22.2432292058023,"FALSE","FALSE",7,"IncidentPancreaticCancer",FALSE,"overall",TRUE,18,NA,5,"60;69","Both",365,2000-01-01,2019-12-31,NA,NA,"CPRDAurum"
1,"165",12495664,32264414336,10004,2000-01-01,2019-12-31,88335152.1861739,11.3250498271806,11.1042014744996,11.5491857611879,"FALSE","FALSE",7,"IncidentPancreaticCancer",FALSE,"overall",TRUE,2,NA,5,"18;150","Female",365,2000-01-01,2019-12-31,NA,NA,"CPRDAurum"
1,"166",2098479,4095240711,2653,2000-01-01,2019-12-31,11212158.0041068,23.661814246894,22.7699078883519,24.5797038235407,"FALSE","FALSE",7,"IncidentPancreaticCancer",FALSE,"overall",TRUE,16,NA,5,"60;69","Male",365,2000-01-01,2019-12-31,NA,NA,"CPRDAurum"
1,"167",5439256,10475066632,2214,2000-01-01,2019-12-31,28679169.4236824,7.7198888408942,7.40163790438227,8.04830419298248,"FALSE","FALSE",7,"IncidentPancreaticCancer",FALSE,"overall",TRUE,15,NA,5,"50;59","Both",365,2000-01-01,2019-12-31,NA,NA,"CPRDAurum"
1,"168",9238468,11666661964,14,2000-01-01,2019-12-31,31941579.6413415,0.043830017667254,0.0239622785167275,0.0735393220547968,"FALSE","FALSE",7,"IncidentPancreaticCancer",FALSE,"overall",TRUE,6,NA,5,"18;29","Both",365,2000-01-01,2019-12-31,NA,NA,"CPRDAurum"
1,"169",465098,586663897,591,2000-01-01,2019-12-31,1606198.21218344,36.7949606416636,33.887873661683,39.8847383670227,"FALSE","FALSE",7,"IncidentPancreaticCancer",FALSE,"overall",TRUE,26,NA,5,"90;150","Female",365,2000-01-01,2019-12-31,NA,NA,"CPRDAurum"
1,"17",3074957,5824477840,28350,2000-01-01,2019-12-31,15946551.2388775,177.781387180967,175.717869241194,179.863091631719,"FALSE","FALSE",1,"IncidentBreastCancer",FALSE,"overall",TRUE,21,NA,5,"70;79","Both",365,2000-01-01,2019-12-31,NA,NA,"CPRDAurum"
1,"170",6516206,12026306236,656,2000-01-01,2019-12-31,32926231.9945243,1.99233243606221,1.84276837243307,2.15080231894875,"FALSE","FALSE",7,"IncidentPancreaticCancer",FALSE,"overall",TRUE,12,NA,5,"40;49","Both",365,2000-01-01,2019-12-31,NA,NA,"CPRDAurum"
1,"171",667320,830055439,868,2000-01-01,2019-12-31,2272567.93702943,38.1946777412779,35.6956882068387,40.8224821500877,"FALSE","FALSE",7,"IncidentPancreaticCancer",FALSE,"overall",TRUE,27,NA,5,"90;150","Both",365,2000-01-01,2019-12-31,NA,NA,"CPRDAurum"
1,"172",1163934,1954310078,2712,2000-01-01,2019-12-31,5350609.3853525,50.6858154778446,48.7959680723514,52.6301066357654,"FALSE","FALSE",7,"IncidentPancreaticCancer",FALSE,"overall",TRUE,23,NA,5,"80;89","Female",365,2000-01-01,2019-12-31,NA,NA,"CPRDAurum"
1,"173",1953682,3235666761,4748,2000-01-01,2019-12-31,8858772.78850103,53.5965885270594,52.0827996136753,55.1432092880008,"FALSE","FALSE",7,"IncidentPancreaticCancer",FALSE,"overall",TRUE,24,NA,5,"80;89","Both",365,2000-01-01,2019-12-31,NA,NA,"CPRDAurum"
1,"174",3095266,5833173218,290,2000-01-01,2019-12-31,15970357.8863792,1.81586412817546,1.61286319733141,2.0373452384099,"FALSE","FALSE",7,"IncidentPancreaticCancer",FALSE,"overall",TRUE,11,NA,5,"40;49","Female",365,2000-01-01,2019-12-31,NA,NA,"CPRDAurum"
1,"175",4087950,5840275148,39,2000-01-01,2019-12-31,15989801.9110198,0.243905460599371,0.173440625742359,0.333426793918502,"FALSE","FALSE",7,"IncidentPancreaticCancer",FALSE,"overall",TRUE,8,NA,5,"30;39","Female",365,2000-01-01,2019-12-31,NA,NA,"CPRDAurum"
1,"176",1471322,2771105527,3449,2000-01-01,2019-12-31,7586873.44832307,45.4600966194096,43.9554574302027,47.0031040820218,"FALSE","FALSE",7,"IncidentPancreaticCancer",FALSE,"overall",TRUE,19,NA,5,"70;79","Male",365,2000-01-01,2019-12-31,NA,NA,"CPRDAurum"
1,"177",202222,243391542,277,2000-01-01,2019-12-31,666369.724845996,41.568515145855,36.8169381761765,46.7631886806609,"FALSE","FALSE",7,"IncidentPancreaticCancer",FALSE,"overall",TRUE,25,NA,5,"90;150","Male",365,2000-01-01,2019-12-31,NA,NA,"CPRDAurum"
1,"178",4336627,6045569645,6,2000-01-01,2019-12-31,16551867.6112252,0.0362496857812644,0.0133029958021025,0.0789003049641478,"FALSE","FALSE",7,"IncidentPancreaticCancer",FALSE,"overall",TRUE,4,NA,5,"18;29","Male",365,2000-01-01,2019-12-31,NA,NA,"CPRDAurum"
1,"179",3124674,5952021224,6661,2000-01-01,2019-12-31,16295745.9931554,40.8756984970052,39.8999032663855,41.8693283976412,"FALSE","FALSE",7,"IncidentPancreaticCancer",FALSE,"overall",TRUE,21,NA,5,"70;79","Both",365,2000-01-01,2019-12-31,NA,NA,"CPRDAurum"
1,"18",2609920,5003774900,38135,2000-01-01,2019-12-31,13699589.0485969,278.366014226579,275.579088611271,281.174103400683,"FALSE","FALSE",1,"IncidentBreastCancer",FALSE,"overall",TRUE,14,NA,5,"50;59","Female",365,2000-01-01,2019-12-31,NA,NA,"CPRDAurum"
1,"180",2641870,5113521261,932,2000-01-01,2019-12-31,14000058.2094456,6.65711517807259,6.23652841141769,7.09860367607387,"FALSE","FALSE",7,"IncidentPancreaticCancer",FALSE,"overall",TRUE,14,NA,5,"50;59","Female",365,2000-01-01,2019-12-31,NA,NA,"CPRDAurum"
1,"181",24339673,64352060275,20127,2000-01-01,2019-12-31,176186338.877481,11.4237006843057,11.2664177410036,11.5826302970933,"FALSE","FALSE",7,"IncidentPancreaticCancer",FALSE,"overall",TRUE,3,NA,5,"18;150","Both",365,2000-01-01,2019-12-31,NA,NA,"CPRDAurum"
1,"182",2074825,4134462718,2220,2000-01-01,2019-12-31,11319542.0068446,19.6121009017646,18.8046777015335,20.4452763980774,"FALSE","FALSE",7,"IncidentPancreaticCancer",FALSE,"overall",TRUE,17,NA,5,"60;69","Female",365,2000-01-01,2019-12-31,NA,NA,"CPRDAurum"
1,"183",789748,1281356683,2036,2000-01-01,2019-12-31,3508163.40314853,58.0360652007463,55.5422624379021,60.6129871171989,"FALSE","FALSE",7,"IncidentPancreaticCancer",FALSE,"overall",TRUE,22,NA,5,"80;89","Male",365,2000-01-01,2019-12-31,NA,NA,"CPRDAurum"
1,"184",1653352,3180915697,3212,2000-01-01,2019-12-31,8708872.54483231,36.8819268334102,35.6173563545294,38.1799293552723,"FALSE","FALSE",7,"IncidentPancreaticCancer",FALSE,"overall",TRUE,20,NA,5,"70;79","Female",365,2000-01-01,2019-12-31,NA,NA,"CPRDAurum"
1,"185",2797386,5361545371,1282,2000-01-01,2019-12-31,14679111.2142368,8.73349878810529,8.26191258831866,9.22498786961873,"FALSE","FALSE",7,"IncidentPancreaticCancer",FALSE,"overall",TRUE,13,NA,5,"50;59","Male",365,2000-01-01,2019-12-31,NA,NA,"CPRDAurum"
1,"186",3420940,6193133018,366,2000-01-01,2019-12-31,16955874.1081451,2.15854398107488,1.94304126931954,2.39141610503843,"FALSE","FALSE",7,"IncidentPancreaticCancer",FALSE,"overall",TRUE,10,NA,5,"40;49","Male",365,2000-01-01,2019-12-31,NA,NA,"CPRDAurum"
1,"187",8292698,11936578590,93,2000-01-01,2019-12-31,32680571.0882957,0.284572750423285,0.229686936989093,0.348620844836265,"FALSE","FALSE",7,"IncidentPancreaticCancer",FALSE,"overall",TRUE,9,NA,5,"30;39","Both",365,2000-01-01,2019-12-31,NA,NA,"CPRDAurum"
1,"188",4204748,6096303442,54,2000-01-01,2019-12-31,16690769.1772758,0.323532123813203,0.243047288843795,0.422139241429558,"FALSE","FALSE",7,"IncidentPancreaticCancer",FALSE,"overall",TRUE,7,NA,5,"30;39","Male",365,2000-01-01,2019-12-31,NA,NA,"CPRDAurum"
1,"189",11844009,32087645939,10123,2000-01-01,2019-12-31,87851186.6913073,11.5228950014874,11.299506741793,11.7495888879819,"FALSE","FALSE",7,"IncidentPancreaticCancer",FALSE,"overall",TRUE,1,NA,5,"18;150","Male",365,2000-01-01,2019-12-31,NA,NA,"CPRDAurum"
1,"19",24288383,63830791803,157826,2000-01-01,2019-12-31,174759183.581109,90.3105615200761,89.8655528092456,90.7572278100544,"FALSE","FALSE",1,"IncidentBreastCancer",FALSE,"overall",TRUE,3,NA,5,"18;150","Both",365,2000-01-01,2019-12-31,NA,NA,"CPRDAurum"
1,"190",4901850,5621100604,NA,2000-01-01,2019-12-31,15389734.7132101,NA,NA,NA,"FALSE","TRUE",8,"IncidentProstateCancer",FALSE,"overall",TRUE,5,NA,5,"18;29","Female",365,2000-01-01,2019-12-31,NA,NA,"CPRDAurum"
1,"191",4159001,8162265649,40058,2000-01-01,2019-12-31,22347065.431896,179.253961206133,177.502819072908,181.018076849597,"FALSE","FALSE",8,"IncidentProstateCancer",FALSE,"overall",TRUE,18,NA,5,"60;69","Both",365,2000-01-01,2019-12-31,NA,NA,"CPRDAurum"
1,"192",12496239,32268387603,NA,2000-01-01,2019-12-31,88346030.3983573,NA,NA,NA,"FALSE","TRUE",8,"IncidentProstateCancer",FALSE,"overall",TRUE,2,NA,5,"18;150","Female",365,2000-01-01,2019-12-31,NA,NA,"CPRDAurum"
1,"193",2083887,4026887591,40058,2000-01-01,2019-12-31,11025017.3607118,363.337296345206,359.787833650374,366.913055586585,"FALSE","FALSE",8,"IncidentProstateCancer",FALSE,"overall",TRUE,16,NA,5,"60;69","Male",365,2000-01-01,2019-12-31,NA,NA,"CPRDAurum"
1,"194",5437262,10462157961,12182,2000-01-01,2019-12-31,28643827.4086242,42.5292326553126,41.7773197617883,43.2912809732446,"FALSE","FALSE",8,"IncidentProstateCancer",FALSE,"overall",TRUE,15,NA,5,"50;59","Both",365,2000-01-01,2019-12-31,NA,NA,"CPRDAurum"
1,"195",9238476,11666672077,10,2000-01-01,2019-12-31,31941607.3292266,0.0313071283386857,0.0150129849343701,0.0575749236801575,"FALSE","FALSE",8,"IncidentProstateCancer",FALSE,"overall",TRUE,6,NA,5,"18;29","Both",365,2000-01-01,2019-12-31,NA,NA,"CPRDAurum"
1,"196",465267,586913062,NA,2000-01-01,2019-12-31,1606880.38877481,NA,NA,NA,"FALSE","TRUE",8,"IncidentProstateCancer",FALSE,"overall",TRUE,26,NA,5,"90;150","Female",365,2000-01-01,2019-12-31,NA,NA,"CPRDAurum"
1,"197",6516168,12025808672,1056,2000-01-01,2019-12-31,32924869.7385353,3.20730198292648,3.01675024486296,3.40673554549545,"FALSE","FALSE",8,"IncidentProstateCancer",FALSE,"overall",TRUE,12,NA,5,"40;49","Both",365,2000-01-01,2019-12-31,NA,NA,"CPRDAurum"
1,"198",656049,817082714,3478,2000-01-01,2019-12-31,2237050.55167693,155.472570675385,150.348055915819,160.727206900946,"FALSE","FALSE",8,"IncidentProstateCancer",FALSE,"overall",TRUE,27,NA,5,"90;150","Both",365,2000-01-01,2019-12-31,NA,NA,"CPRDAurum"
1,"199",1164337,1955166380,NA,2000-01-01,2019-12-31,5352953.81245722,NA,NA,NA,"FALSE","TRUE",8,"IncidentProstateCancer",FALSE,"overall",TRUE,23,NA,5,"80;89","Female",365,2000-01-01,2019-12-31,NA,NA,"CPRDAurum"
1,"2",4126648,8085674215,38953,2000-01-01,2019-12-31,22137369.5140315,175.960382173276,174.217263818608,177.716597240658,"FALSE","FALSE",1,"IncidentBreastCancer",FALSE,"overall",TRUE,18,NA,5,"60;69","Both",365,2000-01-01,2019-12-31,NA,NA,"CPRDAurum"
1,"20",2027941,3989939340,38685,2000-01-01,2019-12-31,10923858.5626283,354.133109452235,350.612855667321,357.679904086396,"FALSE","FALSE",1,"IncidentBreastCancer",FALSE,"overall",TRUE,17,NA,5,"60;69","Female",365,2000-01-01,2019-12-31,NA,NA,"CPRDAurum"
1,"200",1913081,3149859331,25253,2000-01-01,2019-12-31,8623844.84873374,292.827624371141,289.226986565414,296.461895287424,"FALSE","FALSE",8,"IncidentProstateCancer",FALSE,"overall",TRUE,24,NA,5,"80;89","Both",365,2000-01-01,2019-12-31,NA,NA,"CPRDAurum"
1,"201",3095308,5833356952,NA,2000-01-01,2019-12-31,15970860.9226557,NA,NA,NA,"FALSE","TRUE",8,"IncidentProstateCancer",FALSE,"overall",TRUE,11,NA,5,"40;49","Female",365,2000-01-01,2019-12-31,NA,NA,"CPRDAurum"
1,"202",4087968,5840316305,NA,2000-01-01,2019-12-31,15989914.5927447,NA,NA,NA,"FALSE","TRUE",8,"IncidentProstateCancer",FALSE,"overall",TRUE,8,NA,5,"30;39","Female",365,2000-01-01,2019-12-31,NA,NA,"CPRDAurum"
1,"203",1431674,2641978369,51137,2000-01-01,2019-12-31,7233342.55715264,706.962232134763,700.847930559077,713.116606979437,"FALSE","FALSE",8,"IncidentProstateCancer",FALSE,"overall",TRUE,19,NA,5,"70;79","Male",365,2000-01-01,2019-12-31,NA,NA,"CPRDAurum"
1,"204",190782,230169652,3478,2000-01-01,2019-12-31,630170.162902122,551.914420064379,533.722827943978,570.567932336555,"FALSE","FALSE",8,"IncidentProstateCancer",FALSE,"overall",TRUE,25,NA,5,"90;150","Male",365,2000-01-01,2019-12-31,NA,NA,"CPRDAurum"
1,"205",4336626,6045571473,10,2000-01-01,2019-12-31,16551872.6160164,0.0604161247007393,0.0289718801454053,0.111107404392554,"FALSE","FALSE",8,"IncidentProstateCancer",FALSE,"overall",TRUE,4,NA,5,"18;29","Male",365,2000-01-01,2019-12-31,NA,NA,"CPRDAurum"
1,"206",3085471,5824155511,51137,2000-01-01,2019-12-31,15945668.7501711,320.695235810986,317.921640141366,323.487009688527,"FALSE","FALSE",8,"IncidentProstateCancer",FALSE,"overall",TRUE,21,NA,5,"70;79","Both",365,2000-01-01,2019-12-31,NA,NA,"CPRDAurum"
1,"207",2642018,5113979100,NA,2000-01-01,2019-12-31,14001311.7043121,NA,NA,NA,"FALSE","TRUE",8,"IncidentProstateCancer",FALSE,"overall",TRUE,14,NA,5,"50;59","Female",365,2000-01-01,2019-12-31,NA,NA,"CPRDAurum"
1,"208",24313672,64044618486,133200,2000-01-01,2019-12-31,175344609.13347,75.9646964102613,75.557286048983,76.3737589409466,"FALSE","FALSE",8,"IncidentProstateCancer",FALSE,"overall",TRUE,3,NA,5,"18;150","Both",365,2000-01-01,2019-12-31,NA,NA,"CPRDAurum"
1,"209",2075114,4135378058,NA,2000-01-01,2019-12-31,11322048.0711841,NA,NA,NA,"FALSE","TRUE",8,"IncidentProstateCancer",FALSE,"overall",TRUE,17,NA,5,"60;69","Female",365,2000-01-01,2019-12-31,NA,NA,"CPRDAurum"
1,"21",789877,1281478212,181,2000-01-01,2019-12-31,3508496.13141684,5.15890550310816,4.43468994062587,5.96766812149981,"FALSE","FALSE",1,"IncidentBreastCancer",FALSE,"overall",TRUE,22,NA,5,"80;89","Male",365,2000-01-01,2019-12-31,NA,NA,"CPRDAurum"
1,"210",748744,1194692951,25253,2000-01-01,2019-12-31,3270891.03627652,772.05262174515,762.559385361336,781.634533270999,"FALSE","FALSE",8,"IncidentProstateCancer",FALSE,"overall",TRUE,22,NA,5,"80;89","Male",365,2000-01-01,2019-12-31,NA,NA,"CPRDAurum"
1,"211",1653797,3182177142,NA,2000-01-01,2019-12-31,8712326.19301848,NA,NA,NA,"FALSE","TRUE",8,"IncidentProstateCancer",FALSE,"overall",TRUE,20,NA,5,"70;79","Female",365,2000-01-01,2019-12-31,NA,NA,"CPRDAurum"
1,"212",2795244,5348178861,12182,2000-01-01,2019-12-31,14642515.7043121,83.1960862873617,81.7251871889174,84.6868123986848,"FALSE","FALSE",8,"IncidentProstateCancer",FALSE,"overall",TRUE,13,NA,5,"50;59","Male",365,2000-01-01,2019-12-31,NA,NA,"CPRDAurum"
1,"213",3420860,6192451720,1056,2000-01-01,2019-12-31,16954008.8158795,6.22861537626974,5.85856182596626,6.6159175264801,"FALSE","FALSE",8,"IncidentProstateCancer",FALSE,"overall",TRUE,10,NA,5,"40;49","Male",365,2000-01-01,2019-12-31,NA,NA,"CPRDAurum"
1,"214",8292716,11936616571,26,2000-01-01,2019-12-31,32680675.0746064,0.0795577200919039,0.0519697441280621,0.116570493100757,"FALSE","FALSE",8,"IncidentProstateCancer",FALSE,"overall",TRUE,9,NA,5,"30;39","Both",365,2000-01-01,2019-12-31,NA,NA,"CPRDAurum"
1,"215",4204748,6096300266,26,2000-01-01,2019-12-31,16690760.4818617,0.155774807434657,0.101757276033368,0.228246185214418,"FALSE","FALSE",8,"IncidentProstateCancer",FALSE,"overall",TRUE,7,NA,5,"30;39","Male",365,2000-01-01,2019-12-31,NA,NA,"CPRDAurum"
1,"216",11817433,31776230883,133200,2000-01-01,2019-12-31,86998578.7351129,153.105949472529,152.284818695521,153.930410177485,"FALSE","FALSE",8,"IncidentProstateCancer",FALSE,"overall",TRUE,1,NA,5,"18;150","Male",365,2000-01-01,2019-12-31,NA,NA,"CPRDAurum"
1,"217",4901845,5621080284,17,2000-01-01,2019-12-31,15389679.0800821,0.110463641974198,0.0643491421625826,0.176862991582027,"FALSE","FALSE",9,"IncidentStomachCancer",FALSE,"overall",TRUE,5,NA,5,"18;29","Female",365,2000-01-01,2019-12-31,NA,NA,"CPRDAurum"
1,"218",4173157,8229220129,2619,2000-01-01,2019-12-31,22530376.807666,11.6243062526539,11.1833329087748,12.0782105914506,"FALSE","FALSE",9,"IncidentStomachCancer",FALSE,"overall",TRUE,18,NA,5,"60;69","Both",365,2000-01-01,2019-12-31,NA,NA,"CPRDAurum"
1,"219",12495469,32263102019,5047,2000-01-01,2019-12-31,88331559.2580424,5.7136996588685,5.55714103485279,5.87355050690067,"FALSE","FALSE",9,"IncidentStomachCancer",FALSE,"overall",TRUE,2,NA,5,"18;150","Female",365,2000-01-01,2019-12-31,NA,NA,"CPRDAurum"
1,"22",1603425,3052945516,28048,2000-01-01,2019-12-31,8358509.28405202,335.562228225497,331.646487898182,339.512665559076,"FALSE","FALSE",1,"IncidentBreastCancer",FALSE,"overall",TRUE,20,NA,5,"70;79","Female",365,2000-01-01,2019-12-31,NA,NA,"CPRDAurum"
1,"220",2098337,4094698564,1782,2000-01-01,2019-12-31,11210673.6865161,15.8955656888251,15.1660267861284,16.651128380871,"FALSE","FALSE",9,"IncidentStomachCancer",FALSE,"overall",TRUE,16,NA,5,"60;69","Male",365,2000-01-01,2019-12-31,NA,NA,"CPRDAurum"
1,"221",5439195,10474986015,1141,2000-01-01,2019-12-31,28678948.7063655,3.97852798469822,3.75099929706379,4.21624949450108,"FALSE","FALSE",9,"IncidentStomachCancer",FALSE,"overall",TRUE,15,NA,5,"50;59","Both",365,2000-01-01,2019-12-31,NA,NA,"CPRDAurum"
1,"222",9238468,11666647366,32,2000-01-01,2019-12-31,31941539.6741958,0.100183022879925,0.0685251134871465,0.141428536445646,"FALSE","FALSE",9,"IncidentStomachCancer",FALSE,"overall",TRUE,6,NA,5,"18;29","Both",365,2000-01-01,2019-12-31,NA,NA,"CPRDAurum"
1,"223",464943,586378057,368,2000-01-01,2019-12-31,1605415.62491444,22.9224130056422,20.6399697103458,25.3882977998739,"FALSE","FALSE",9,"IncidentStomachCancer",FALSE,"overall",TRUE,26,NA,5,"90;150","Female",365,2000-01-01,2019-12-31,NA,NA,"CPRDAurum"
1,"224",6516149,12026190592,512,2000-01-01,2019-12-31,32925915.3785079,1.55500612242417,1.42321235054809,1.69572093924705,"FALSE","FALSE",9,"IncidentStomachCancer",FALSE,"overall",TRUE,12,NA,5,"40;49","Both",365,2000-01-01,2019-12-31,NA,NA,"CPRDAurum"
1,"225",666945,829451536,677,2000-01-01,2019-12-31,2270914.54072553,29.8117779361132,27.6081246935409,32.1445315666783,"FALSE","FALSE",9,"IncidentStomachCancer",FALSE,"overall",TRUE,27,NA,5,"90;150","Both",365,2000-01-01,2019-12-31,NA,NA,"CPRDAurum"
1,"226",1163652,1953515211,1653,2000-01-01,2019-12-31,5348433.15811088,30.9062477015952,29.4341321512087,32.432927357518,"FALSE","FALSE",9,"IncidentStomachCancer",FALSE,"overall",TRUE,23,NA,5,"80;89","Female",365,2000-01-01,2019-12-31,NA,NA,"CPRDAurum"
1,"227",1952623,3233239966,4011,2000-01-01,2019-12-31,8852128.58590007,45.3111357463654,43.9196118791901,46.7355301811705,"FALSE","FALSE",9,"IncidentStomachCancer",FALSE,"overall",TRUE,24,NA,5,"80;89","Both",365,2000-01-01,2019-12-31,NA,NA,"CPRDAurum"
1,"228",3095246,5833158804,213,2000-01-01,2019-12-31,15970318.4229979,1.33372418982749,1.16061475217688,1.52537278812232,"FALSE","FALSE",9,"IncidentStomachCancer",FALSE,"overall",TRUE,11,NA,5,"40;49","Female",365,2000-01-01,2019-12-31,NA,NA,"CPRDAurum"
1,"229",4087943,5840243407,82,2000-01-01,2019-12-31,15989715.008898,0.512829653026138,0.407868642009017,0.636556818426265,"FALSE","FALSE",9,"IncidentStomachCancer",FALSE,"overall",TRUE,8,NA,5,"30;39","Female",365,2000-01-01,2019-12-31,NA,NA,"CPRDAurum"
1,"23",2797488,5361799353,141,2000-01-01,2019-12-31,14679806.5790554,0.960503118625372,0.808510973446067,1.13276647991058,"FALSE","FALSE",1,"IncidentBreastCancer",FALSE,"overall",TRUE,13,NA,5,"50;59","Male",365,2000-01-01,2019-12-31,NA,NA,"CPRDAurum"
1,"230",1470730,2769208744,3243,2000-01-01,2019-12-31,7581680.3394935,42.7741589566496,41.3145274887114,44.272191827135,"FALSE","FALSE",9,"IncidentStomachCancer",FALSE,"overall",TRUE,19,NA,5,"70;79","Male",365,2000-01-01,2019-12-31,NA,NA,"CPRDAurum"
1,"231",202002,243073479,309,2000-01-01,2019-12-31,665498.915811088,46.4313303385928,41.3980668090767,51.9078080033062,"FALSE","FALSE",9,"IncidentStomachCancer",FALSE,"overall",TRUE,25,NA,5,"90;150","Male",365,2000-01-01,2019-12-31,NA,NA,"CPRDAurum"
1,"232",4336623,6045567082,15,2000-01-01,2019-12-31,16551860.5941136,0.0906242528730244,0.0507217063909358,0.149470923409567,"FALSE","FALSE",9,"IncidentStomachCancer",FALSE,"overall",TRUE,4,NA,5,"18;29","Male",365,2000-01-01,2019-12-31,NA,NA,"CPRDAurum"
1,"233",3123975,5949844339,4724,2000-01-01,2019-12-31,16289786.0068446,28.9997670811334,28.1786307447308,29.8387583771292,"FALSE","FALSE",9,"IncidentStomachCancer",FALSE,"overall",TRUE,21,NA,5,"70;79","Both",365,2000-01-01,2019-12-31,NA,NA,"CPRDAurum"
1,"234",2641869,5113569096,396,2000-01-01,2019-12-31,14000189.174538,2.8285332081098,2.55677135894907,3.1213175434722,"FALSE","FALSE",9,"IncidentStomachCancer",FALSE,"overall",TRUE,14,NA,5,"50;59","Female",365,2000-01-01,2019-12-31,NA,NA,"CPRDAurum"
1,"235",24338823,64346067920,13874,2000-01-01,2019-12-31,176169932.703628,7.87535068389926,7.74484514379262,8.00750384673325,"FALSE","FALSE",9,"IncidentStomachCancer",FALSE,"overall",TRUE,3,NA,5,"18;150","Both",365,2000-01-01,2019-12-31,NA,NA,"CPRDAurum"
1,"236",2074820,4134521565,837,2000-01-01,2019-12-31,11319703.1211499,7.39418685315286,6.90167737720526,7.9125628180025,"FALSE","FALSE",9,"IncidentStomachCancer",FALSE,"overall",TRUE,17,NA,5,"60;69","Female",365,2000-01-01,2019-12-31,NA,NA,"CPRDAurum"
1,"237",788971,1279724755,2358,2000-01-01,2019-12-31,3503695.42778919,67.300370383161,64.6111040734981,70.0728182352291,"FALSE","FALSE",9,"IncidentStomachCancer",FALSE,"overall",TRUE,22,NA,5,"80;89","Male",365,2000-01-01,2019-12-31,NA,NA,"CPRDAurum"
1,"238",1653245,3180635595,1481,2000-01-01,2019-12-31,8708105.66735113,17.0071431901962,16.1519030590717,17.8959115772237,"FALSE","FALSE",9,"IncidentStomachCancer",FALSE,"overall",TRUE,20,NA,5,"70;79","Female",365,2000-01-01,2019-12-31,NA,NA,"CPRDAurum"
1,"239",2797326,5361416919,745,2000-01-01,2019-12-31,14678759.5318275,5.07536075091794,4.71740648647067,5.45327595984413,"FALSE","FALSE",9,"IncidentStomachCancer",FALSE,"overall",TRUE,13,NA,5,"50;59","Male",365,2000-01-01,2019-12-31,NA,NA,"CPRDAurum"
1,"24",3420966,6193198961,70,2000-01-01,2019-12-31,16956054.6502396,0.412831884798219,0.321822707189579,0.521588250665313,"FALSE","FALSE",1,"IncidentBreastCancer",FALSE,"overall",TRUE,10,NA,5,"40;49","Male",365,2000-01-01,2019-12-31,NA,NA,"CPRDAurum"
1,"240",3420903,6193031788,299,2000-01-01,2019-12-31,16955596.9555099,1.76342950817097,1.5691922746224,1.97506803792821,"FALSE","FALSE",9,"IncidentStomachCancer",FALSE,"overall",TRUE,10,NA,5,"40;49","Male",365,2000-01-01,2019-12-31,NA,NA,"CPRDAurum"
1,"241",8292670,11936487977,158,2000-01-01,2019-12-31,32680323.0034223,0.483471353644375,0.411024146947815,0.565010660693089,"FALSE","FALSE",9,"IncidentStomachCancer",FALSE,"overall",TRUE,9,NA,5,"30;39","Both",365,2000-01-01,2019-12-31,NA,NA,"CPRDAurum"
1,"242",4204727,6096244570,76,2000-01-01,2019-12-31,16690607.9945243,0.455345904864181,0.358760782687475,0.569933300180194,"FALSE","FALSE",9,"IncidentStomachCancer",FALSE,"overall",TRUE,7,NA,5,"30;39","Male",365,2000-01-01,2019-12-31,NA,NA,"CPRDAurum"
1,"243",11843354,32082965901,8827,2000-01-01,2019-12-31,87838373.4455852,10.0491387234854,9.84058091452816,10.2610034253176,"FALSE","FALSE",9,"IncidentStomachCancer",FALSE,"overall",TRUE,1,NA,5,"18;150","Male",365,2000-01-01,2019-12-31,NA,NA,"CPRDAurum"
1,"25",8290323,11928911771,5907,2000-01-01,2019-12-31,32659580.4818617,18.0865764741852,17.628249726668,18.5538042337416,"FALSE","FALSE",1,"IncidentBreastCancer",FALSE,"overall",TRUE,9,NA,5,"30;39","Both",365,2000-01-01,2019-12-31,NA,NA,"CPRDAurum"
1,"26",4204747,6096292635,19,2000-01-01,2019-12-31,16690739.5893224,0.113835578695116,0.0685364546199306,0.177768357194711,"FALSE","FALSE",1,"IncidentBreastCancer",FALSE,"overall",TRUE,7,NA,5,"30;39","Male",365,2000-01-01,2019-12-31,NA,NA,"CPRDAurum"
1,"27",11844346,32089031195,1019,2000-01-01,2019-12-31,87854979.3155373,1.15986596085828,1.08973554090844,1.23332557950902,"FALSE","FALSE",1,"IncidentBreastCancer",FALSE,"overall",TRUE,1,NA,5,"18;150","Male",365,2000-01-01,2019-12-31,NA,NA,"CPRDAurum"
1,"28",4901791,5620982086,121,2000-01-01,2019-12-31,15389410.2286105,0.78625495196072,0.652413510792521,0.939474337896624,"FALSE","FALSE",2,"IncidentColorectalCancer",FALSE,"overall",TRUE,5,NA,5,"18;29","Female",365,2000-01-01,2019-12-31,NA,NA,"CPRDAurum"
1,"29",4161289,8186194945,24134,2000-01-01,2019-12-31,22412580.2737851,107.680595920624,106.326291661133,109.047842056195,"FALSE","FALSE",2,"IncidentColorectalCancer",FALSE,"overall",TRUE,18,NA,5,"60;69","Both",365,2000-01-01,2019-12-31,NA,NA,"CPRDAurum"
1,"3",12444037,31741760608,156807,2000-01-01,2019-12-31,86904204.2655715,180.436609857,179.544620930773,181.331932085462,"FALSE","FALSE",1,"IncidentBreastCancer",FALSE,"overall",TRUE,2,NA,5,"18;150","Female",365,2000-01-01,2019-12-31,NA,NA,"CPRDAurum"
1,"30",12485882,32171522372,43811,2000-01-01,2019-12-31,88080827.8494182,49.73954158889,49.2748620267896,50.2075124287547,"FALSE","FALSE",2,"IncidentColorectalCancer",FALSE,"overall",TRUE,2,NA,5,"18;150","Female",365,2000-01-01,2019-12-31,NA,NA,"CPRDAurum"
1,"31",2091550,4069709950,14814,2000-01-01,2019-12-31,11142258.5900068,132.953295602798,130.820836590109,135.111802729253,"FALSE","FALSE",2,"IncidentColorectalCancer",FALSE,"overall",TRUE,16,NA,5,"60;69","Male",365,2000-01-01,2019-12-31,NA,NA,"CPRDAurum"
1,"32",5434527,10457880774,11432,2000-01-01,2019-12-31,28632117.1088296,39.9271907017822,39.1985975824895,40.6659243892455,"FALSE","FALSE",2,"IncidentColorectalCancer",FALSE,"overall",TRUE,15,NA,5,"50;59","Both",365,2000-01-01,2019-12-31,NA,NA,"CPRDAurum"
1,"33",9238374,11666456440,231,2000-01-01,2019-12-31,31941016.9472964,0.723208031795471,0.632945685139072,0.822731666018592,"FALSE","FALSE",2,"IncidentColorectalCancer",FALSE,"overall",TRUE,6,NA,5,"18;29","Both",365,2000-01-01,2019-12-31,NA,NA,"CPRDAurum"
1,"34",459956,579319890,2443,2000-01-01,2019-12-31,1586091.41683778,154.026430889504,147.97860960597,160.257979022303,"FALSE","FALSE",2,"IncidentColorectalCancer",FALSE,"overall",TRUE,26,NA,5,"90;150","Female",365,2000-01-01,2019-12-31,NA,NA,"CPRDAurum"
1,"35",6514825,12021402776,3727,2000-01-01,2019-12-31,32912807.0527036,11.3238594144581,10.9631967568476,11.693364590351,"FALSE","FALSE",2,"IncidentColorectalCancer",FALSE,"overall",TRUE,12,NA,5,"40;49","Both",365,2000-01-01,2019-12-31,NA,NA,"CPRDAurum"
1,"36",658438,818043270,3951,2000-01-01,2019-12-31,2239680.41067762,176.409097528545,170.950839016124,181.997279105809,"FALSE","FALSE",2,"IncidentColorectalCancer",FALSE,"overall",TRUE,27,NA,5,"90;150","Both",365,2000-01-01,2019-12-31,NA,NA,"CPRDAurum"
1,"37",1152899,1926835518,11375,2000-01-01,2019-12-31,5275388.13963039,215.623944606983,211.679428330199,219.623499151133,"FALSE","FALSE",2,"IncidentColorectalCancer",FALSE,"overall",TRUE,23,NA,5,"80;89","Female",365,2000-01-01,2019-12-31,NA,NA,"CPRDAurum"
1,"38",1930511,3180403431,22928,2000-01-01,2019-12-31,8707470.03696099,263.314141796371,259.916721494936,266.744875699002,"FALSE","FALSE",2,"IncidentColorectalCancer",FALSE,"overall",TRUE,24,NA,5,"80;89","Both",365,2000-01-01,2019-12-31,NA,NA,"CPRDAurum"
1,"39",3094631,5830733068,1797,2000-01-01,2019-12-31,15963677.119781,11.2568049736692,10.7423011183831,11.7895837267405,"FALSE","FALSE",2,"IncidentColorectalCancer",FALSE,"overall",TRUE,11,NA,5,"40;49","Female",365,2000-01-01,2019-12-31,NA,NA,"CPRDAurum"
1,"4",2098707,4095734875,268,2000-01-01,2019-12-31,11213510.9514031,2.38997403365861,2.11237499687992,2.69391293530663,"FALSE","FALSE",1,"IncidentBreastCancer",FALSE,"overall",TRUE,16,NA,5,"60;69","Male",365,2000-01-01,2019-12-31,NA,NA,"CPRDAurum"
1,"40",4087740,5839570343,606,2000-01-01,2019-12-31,15987872.2600958,3.79037304114893,3.49455793339097,4.10453880572265,"FALSE","FALSE",2,"IncidentColorectalCancer",FALSE,"overall",TRUE,8,NA,5,"30;39","Female",365,2000-01-01,2019-12-31,NA,NA,"CPRDAurum"
1,"41",1458454,2731802634,18422,2000-01-01,2019-12-31,7479267.99178645,246.307526621998,242.763424096321,249.890423300188,"FALSE","FALSE",2,"IncidentColorectalCancer",FALSE,"overall",TRUE,19,NA,5,"70;79","Male",365,2000-01-01,2019-12-31,NA,NA,"CPRDAurum"
1,"42",198482,238723380,1508,2000-01-01,2019-12-31,653588.993839836,230.726039485533,219.226503993954,242.67225457295,"FALSE","FALSE",2,"IncidentColorectalCancer",FALSE,"overall",TRUE,25,NA,5,"90;150","Male",365,2000-01-01,2019-12-31,NA,NA,"CPRDAurum"
1,"43",4336583,6045474354,110,2000-01-01,2019-12-31,16551606.7186858,0.664588047973712,0.546210550002567,0.801008320703689,"FALSE","FALSE",2,"IncidentColorectalCancer",FALSE,"overall",TRUE,4,NA,5,"18;29","Male",365,2000-01-01,2019-12-31,NA,NA,"CPRDAurum"
1,"44",3102304,5883621776,31736,2000-01-01,2019-12-31,16108478.5106092,197.014261645496,194.852594778877,199.193930228188,"FALSE","FALSE",2,"IncidentColorectalCancer",FALSE,"overall",TRUE,21,NA,5,"70;79","Both",365,2000-01-01,2019-12-31,NA,NA,"CPRDAurum"
1,"45",2639732,5105777330,4835,2000-01-01,2019-12-31,13978856.4818617,34.5879507831964,33.6198111787736,35.5768958860877,"FALSE","FALSE",2,"IncidentColorectalCancer",FALSE,"overall",TRUE,14,NA,5,"50;59","Female",365,2000-01-01,2019-12-31,NA,NA,"CPRDAurum"
1,"46",24319115,64149178162,99321,2000-01-01,2019-12-31,175630877.924709,56.5509898792271,56.1998332070677,56.9037962692997,"FALSE","FALSE",2,"IncidentColorectalCancer",FALSE,"overall",TRUE,3,NA,5,"18;150","Both",365,2000-01-01,2019-12-31,NA,NA,"CPRDAurum"
1,"47",2069739,4116484995,9320,2000-01-01,2019-12-31,11270321.6837782,82.6950664009404,81.0246057894569,84.3912977242321,"FALSE","FALSE",2,"IncidentColorectalCancer",FALSE,"overall",TRUE,17,NA,5,"60;69","Female",365,2000-01-01,2019-12-31,NA,NA,"CPRDAurum"
1,"48",777612,1253567913,11553,2000-01-01,2019-12-31,3432081.8973306,336.617841461933,330.507330166521,342.812948971656,"FALSE","FALSE",2,"IncidentColorectalCancer",FALSE,"overall",TRUE,22,NA,5,"80;89","Male",365,2000-01-01,2019-12-31,NA,NA,"CPRDAurum"
1,"49",1643850,3151819142,13314,2000-01-01,2019-12-31,8629210.51882272,154.28989675195,151.680105638923,156.933326963173,"FALSE","FALSE",2,"IncidentColorectalCancer",FALSE,"overall",TRUE,20,NA,5,"70;79","Female",365,2000-01-01,2019-12-31,NA,NA,"CPRDAurum"
1,"5",5407408,10365574253,38276,2000-01-01,2019-12-31,28379395.6276523,134.872498703618,133.52467477591,136.230538886044,"FALSE","FALSE",1,"IncidentBreastCancer",FALSE,"overall",TRUE,15,NA,5,"50;59","Both",365,2000-01-01,2019-12-31,NA,NA,"CPRDAurum"
1,"50",2794795,5352103444,6597,2000-01-01,2019-12-31,14653260.6269678,45.0206965394371,43.9407814354551,46.1204457984201,"FALSE","FALSE",2,"IncidentColorectalCancer",FALSE,"overall",TRUE,13,NA,5,"50;59","Male",365,2000-01-01,2019-12-31,NA,NA,"CPRDAurum"
1,"51",3420194,6190669708,1930,2000-01-01,2019-12-31,16949129.9329227,11.387015189795,10.8846080071708,11.9066299834509,"FALSE","FALSE",2,"IncidentColorectalCancer",FALSE,"overall",TRUE,10,NA,5,"40;49","Male",365,2000-01-01,2019-12-31,NA,NA,"CPRDAurum"
1,"52",8292235,11935174750,1182,2000-01-01,2019-12-31,32676727.5838467,3.61725327901043,3.41395290244077,3.82949791408668,"FALSE","FALSE",2,"IncidentColorectalCancer",FALSE,"overall",TRUE,9,NA,5,"30;39","Both",365,2000-01-01,2019-12-31,NA,NA,"CPRDAurum"
1,"53",4204495,6095604407,576,2000-01-01,2019-12-31,16688855.3237509,3.45140507737677,3.17526308014286,3.74513300549612,"FALSE","FALSE",2,"IncidentColorectalCancer",FALSE,"overall",TRUE,7,NA,5,"30;39","Male",365,2000-01-01,2019-12-31,NA,NA,"CPRDAurum"
1,"54",11833233,31977655790,55510,2000-01-01,2019-12-31,87550050.0752909,63.4037330101613,62.8773705309043,63.9334061246829,"FALSE","FALSE",2,"IncidentColorectalCancer",FALSE,"overall",TRUE,1,NA,5,"18;150","Male",365,2000-01-01,2019-12-31,NA,NA,"CPRDAurum"
1,"55",4901840,5621083496,7,2000-01-01,2019-12-31,15389687.8740589,0.0454850030571401,0.0182873302860405,0.0937164904170246,"FALSE","FALSE",3,"IncidentEsophagealCancer",FALSE,"overall",TRUE,5,NA,5,"18;29","Female",365,2000-01-01,2019-12-31,NA,NA,"CPRDAurum"
1,"56",4172299,8225920084,7206,2000-01-01,2019-12-31,22521341.7768652,31.9963174103698,31.2617760489244,32.7437613383597,"FALSE","FALSE",3,"IncidentEsophagealCancer",FALSE,"overall",TRUE,18,NA,5,"60;69","Both",365,2000-01-01,2019-12-31,NA,NA,"CPRDAurum"
1,"57",12495407,32261602297,8688,2000-01-01,2019-12-31,88327453.2429843,9.83612646013891,9.63037145205202,10.0451701442423,"FALSE","FALSE",3,"IncidentEsophagealCancer",FALSE,"overall",TRUE,2,NA,5,"18;150","Female",365,2000-01-01,2019-12-31,NA,NA,"CPRDAurum"
1,"58",2097668,4092187446,5463,2000-01-01,2019-12-31,11203798.6201232,48.7602480661146,47.4757229556714,50.0707245471781,"FALSE","FALSE",3,"IncidentEsophagealCancer",FALSE,"overall",TRUE,16,NA,5,"60;69","Male",365,2000-01-01,2019-12-31,NA,NA,"CPRDAurum"
1,"59",5438895,10473595416,3538,2000-01-01,2019-12-31,28675141.4537988,12.3382128932142,11.9349689591843,12.7516075780501,"FALSE","FALSE",3,"IncidentEsophagealCancer",FALSE,"overall",TRUE,15,NA,5,"50;59","Both",365,2000-01-01,2019-12-31,NA,NA,"CPRDAurum"
1,"6",9238284,11666254000,492,2000-01-01,2019-12-31,31940462.696783,1.54036591351431,1.4072452986349,1.68268550459811,"FALSE","FALSE",1,"IncidentBreastCancer",FALSE,"overall",TRUE,6,NA,5,"18;29","Both",365,2000-01-01,2019-12-31,NA,NA,"CPRDAurum"
1,"60",9238463,11666658110,18,2000-01-01,2019-12-31,31941569.0896646,0.056352898473683,0.0333982990956176,0.0890618747866487,"FALSE","FALSE",3,"IncidentEsophagealCancer",FALSE,"overall",TRUE,6,NA,5,"18;29","Both",365,2000-01-01,2019-12-31,NA,NA,"CPRDAurum"
1,"61",465024,586559673,673,2000-01-01,2019-12-31,1605912.862423,41.9076287230541,38.800848410044,45.1969762249832,"FALSE","FALSE",3,"IncidentEsophagealCancer",FALSE,"overall",TRUE,26,NA,5,"90;150","Female",365,2000-01-01,2019-12-31,NA,NA,"CPRDAurum"
1,"62",6516103,12026055949,865,2000-01-01,2019-12-31,32925546.7460643,2.62713936588888,2.45495892839265,2.80821096200549,"FALSE","FALSE",3,"IncidentEsophagealCancer",FALSE,"overall",TRUE,12,NA,5,"40;49","Both",365,2000-01-01,2019-12-31,NA,NA,"CPRDAurum"
1,"63",667101,829764773,1179,2000-01-01,2019-12-31,2271772.13689254,51.8978105617892,48.977344379696,54.9469307965024,"FALSE","FALSE",3,"IncidentEsophagealCancer",FALSE,"overall",TRUE,27,NA,5,"90;150","Both",365,2000-01-01,2019-12-31,NA,NA,"CPRDAurum"
1,"64",1163569,1953608429,2544,2000-01-01,2019-12-31,5348688.37508556,47.5630625977403,45.7325897829526,49.4480100857436,"FALSE","FALSE",3,"IncidentEsophagealCancer",FALSE,"overall",TRUE,23,NA,5,"80;89","Female",365,2000-01-01,2019-12-31,NA,NA,"CPRDAurum"
1,"65",1952450,3233329555,6089,2000-01-01,2019-12-31,8852373.86721424,68.7838097592251,67.0668618070242,70.5335945745553,"FALSE","FALSE",3,"IncidentEsophagealCancer",FALSE,"overall",TRUE,24,NA,5,"80;89","Both",365,2000-01-01,2019-12-31,NA,NA,"CPRDAurum"
1,"66",3095248,5833167988,204,2000-01-01,2019-12-31,15970343.5674196,1.27736763544757,1.10808487395159,1.465198505102,"FALSE","FALSE",3,"IncidentEsophagealCancer",FALSE,"overall",TRUE,11,NA,5,"40;49","Female",365,2000-01-01,2019-12-31,NA,NA,"CPRDAurum"
1,"67",4087949,5840263376,35,2000-01-01,2019-12-31,15989769.6810404,0.218889957129906,0.152464875284767,0.304422942544322,"FALSE","FALSE",3,"IncidentEsophagealCancer",FALSE,"overall",TRUE,8,NA,5,"30;39","Female",365,2000-01-01,2019-12-31,NA,NA,"CPRDAurum"
1,"68",1470121,2767687916,6239,2000-01-01,2019-12-31,7577516.53935661,82.3356830380438,80.3051625728619,84.404562912095,"FALSE","FALSE",3,"IncidentEsophagealCancer",FALSE,"overall",TRUE,19,NA,5,"70;79","Male",365,2000-01-01,2019-12-31,NA,NA,"CPRDAurum"
1,"69",202077,243205100,506,2000-01-01,2019-12-31,665859.274469541,75.9920330618067,69.5141418011259,82.9110968711407,"FALSE","FALSE",3,"IncidentEsophagealCancer",FALSE,"overall",TRUE,25,NA,5,"90;150","Male",365,2000-01-01,2019-12-31,NA,NA,"CPRDAurum"
1,"7",452649,569020123,4806,2000-01-01,2019-12-31,1557892.19164955,308.493747241343,299.832973917906,317.341209545551,"FALSE","FALSE",1,"IncidentBreastCancer",FALSE,"overall",TRUE,26,NA,5,"90;150","Female",365,2000-01-01,2019-12-31,NA,NA,"CPRDAurum"
1,"70",4336623,6045574614,11,2000-01-01,2019-12-31,16551881.2156057,0.0664577026424572,0.0331754457134429,0.118911187537674,"FALSE","FALSE",3,"IncidentEsophagealCancer",FALSE,"overall",TRUE,4,NA,5,"18;29","Male",365,2000-01-01,2019-12-31,NA,NA,"CPRDAurum"
1,"71",3123109,5947582354,8863,2000-01-01,2019-12-31,16283593.0294319,54.4290193446895,53.3016949765804,55.5741819120599,"FALSE","FALSE",3,"IncidentEsophagealCancer",FALSE,"overall",TRUE,21,NA,5,"70;79","Both",365,2000-01-01,2019-12-31,NA,NA,"CPRDAurum"
1,"72",2641829,5113292259,858,2000-01-01,2019-12-31,13999431.2361396,6.1288204179686,5.72553538566145,6.55301770609415,"FALSE","FALSE",3,"IncidentEsophagealCancer",FALSE,"overall",TRUE,14,NA,5,"50;59","Female",365,2000-01-01,2019-12-31,NA,NA,"CPRDAurum"
1,"73",24338441,64339428324,27896,2000-01-01,2019-12-31,176151754.480493,15.836345248034,15.6510465657592,16.0232903336568,"FALSE","FALSE",3,"IncidentEsophagealCancer",FALSE,"overall",TRUE,3,NA,5,"18;150","Both",365,2000-01-01,2019-12-31,NA,NA,"CPRDAurum"
1,"74",2074631,4133732638,1743,2000-01-01,2019-12-31,11317543.156742,15.4008690389811,14.6862634406358,16.141254955228,"FALSE","FALSE",3,"IncidentEsophagealCancer",FALSE,"overall",TRUE,17,NA,5,"60;69","Female",365,2000-01-01,2019-12-31,NA,NA,"CPRDAurum"
1,"75",788881,1279721126,3545,2000-01-01,2019-12-31,3503685.49212868,101.179172844256,97.8756216770928,104.565800131197,"FALSE","FALSE",3,"IncidentEsophagealCancer",FALSE,"overall",TRUE,22,NA,5,"80;89","Male",365,2000-01-01,2019-12-31,NA,NA,"CPRDAurum"
1,"76",1652988,3179894438,2624,2000-01-01,2019-12-31,8706076.49007529,30.1398684354691,28.9975782253447,31.3156224422043,"FALSE","FALSE",3,"IncidentEsophagealCancer",FALSE,"overall",TRUE,20,NA,5,"70;79","Female",365,2000-01-01,2019-12-31,NA,NA,"CPRDAurum"
1,"77",2797066,5360303157,2680,2000-01-01,2019-12-31,14675710.2176591,18.2614671470903,17.5765642073948,18.9662204645662,"FALSE","FALSE",3,"IncidentEsophagealCancer",FALSE,"overall",TRUE,13,NA,5,"50;59","Male",365,2000-01-01,2019-12-31,NA,NA,"CPRDAurum"
1,"78",3420855,6192887961,661,2000-01-01,2019-12-31,16955203.1786448,3.89850828111889,3.60693535881205,4.20737505339645,"FALSE","FALSE",3,"IncidentEsophagealCancer",FALSE,"overall",TRUE,10,NA,5,"40;49","Male",365,2000-01-01,2019-12-31,NA,NA,"CPRDAurum"
1,"79",8292685,11936522083,138,2000-01-01,2019-12-31,32680416.3805613,0.422271241568648,0.354759591579224,0.498891231694016,"FALSE","FALSE",3,"IncidentEsophagealCancer",FALSE,"overall",TRUE,9,NA,5,"30;39","Both",365,2000-01-01,2019-12-31,NA,NA,"CPRDAurum"
1,"8",6505489,11983925204,22134,2000-01-01,2019-12-31,32810199.0527036,67.4607306235654,66.5748922551017,68.3554104095451,"FALSE","FALSE",1,"IncidentBreastCancer",FALSE,"overall",TRUE,12,NA,5,"40;49","Both",365,2000-01-01,2019-12-31,NA,NA,"CPRDAurum"
1,"80",4204736,6096258707,103,2000-01-01,2019-12-31,16690646.6995209,0.617112097897062,0.503706895594595,0.748427893154176,"FALSE","FALSE",3,"IncidentEsophagealCancer",FALSE,"overall",TRUE,7,NA,5,"30;39","Male",365,2000-01-01,2019-12-31,NA,NA,"CPRDAurum"
1,"81",11843034,32077826027,19208,2000-01-01,2019-12-31,87824301.2375086,21.870939739167,21.562723498779,22.1824595864464,"FALSE","FALSE",3,"IncidentEsophagealCancer",FALSE,"overall",TRUE,1,NA,5,"18;150","Male",365,2000-01-01,2019-12-31,NA,NA,"CPRDAurum"
1,"82",4901779,5620947720,64,2000-01-01,2019-12-31,15389316.1396304,0.41587293041039,0.320272831482811,0.531060447828631,"FALSE","FALSE",4,"IncidentHeadNeckCancer",FALSE,"overall",TRUE,5,NA,5,"18;29","Female",365,2000-01-01,2019-12-31,NA,NA,"CPRDAurum"
1,"83",4169219,8217330125,6297,2000-01-01,2019-12-31,22497823.7508556,27.9893738600407,27.3022808912818,28.6893864494661,"FALSE","FALSE",4,"IncidentHeadNeckCancer",FALSE,"overall",TRUE,18,NA,5,"60;69","Both",365,2000-01-01,2019-12-31,NA,NA,"CPRDAurum"
1,"84",12494627,32253212912,6424,2000-01-01,2019-12-31,88304484.3586584,7.27482873226258,7.09800696424658,7.45494196532996,"FALSE","FALSE",4,"IncidentHeadNeckCancer",FALSE,"overall",TRUE,2,NA,5,"18;150","Female",365,2000-01-01,2019-12-31,NA,NA,"CPRDAurum"
1,"85",2095415,4085919804,4622,2000-01-01,2019-12-31,11186638.75154,41.3171472026278,40.134494752,42.5258011233122,"FALSE","FALSE",4,"IncidentHeadNeckCancer",FALSE,"overall",TRUE,16,NA,5,"60;69","Male",365,2000-01-01,2019-12-31,NA,NA,"CPRDAurum"
1,"86",5436937,10466613497,5236,2000-01-01,2019-12-31,28656026.0013689,18.271898551983,17.7802955316852,18.7736489058826,"FALSE","FALSE",4,"IncidentHeadNeckCancer",FALSE,"overall",TRUE,15,NA,5,"50;59","Both",365,2000-01-01,2019-12-31,NA,NA,"CPRDAurum"
1,"87",9238341,11666356284,129,2000-01-01,2019-12-31,31940742.7351129,0.403872887583758,0.337189493728927,0.479884259041131,"FALSE","FALSE",4,"IncidentHeadNeckCancer",FALSE,"overall",TRUE,6,NA,5,"18;29","Both",365,2000-01-01,2019-12-31,NA,NA,"CPRDAurum"
1,"88",464900,586378806,200,2000-01-01,2019-12-31,1605417.67556468,12.4578172424602,10.7910162768404,14.3091723208198,"FALSE","FALSE",4,"IncidentHeadNeckCancer",FALSE,"overall",TRUE,26,NA,5,"90;150","Female",365,2000-01-01,2019-12-31,NA,NA,"CPRDAurum"
1,"89",6515382,12023409955,1957,2000-01-01,2019-12-31,32918302.4093087,5.94502102710678,5.68451589388615,6.21438562979055,"FALSE","FALSE",4,"IncidentHeadNeckCancer",FALSE,"overall",TRUE,12,NA,5,"40;49","Both",365,2000-01-01,2019-12-31,NA,NA,"CPRDAurum"
1,"9",654895,812443715,4837,2000-01-01,2019-12-31,2224349.66461328,217.456817916303,211.371307501479,223.673079710528,"FALSE","FALSE",1,"IncidentBreastCancer",FALSE,"overall",TRUE,27,NA,5,"90;150","Both",365,2000-01-01,2019-12-31,NA,NA,"CPRDAurum"
1,"90",666711,829277029,406,2000-01-01,2019-12-31,2270436.76659822,17.8820219075428,16.1846980534245,19.7089501985046,"FALSE","FALSE",4,"IncidentHeadNeckCancer",FALSE,"overall",TRUE,27,NA,5,"90;150","Both",365,2000-01-01,2019-12-31,NA,NA,"CPRDAurum"
1,"91",1163292,1952870340,854,2000-01-01,2019-12-31,5346667.59753593,15.9725657976863,14.9191317486462,17.0807568386635,"FALSE","FALSE",4,"IncidentHeadNeckCancer",FALSE,"overall",TRUE,23,NA,5,"80;89","Female",365,2000-01-01,2019-12-31,NA,NA,"CPRDAurum"
1,"92",1951284,3230734459,2231,2000-01-01,2019-12-31,8845268.88158795,25.222523247925,24.1866573601921,26.2913445040832,"FALSE","FALSE",4,"IncidentHeadNeckCancer",FALSE,"overall",TRUE,24,NA,5,"80;89","Both",365,2000-01-01,2019-12-31,NA,NA,"CPRDAurum"
1,"93",3094969,5832126687,632,2000-01-01,2019-12-31,15967492.6406571,3.95804159252139,3.65543398597655,4.27901815700321,"FALSE","FALSE",4,"IncidentHeadNeckCancer",FALSE,"overall",TRUE,11,NA,5,"40;49","Female",365,2000-01-01,2019-12-31,NA,NA,"CPRDAurum"
1,"94",4087813,5839866724,212,2000-01-01,2019-12-31,15988683.70705,1.32593779378175,1.15344782214183,1.51694659941391,"FALSE","FALSE",4,"IncidentHeadNeckCancer",FALSE,"overall",TRUE,8,NA,5,"30;39","Female",365,2000-01-01,2019-12-31,NA,NA,"CPRDAurum"
1,"95",1468230,2763744965,3226,2000-01-01,2019-12-31,7566721.32785763,42.6340532473842,41.1754075613181,44.1311768489834,"FALSE","FALSE",4,"IncidentHeadNeckCancer",FALSE,"overall",TRUE,19,NA,5,"70;79","Male",365,2000-01-01,2019-12-31,NA,NA,"CPRDAurum"
1,"96",201811,242898223,206,2000-01-01,2019-12-31,665019.091033539,30.9765543241541,26.8906589911293,35.5078308531764,"FALSE","FALSE",4,"IncidentHeadNeckCancer",FALSE,"overall",TRUE,25,NA,5,"90;150","Male",365,2000-01-01,2019-12-31,NA,NA,"CPRDAurum"
1,"97",4336562,6045408564,65,2000-01-01,2019-12-31,16551426.5954825,0.3927153929906,0.30308944935856,0.500548006166934,"FALSE","FALSE",4,"IncidentHeadNeckCancer",FALSE,"overall",TRUE,4,NA,5,"18;29","Male",365,2000-01-01,2019-12-31,NA,NA,"CPRDAurum"
1,"98",3120550,5942058141,4630,2000-01-01,2019-12-31,16268468.5585216,28.4599621860213,27.6460298474818,29.2917737619855,"FALSE","FALSE",4,"IncidentHeadNeckCancer",FALSE,"overall",TRUE,21,NA,5,"70;79","Both",365,2000-01-01,2019-12-31,NA,NA,"CPRDAurum"
1,"99",2641243,5111299138,1383,2000-01-01,2019-12-31,13993974.3682409,9.88282501887879,9.36876947400071,10.4177506600004,"FALSE","FALSE",4,"IncidentHeadNeckCancer",FALSE,"overall",TRUE,14,NA,5,"50;59","Female",365,2000-01-01,2019-12-31,NA,NA,"CPRDAurum"
